0 verbose cli /opt/homebrew/Cellar/node/25.5.0/bin/node /opt/homebrew/bin/npm
1 info using npm@11.8.0
2 info using node@v25.5.0
3 silly config load:file:/opt/homebrew/lib/node_modules/npm/npmrc
4 silly config load:file:/Users/jason/.openclaw/workspace/lumos/web/.npmrc
5 silly config load:file:/Users/jason/.npmrc
6 silly config load:file:/opt/homebrew/etc/npmrc
7 verbose title npm install
8 verbose argv "install"
9 verbose logfile logs-max:10 dir:/Users/jason/.openclaw/workspace/lumos/.npm-cache/_logs/2026-02-12T07_50_42_145Z-
10 verbose logfile /Users/jason/.openclaw/workspace/lumos/.npm-cache/_logs/2026-02-12T07_50_42_145Z-debug-0.log
11 silly logfile done cleaning log files
12 silly packumentCache heap:4496293888 maxSize:1124073472 maxEntrySize:562036736
13 silly idealTree buildDeps
14 silly fetch manifest next@16.1.6
15 silly packumentCache full:https://registry.npmmirror.com/next cache-miss
16 http fetch GET 200 https://registry.npmmirror.com/next 12512ms (cache miss)
17 silly packumentCache full:https://registry.npmmirror.com/next set size:3146977 disposed:false
18 silly fetch manifest @opentelemetry/api@^1.1.0
19 silly packumentCache full:https://registry.npmmirror.com/@opentelemetry%2fapi cache-miss
20 http fetch GET 200 https://registry.npmmirror.com/@opentelemetry%2fapi 582ms (cache miss)
21 silly packumentCache full:https://registry.npmmirror.com/@opentelemetry%2fapi set size:33848 disposed:false
22 silly fetch manifest @playwright/test@^1.51.1
23 silly packumentCache full:https://registry.npmmirror.com/@playwright%2ftest cache-miss
24 http fetch GET 200 https://registry.npmmirror.com/@playwright%2ftest 12524ms (cache miss)
25 silly packumentCache full:https://registry.npmmirror.com/@playwright%2ftest set size:1651066 disposed:false
26 silly fetch manifest babel-plugin-react-compiler@*
27 silly packumentCache full:https://registry.npmmirror.com/babel-plugin-react-compiler cache-miss
28 http fetch GET 200 https://registry.npmmirror.com/babel-plugin-react-compiler 567ms (cache miss)
29 silly packumentCache full:https://registry.npmmirror.com/babel-plugin-react-compiler set size:157366 disposed:false
30 silly fetch manifest react@19.2.3
31 silly packumentCache full:https://registry.npmmirror.com/react cache-miss
32 http fetch GET 200 https://registry.npmmirror.com/react 2202ms (cache miss)
33 silly packumentCache full:https://registry.npmmirror.com/react set size:1181917 disposed:false
34 silly fetch manifest react-dom@19.2.3
35 silly packumentCache full:https://registry.npmmirror.com/react-dom cache-miss
36 http fetch GET 200 https://registry.npmmirror.com/react-dom 2734ms (cache miss)
37 silly packumentCache full:https://registry.npmmirror.com/react-dom set size:1340990 disposed:false
38 silly fetch manifest sass@^1.3.0
39 silly packumentCache full:https://registry.npmmirror.com/sass cache-miss
40 http fetch GET 200 https://registry.npmmirror.com/sass 697ms (cache miss)
41 silly packumentCache full:https://registry.npmmirror.com/sass set size:124941 disposed:false
42 silly fetch manifest @tailwindcss/postcss@^4
43 silly packumentCache full:https://registry.npmmirror.com/@tailwindcss%2fpostcss cache-miss
44 http fetch GET 200 https://registry.npmmirror.com/@tailwindcss%2fpostcss 928ms (cache miss)
45 silly packumentCache full:https://registry.npmmirror.com/@tailwindcss%2fpostcss set size:288329 disposed:false
46 silly fetch manifest @types/node@^20
47 silly packumentCache full:https://registry.npmmirror.com/@types%2fnode cache-miss
48 http fetch GET 200 https://registry.npmmirror.com/@types%2fnode 1997ms (cache miss)
49 silly packumentCache full:https://registry.npmmirror.com/@types%2fnode set size:1136856 disposed:false
50 silly fetch manifest @types/react@^19
51 silly packumentCache full:https://registry.npmmirror.com/@types%2freact cache-miss
52 http fetch GET 200 https://registry.npmmirror.com/@types%2freact 986ms (cache miss)
53 silly packumentCache full:https://registry.npmmirror.com/@types%2freact set size:331315 disposed:false
54 silly fetch manifest @types/react-dom@^19
55 silly packumentCache full:https://registry.npmmirror.com/@types%2freact-dom cache-miss
56 http fetch GET 200 https://registry.npmmirror.com/@types%2freact-dom 609ms (cache miss)
57 silly packumentCache full:https://registry.npmmirror.com/@types%2freact-dom set size:82926 disposed:false
58 silly fetch manifest eslint@^9
59 silly packumentCache full:https://registry.npmmirror.com/eslint cache-miss
60 http fetch GET 200 https://registry.npmmirror.com/eslint 825ms (cache miss)
61 silly packumentCache full:https://registry.npmmirror.com/eslint set size:216803 disposed:false
62 silly fetch manifest jiti@*
63 silly packumentCache full:https://registry.npmmirror.com/jiti cache-miss
64 http fetch GET 200 https://registry.npmmirror.com/jiti 334ms (cache miss)
65 silly packumentCache full:https://registry.npmmirror.com/jiti set size:60368 disposed:false
66 silly fetch manifest eslint-config-next@16.1.6
67 silly packumentCache full:https://registry.npmmirror.com/eslint-config-next cache-miss
68 http fetch GET 200 https://registry.npmmirror.com/eslint-config-next 1808ms (cache miss)
69 silly packumentCache full:https://registry.npmmirror.com/eslint-config-next set size:1149497 disposed:false
70 silly fetch manifest typescript@^5
71 silly packumentCache full:https://registry.npmmirror.com/typescript cache-miss
72 http fetch GET 200 https://registry.npmmirror.com/typescript 2299ms (cache miss)
73 silly packumentCache full:https://registry.npmmirror.com/typescript set size:1667849 disposed:false
74 silly fetch manifest tailwindcss@^4
75 silly packumentCache full:https://registry.npmmirror.com/tailwindcss cache-miss
76 http fetch GET 200 https://registry.npmmirror.com/tailwindcss 1534ms (cache miss)
77 silly packumentCache full:https://registry.npmmirror.com/tailwindcss set size:1605802 disposed:false
78 silly placeDep ROOT @tailwindcss/postcss@4.1.18 OK for: web@0.1.0 want: ^4
79 silly placeDep ROOT @types/node@20.19.33 OK for: web@0.1.0 want: ^20
80 silly placeDep ROOT @types/react@19.2.14 OK for: web@0.1.0 want: ^19
81 silly placeDep ROOT @types/react-dom@19.2.3 OK for: web@0.1.0 want: ^19
82 silly placeDep ROOT eslint@9.39.2 OK for: web@0.1.0 want: ^9
83 silly placeDep ROOT eslint-config-next@16.1.6 OK for: web@0.1.0 want: 16.1.6
84 silly placeDep ROOT next@16.1.6 OK for: web@0.1.0 want: 16.1.6
85 silly placeDep ROOT react@19.2.3 OK for: next@16.1.6 want: ^18.2.0 || 19.0.0-rc-de68d2f4-20241204 || ^19.0.0
86 silly placeDep ROOT react-dom@19.2.3 OK for: next@16.1.6 want: ^18.2.0 || 19.0.0-rc-de68d2f4-20241204 || ^19.0.0
87 silly placeDep ROOT tailwindcss@4.1.18 OK for: web@0.1.0 want: ^4
88 silly placeDep ROOT typescript@5.9.3 OK for: web@0.1.0 want: ^5
89 silly fetch manifest @alloc/quick-lru@^5.2.0
90 silly packumentCache full:https://registry.npmmirror.com/@alloc%2fquick-lru cache-miss
91 silly fetch manifest postcss@^8.4.41
92 silly packumentCache full:https://registry.npmmirror.com/postcss cache-miss
93 silly fetch manifest @tailwindcss/node@4.1.18
94 silly packumentCache full:https://registry.npmmirror.com/@tailwindcss%2fnode cache-miss
95 silly fetch manifest @tailwindcss/oxide@4.1.18
96 silly packumentCache full:https://registry.npmmirror.com/@tailwindcss%2foxide cache-miss
97 silly fetch manifest tailwindcss@4.1.18
98 silly packumentCache full:https://registry.npmmirror.com/tailwindcss cache-miss
99 silly fetch manifest undici-types@~6.21.0
100 silly packumentCache full:https://registry.npmmirror.com/undici-types cache-miss
101 silly fetch manifest csstype@^3.2.2
102 silly packumentCache full:https://registry.npmmirror.com/csstype cache-miss
103 http cache https://registry.npmmirror.com/tailwindcss 24ms (cache hit)
104 silly packumentCache full:https://registry.npmmirror.com/tailwindcss set size:10143788 disposed:false
105 silly fetch manifest @eslint-community/eslint-utils@^4.8.0
106 silly packumentCache full:https://registry.npmmirror.com/@eslint-community%2feslint-utils cache-miss
107 http fetch GET 200 https://registry.npmmirror.com/@alloc%2fquick-lru 503ms (cache miss)
108 silly packumentCache full:https://registry.npmmirror.com/@alloc%2fquick-lru set size:2827 disposed:false
109 silly fetch manifest @eslint-community/regexpp@^4.12.1
110 silly packumentCache full:https://registry.npmmirror.com/@eslint-community%2fregexpp cache-miss
111 http fetch GET 200 https://registry.npmmirror.com/@eslint-community%2fregexpp 513ms (cache miss)
112 silly packumentCache full:https://registry.npmmirror.com/@eslint-community%2fregexpp set size:20792 disposed:false
113 silly fetch manifest @eslint/config-array@^0.21.1
114 silly packumentCache full:https://registry.npmmirror.com/@eslint%2fconfig-array cache-miss
115 http fetch GET 200 https://registry.npmmirror.com/csstype 1506ms (cache miss)
116 silly packumentCache full:https://registry.npmmirror.com/csstype set size:41498 disposed:false
117 silly fetch manifest @eslint/config-helpers@^0.4.2
118 silly packumentCache full:https://registry.npmmirror.com/@eslint%2fconfig-helpers cache-miss
119 http fetch GET 200 https://registry.npmmirror.com/undici-types 1562ms (cache miss)
120 silly packumentCache full:https://registry.npmmirror.com/undici-types set size:32677 disposed:false
121 silly fetch manifest @eslint/core@^0.17.0
122 silly packumentCache full:https://registry.npmmirror.com/@eslint%2fcore cache-miss
123 http fetch GET 200 https://registry.npmmirror.com/@eslint-community%2feslint-utils 1584ms (cache miss)
124 silly packumentCache full:https://registry.npmmirror.com/@eslint-community%2feslint-utils set size:21363 disposed:false
125 silly fetch manifest @eslint/eslintrc@^3.3.1
126 silly packumentCache full:https://registry.npmmirror.com/@eslint%2feslintrc cache-miss
127 http fetch GET 200 https://registry.npmmirror.com/postcss 1686ms (cache miss)
128 silly packumentCache full:https://registry.npmmirror.com/postcss set size:94454 disposed:false
129 silly fetch manifest @eslint/js@9.39.2
130 silly packumentCache full:https://registry.npmmirror.com/@eslint%2fjs cache-miss
131 http fetch GET 200 https://registry.npmmirror.com/@eslint%2fconfig-array 922ms (cache miss)
132 silly packumentCache full:https://registry.npmmirror.com/@eslint%2fconfig-array set size:14093 disposed:false
133 silly fetch manifest @eslint/plugin-kit@^0.4.1
134 silly packumentCache full:https://registry.npmmirror.com/@eslint%2fplugin-kit cache-miss
135 http fetch GET 200 https://registry.npmmirror.com/@eslint%2fconfig-helpers 551ms (cache miss)
136 silly packumentCache full:https://registry.npmmirror.com/@eslint%2fconfig-helpers set size:7999 disposed:false
137 silly fetch manifest @humanfs/node@^0.16.6
138 silly packumentCache full:https://registry.npmmirror.com/@humanfs%2fnode cache-miss
139 http fetch GET 200 https://registry.npmmirror.com/@eslint%2fcore 531ms (cache miss)
140 silly packumentCache full:https://registry.npmmirror.com/@eslint%2fcore set size:11078 disposed:false
141 silly fetch manifest @humanwhocodes/module-importer@^1.0.1
142 silly packumentCache full:https://registry.npmmirror.com/@humanwhocodes%2fmodule-importer cache-miss
143 http fetch GET 200 https://registry.npmmirror.com/@eslint%2feslintrc 627ms (cache miss)
144 silly packumentCache full:https://registry.npmmirror.com/@eslint%2feslintrc set size:30699 disposed:false
145 silly fetch manifest @humanwhocodes/retry@^0.4.2
146 silly packumentCache full:https://registry.npmmirror.com/@humanwhocodes%2fretry cache-miss
147 http fetch GET 200 https://registry.npmmirror.com/@eslint%2fjs 578ms (cache miss)
148 silly packumentCache full:https://registry.npmmirror.com/@eslint%2fjs set size:34972 disposed:false
149 silly fetch manifest @types/estree@^1.0.6
150 silly packumentCache full:https://registry.npmmirror.com/@types%2festree cache-miss
151 http fetch GET 200 https://registry.npmmirror.com/@eslint%2fplugin-kit 486ms (cache miss)
152 silly packumentCache full:https://registry.npmmirror.com/@eslint%2fplugin-kit set size:13665 disposed:false
153 silly fetch manifest ajv@^6.12.4
154 silly packumentCache full:https://registry.npmmirror.com/ajv cache-miss
155 http fetch GET 200 https://registry.npmmirror.com/@types%2festree 300ms (cache miss)
156 silly packumentCache full:https://registry.npmmirror.com/@types%2festree set size:16110 disposed:false
157 silly fetch manifest chalk@^4.0.0
158 silly packumentCache full:https://registry.npmmirror.com/chalk cache-miss
159 http fetch GET 200 https://registry.npmmirror.com/@humanwhocodes%2fmodule-importer 544ms (cache miss)
160 silly packumentCache full:https://registry.npmmirror.com/@humanwhocodes%2fmodule-importer set size:4138 disposed:false
161 silly fetch manifest cross-spawn@^7.0.6
162 silly packumentCache full:https://registry.npmmirror.com/cross-spawn cache-miss
163 http fetch GET 200 https://registry.npmmirror.com/ajv 357ms (cache miss)
164 silly packumentCache full:https://registry.npmmirror.com/ajv set size:127300 disposed:false
165 silly fetch manifest debug@^4.3.2
166 silly packumentCache full:https://registry.npmmirror.com/debug cache-miss
167 http fetch GET 200 https://registry.npmmirror.com/@humanwhocodes%2fretry 536ms (cache miss)
168 silly packumentCache full:https://registry.npmmirror.com/@humanwhocodes%2fretry set size:8711 disposed:false
169 silly fetch manifest escape-string-regexp@^4.0.0
170 silly packumentCache full:https://registry.npmmirror.com/escape-string-regexp cache-miss
171 http fetch GET 200 https://registry.npmmirror.com/@tailwindcss%2fnode 2958ms (cache miss)
172 silly packumentCache full:https://registry.npmmirror.com/@tailwindcss%2fnode set size:263258 disposed:false
173 silly fetch manifest eslint-scope@^8.4.0
174 silly packumentCache full:https://registry.npmmirror.com/eslint-scope cache-miss
175 http fetch GET 200 https://registry.npmmirror.com/cross-spawn 332ms (cache miss)
176 silly packumentCache full:https://registry.npmmirror.com/cross-spawn set size:19398 disposed:false
177 silly fetch manifest eslint-visitor-keys@^4.2.1
178 silly packumentCache full:https://registry.npmmirror.com/eslint-visitor-keys cache-miss
179 http fetch GET 200 https://registry.npmmirror.com/@humanfs%2fnode 1029ms (cache miss)
180 silly packumentCache full:https://registry.npmmirror.com/@humanfs%2fnode set size:8729 disposed:false
181 silly fetch manifest espree@^10.4.0
182 silly packumentCache full:https://registry.npmmirror.com/espree cache-miss
183 http fetch GET 200 https://registry.npmmirror.com/debug 302ms (cache miss)
184 silly packumentCache full:https://registry.npmmirror.com/debug set size:32036 disposed:false
185 silly fetch manifest esquery@^1.5.0
186 silly packumentCache full:https://registry.npmmirror.com/esquery cache-miss
187 http fetch GET 200 https://registry.npmmirror.com/escape-string-regexp 303ms (cache miss)
188 silly packumentCache full:https://registry.npmmirror.com/escape-string-regexp set size:4070 disposed:false
189 silly fetch manifest esutils@^2.0.2
190 silly packumentCache full:https://registry.npmmirror.com/esutils cache-miss
191 http fetch GET 200 https://registry.npmmirror.com/chalk 530ms (cache miss)
192 silly packumentCache full:https://registry.npmmirror.com/chalk set size:24910 disposed:false
193 silly fetch manifest fast-deep-equal@^3.1.3
194 silly packumentCache full:https://registry.npmmirror.com/fast-deep-equal cache-miss
195 http fetch GET 200 https://registry.npmmirror.com/fast-deep-equal 290ms (cache miss)
196 silly packumentCache full:https://registry.npmmirror.com/fast-deep-equal set size:6487 disposed:false
197 silly fetch manifest file-entry-cache@^8.0.0
198 silly packumentCache full:https://registry.npmmirror.com/file-entry-cache cache-miss
199 http fetch GET 200 https://registry.npmmirror.com/esutils 303ms (cache miss)
200 silly packumentCache full:https://registry.npmmirror.com/esutils set size:6036 disposed:false
201 silly fetch manifest find-up@^5.0.0
202 silly packumentCache full:https://registry.npmmirror.com/find-up cache-miss
203 http fetch GET 200 https://registry.npmmirror.com/eslint-visitor-keys 578ms (cache miss)
204 silly packumentCache full:https://registry.npmmirror.com/eslint-visitor-keys set size:13555 disposed:false
205 silly fetch manifest glob-parent@^6.0.2
206 silly packumentCache full:https://registry.npmmirror.com/glob-parent cache-miss
207 http fetch GET 200 https://registry.npmmirror.com/esquery 551ms (cache miss)
208 silly packumentCache full:https://registry.npmmirror.com/esquery set size:9091 disposed:false
209 silly fetch manifest ignore@^5.2.0
210 silly packumentCache full:https://registry.npmmirror.com/ignore cache-miss
211 http fetch GET 200 https://registry.npmmirror.com/espree 614ms (cache miss)
212 silly packumentCache full:https://registry.npmmirror.com/espree set size:48586 disposed:false
213 silly fetch manifest imurmurhash@^0.1.4
214 silly packumentCache full:https://registry.npmmirror.com/imurmurhash cache-miss
215 http fetch GET 200 https://registry.npmmirror.com/@tailwindcss%2foxide 3744ms (cache miss)
216 silly packumentCache full:https://registry.npmmirror.com/@tailwindcss%2foxide set size:613649 disposed:false
217 silly fetch manifest is-glob@^4.0.0
218 silly packumentCache full:https://registry.npmmirror.com/is-glob cache-miss
219 http fetch GET 200 https://registry.npmmirror.com/eslint-scope 801ms (cache miss)
220 silly packumentCache full:https://registry.npmmirror.com/eslint-scope set size:19454 disposed:false
221 silly fetch manifest json-stable-stringify-without-jsonify@^1.0.1
222 silly packumentCache full:https://registry.npmmirror.com/json-stable-stringify-without-jsonify cache-miss
223 http fetch GET 200 https://registry.npmmirror.com/find-up 541ms (cache miss)
224 silly packumentCache full:https://registry.npmmirror.com/find-up set size:8955 disposed:false
225 silly fetch manifest lodash.merge@^4.6.2
226 silly packumentCache full:https://registry.npmmirror.com/lodash.merge cache-miss
227 http fetch GET 200 https://registry.npmmirror.com/is-glob 314ms (cache miss)
228 silly packumentCache full:https://registry.npmmirror.com/is-glob set size:7964 disposed:false
229 silly fetch manifest minimatch@^3.1.2
230 silly packumentCache full:https://registry.npmmirror.com/minimatch cache-miss
231 http fetch GET 200 https://registry.npmmirror.com/ignore 524ms (cache miss)
232 silly packumentCache full:https://registry.npmmirror.com/ignore set size:40742 disposed:false
233 silly fetch manifest natural-compare@^1.4.0
234 silly packumentCache full:https://registry.npmmirror.com/natural-compare cache-miss
235 http fetch GET 200 https://registry.npmmirror.com/imurmurhash 511ms (cache miss)
236 silly packumentCache full:https://registry.npmmirror.com/imurmurhash set size:3727 disposed:false
237 silly fetch manifest optionator@^0.9.3
238 silly packumentCache full:https://registry.npmmirror.com/optionator cache-miss
239 http fetch GET 200 https://registry.npmmirror.com/json-stable-stringify-without-jsonify 514ms (cache miss)
240 silly packumentCache full:https://registry.npmmirror.com/json-stable-stringify-without-jsonify set size:2302 disposed:false
241 silly fetch manifest @next/eslint-plugin-next@16.1.6
242 silly packumentCache full:https://registry.npmmirror.com/@next%2feslint-plugin-next cache-miss
243 http fetch GET 200 https://registry.npmmirror.com/lodash.merge 333ms (cache miss)
244 silly packumentCache full:https://registry.npmmirror.com/lodash.merge set size:10640 disposed:false
245 silly fetch manifest eslint-import-resolver-node@^0.3.6
246 silly packumentCache full:https://registry.npmmirror.com/eslint-import-resolver-node cache-miss
247 http fetch GET 200 https://registry.npmmirror.com/file-entry-cache 997ms (cache miss)
248 silly packumentCache full:https://registry.npmmirror.com/file-entry-cache set size:28953 disposed:false
249 silly fetch manifest eslint-import-resolver-typescript@^3.5.2
250 silly packumentCache full:https://registry.npmmirror.com/eslint-import-resolver-typescript cache-miss
251 http fetch GET 200 https://registry.npmmirror.com/minimatch 551ms (cache miss)
252 silly packumentCache full:https://registry.npmmirror.com/minimatch set size:83121 disposed:false
253 silly fetch manifest eslint-plugin-import@^2.32.0
254 silly packumentCache full:https://registry.npmmirror.com/eslint-plugin-import cache-miss
255 http fetch GET 200 https://registry.npmmirror.com/natural-compare 500ms (cache miss)
256 silly packumentCache full:https://registry.npmmirror.com/natural-compare set size:3164 disposed:false
257 silly fetch manifest eslint-plugin-jsx-a11y@^6.10.0
258 silly packumentCache full:https://registry.npmmirror.com/eslint-plugin-jsx-a11y cache-miss
259 http fetch GET 200 https://registry.npmmirror.com/eslint-import-resolver-node 538ms (cache miss)
260 silly packumentCache full:https://registry.npmmirror.com/eslint-import-resolver-node set size:7037 disposed:false
261 silly fetch manifest eslint-plugin-react@^7.37.0
262 silly packumentCache full:https://registry.npmmirror.com/eslint-plugin-react cache-miss
263 http fetch GET 200 https://registry.npmmirror.com/optionator 696ms (cache miss)
264 silly packumentCache full:https://registry.npmmirror.com/optionator set size:12261 disposed:false
265 silly fetch manifest eslint-plugin-react-hooks@^7.0.0
266 silly packumentCache full:https://registry.npmmirror.com/eslint-plugin-react-hooks cache-miss
267 http fetch GET 200 https://registry.npmmirror.com/glob-parent 1402ms (cache miss)
268 silly packumentCache full:https://registry.npmmirror.com/glob-parent set size:7508 disposed:false
269 silly fetch manifest globals@16.4.0
270 silly packumentCache full:https://registry.npmmirror.com/globals cache-miss
271 http fetch GET 200 https://registry.npmmirror.com/eslint-import-resolver-typescript 599ms (cache miss)
272 silly packumentCache full:https://registry.npmmirror.com/eslint-import-resolver-typescript set size:61592 disposed:false
273 silly fetch manifest typescript-eslint@^8.46.0
274 silly packumentCache full:https://registry.npmmirror.com/typescript-eslint cache-miss
275 http fetch GET 200 https://registry.npmmirror.com/eslint-plugin-jsx-a11y 514ms (cache miss)
276 silly packumentCache full:https://registry.npmmirror.com/eslint-plugin-jsx-a11y set size:43045 disposed:false
277 silly fetch manifest postcss@8.4.31
278 silly packumentCache full:https://registry.npmmirror.com/postcss cache-hit
279 silly fetch manifest @next/env@16.1.6
280 silly packumentCache full:https://registry.npmmirror.com/@next%2fenv cache-miss
281 http fetch GET 200 https://registry.npmmirror.com/eslint-plugin-import 719ms (cache miss)
282 silly packumentCache full:https://registry.npmmirror.com/eslint-plugin-import set size:66597 disposed:false
283 silly fetch manifest styled-jsx@5.1.6
284 silly packumentCache full:https://registry.npmmirror.com/styled-jsx cache-miss
285 http fetch GET 200 https://registry.npmmirror.com/globals 617ms (cache miss)
286 silly packumentCache full:https://registry.npmmirror.com/globals set size:48329 disposed:false
287 silly fetch manifest @swc/helpers@0.5.15
288 silly packumentCache full:https://registry.npmmirror.com/@swc%2fhelpers cache-miss
289 http fetch GET 200 https://registry.npmmirror.com/eslint-plugin-react 819ms (cache miss)
290 silly packumentCache full:https://registry.npmmirror.com/eslint-plugin-react set size:95329 disposed:false
291 silly fetch manifest caniuse-lite@^1.0.30001579
292 silly packumentCache full:https://registry.npmmirror.com/caniuse-lite cache-miss
293 http fetch GET 200 https://registry.npmmirror.com/typescript-eslint 1010ms (cache miss)
294 silly packumentCache full:https://registry.npmmirror.com/typescript-eslint set size:489433 disposed:false
295 silly fetch manifest baseline-browser-mapping@^2.8.3
296 silly packumentCache full:https://registry.npmmirror.com/baseline-browser-mapping cache-miss
297 http fetch GET 200 https://registry.npmmirror.com/@swc%2fhelpers 478ms (cache miss)
298 silly packumentCache full:https://registry.npmmirror.com/@swc%2fhelpers set size:98917 disposed:false
299 silly fetch manifest sharp@^0.34.4
300 silly packumentCache full:https://registry.npmmirror.com/sharp cache-miss
301 http fetch GET 200 https://registry.npmmirror.com/styled-jsx 717ms (cache miss)
302 silly packumentCache full:https://registry.npmmirror.com/styled-jsx set size:65585 disposed:false
303 silly fetch manifest @next/swc-darwin-x64@16.1.6
304 silly packumentCache full:https://registry.npmmirror.com/@next%2fswc-darwin-x64 cache-miss
305 http fetch GET 200 https://registry.npmmirror.com/baseline-browser-mapping 305ms (cache miss)
306 silly packumentCache full:https://registry.npmmirror.com/baseline-browser-mapping set size:55521 disposed:false
307 silly fetch manifest @next/swc-darwin-arm64@16.1.6
308 silly packumentCache full:https://registry.npmmirror.com/@next%2fswc-darwin-arm64 cache-miss
309 http fetch GET 200 https://registry.npmmirror.com/@next%2feslint-plugin-next 2120ms (cache miss)
310 silly packumentCache full:https://registry.npmmirror.com/@next%2feslint-plugin-next set size:1188539 disposed:false
311 silly fetch manifest @next/swc-linux-x64-gnu@16.1.6
312 silly packumentCache full:https://registry.npmmirror.com/@next%2fswc-linux-x64-gnu cache-miss
313 http fetch GET 200 https://registry.npmmirror.com/sharp 403ms (cache miss)
314 silly packumentCache full:https://registry.npmmirror.com/sharp set size:120161 disposed:false
315 silly fetch manifest @next/swc-linux-x64-musl@16.1.6
316 silly packumentCache full:https://registry.npmmirror.com/@next%2fswc-linux-x64-musl cache-miss
317 http fetch GET 200 https://registry.npmmirror.com/caniuse-lite 1029ms (cache miss)
318 silly packumentCache full:https://registry.npmmirror.com/caniuse-lite set size:358636 disposed:false
319 silly fetch manifest @next/swc-win32-x64-msvc@16.1.6
320 silly packumentCache full:https://registry.npmmirror.com/@next%2fswc-win32-x64-msvc cache-miss
321 http fetch GET 200 https://registry.npmmirror.com/eslint-plugin-react-hooks 2253ms (cache miss)
322 silly packumentCache full:https://registry.npmmirror.com/eslint-plugin-react-hooks set size:1163219 disposed:false
323 silly fetch manifest @next/swc-linux-arm64-gnu@16.1.6
324 silly packumentCache full:https://registry.npmmirror.com/@next%2fswc-linux-arm64-gnu cache-miss
325 http fetch GET 200 https://registry.npmmirror.com/@next%2fswc-darwin-arm64 1074ms (cache miss)
326 silly packumentCache full:https://registry.npmmirror.com/@next%2fswc-darwin-arm64 set size:1085003 disposed:false
327 silly fetch manifest @next/swc-linux-arm64-musl@16.1.6
328 silly packumentCache full:https://registry.npmmirror.com/@next%2fswc-linux-arm64-musl cache-miss
329 http fetch GET 200 https://registry.npmmirror.com/@next%2fenv 2915ms (cache miss)
330 silly packumentCache full:https://registry.npmmirror.com/@next%2fenv set size:1184797 disposed:false
331 silly fetch manifest @next/swc-win32-arm64-msvc@16.1.6
332 silly packumentCache full:https://registry.npmmirror.com/@next%2fswc-win32-arm64-msvc cache-miss
333 http fetch GET 200 https://registry.npmmirror.com/@next%2fswc-linux-arm64-musl 721ms (cache miss)
334 silly packumentCache full:https://registry.npmmirror.com/@next%2fswc-linux-arm64-musl set size:1058053 disposed:false
335 silly fetch manifest scheduler@^0.27.0
336 silly packumentCache full:https://registry.npmmirror.com/scheduler cache-miss
337 http fetch GET 200 https://registry.npmmirror.com/@next%2fswc-linux-x64-musl 1926ms (cache miss)
338 silly packumentCache full:https://registry.npmmirror.com/@next%2fswc-linux-x64-musl set size:1052898 disposed:false
339 http fetch GET 200 https://registry.npmmirror.com/@next%2fswc-linux-arm64-gnu 1373ms (cache miss)
340 silly packumentCache full:https://registry.npmmirror.com/@next%2fswc-linux-arm64-gnu set size:1057961 disposed:false
341 http fetch GET 200 https://registry.npmmirror.com/@next%2fswc-darwin-x64 2551ms (cache miss)
342 silly packumentCache full:https://registry.npmmirror.com/@next%2fswc-darwin-x64 set size:1079532 disposed:false
343 http fetch GET 200 https://registry.npmmirror.com/scheduler 756ms (cache miss)
344 silly packumentCache full:https://registry.npmmirror.com/scheduler set size:1105989 disposed:false
345 http fetch GET 200 https://registry.npmmirror.com/@next%2fswc-linux-x64-gnu 3360ms (cache miss)
346 silly packumentCache full:https://registry.npmmirror.com/@next%2fswc-linux-x64-gnu set size:1084998 disposed:false
347 http fetch GET 200 https://registry.npmmirror.com/@next%2fswc-win32-arm64-msvc 2135ms (cache miss)
348 silly packumentCache full:https://registry.npmmirror.com/@next%2fswc-win32-arm64-msvc set size:1060018 disposed:false
349 http fetch GET 200 https://registry.npmmirror.com/@next%2fswc-win32-x64-msvc 4410ms (cache miss)
350 silly packumentCache full:https://registry.npmmirror.com/@next%2fswc-win32-x64-msvc set size:1081431 disposed:false
351 silly placeDep ROOT @alloc/quick-lru@5.2.0 OK for: @tailwindcss/postcss@4.1.18 want: ^5.2.0
352 silly placeDep ROOT @tailwindcss/node@4.1.18 OK for: @tailwindcss/postcss@4.1.18 want: 4.1.18
353 silly placeDep ROOT @tailwindcss/oxide@4.1.18 OK for: @tailwindcss/postcss@4.1.18 want: 4.1.18
354 silly placeDep ROOT postcss@8.5.6 OK for: @tailwindcss/postcss@4.1.18 want: ^8.4.41
355 silly fetch manifest @jridgewell/remapping@^2.3.4
356 silly packumentCache full:https://registry.npmmirror.com/@jridgewell%2fremapping cache-miss
357 silly fetch manifest enhanced-resolve@^5.18.3
358 silly packumentCache full:https://registry.npmmirror.com/enhanced-resolve cache-miss
359 silly fetch manifest jiti@^2.6.1
360 silly packumentCache full:https://registry.npmmirror.com/jiti cache-hit
361 silly fetch manifest lightningcss@1.30.2
362 silly packumentCache full:https://registry.npmmirror.com/lightningcss cache-miss
363 silly fetch manifest magic-string@^0.30.21
364 silly packumentCache full:https://registry.npmmirror.com/magic-string cache-miss
365 silly fetch manifest source-map-js@^1.2.1
366 silly packumentCache full:https://registry.npmmirror.com/source-map-js cache-miss
367 silly fetch manifest @tailwindcss/oxide-darwin-arm64@4.1.18
368 silly packumentCache full:https://registry.npmmirror.com/@tailwindcss%2foxide-darwin-arm64 cache-miss
369 silly fetch manifest @tailwindcss/oxide-darwin-x64@4.1.18
370 silly packumentCache full:https://registry.npmmirror.com/@tailwindcss%2foxide-darwin-x64 cache-miss
371 http fetch GET 200 https://registry.npmmirror.com/@jridgewell%2fremapping 310ms (cache miss)
372 silly packumentCache full:https://registry.npmmirror.com/@jridgewell%2fremapping set size:6023 disposed:false
373 silly fetch manifest @tailwindcss/oxide-freebsd-x64@4.1.18
374 silly packumentCache full:https://registry.npmmirror.com/@tailwindcss%2foxide-freebsd-x64 cache-miss
375 http fetch GET 200 https://registry.npmmirror.com/source-map-js 352ms (cache miss)
376 silly packumentCache full:https://registry.npmmirror.com/source-map-js set size:14399 disposed:false
377 silly fetch manifest @tailwindcss/oxide-linux-arm-gnueabihf@4.1.18
378 silly packumentCache full:https://registry.npmmirror.com/@tailwindcss%2foxide-linux-arm-gnueabihf cache-miss
379 http fetch GET 200 https://registry.npmmirror.com/lightningcss 387ms (cache miss)
380 silly packumentCache full:https://registry.npmmirror.com/lightningcss set size:31899 disposed:false
381 silly fetch manifest @tailwindcss/oxide-linux-arm64-musl@4.1.18
382 silly packumentCache full:https://registry.npmmirror.com/@tailwindcss%2foxide-linux-arm64-musl cache-miss
383 http fetch GET 200 https://registry.npmmirror.com/magic-string 549ms (cache miss)
384 silly packumentCache full:https://registry.npmmirror.com/magic-string set size:56351 disposed:false
385 silly fetch manifest @tailwindcss/oxide-linux-arm64-gnu@4.1.18
386 silly packumentCache full:https://registry.npmmirror.com/@tailwindcss%2foxide-linux-arm64-gnu cache-miss
387 http fetch GET 200 https://registry.npmmirror.com/@tailwindcss%2foxide-freebsd-x64 762ms (cache miss)
388 silly packumentCache full:https://registry.npmmirror.com/@tailwindcss%2foxide-freebsd-x64 set size:503653 disposed:false
389 silly fetch manifest @tailwindcss/oxide-linux-x64-gnu@4.1.18
390 silly packumentCache full:https://registry.npmmirror.com/@tailwindcss%2foxide-linux-x64-gnu cache-miss
391 http fetch GET 200 https://registry.npmmirror.com/enhanced-resolve 1094ms (cache miss)
392 silly packumentCache full:https://registry.npmmirror.com/enhanced-resolve set size:49662 disposed:false
393 silly fetch manifest @tailwindcss/oxide-linux-x64-musl@4.1.18
394 silly packumentCache full:https://registry.npmmirror.com/@tailwindcss%2foxide-linux-x64-musl cache-miss
395 http fetch GET 200 https://registry.npmmirror.com/@tailwindcss%2foxide-linux-arm64-gnu 572ms (cache miss)
396 silly packumentCache full:https://registry.npmmirror.com/@tailwindcss%2foxide-linux-arm64-gnu set size:505520 disposed:false
397 silly fetch manifest @tailwindcss/oxide-wasm32-wasi@4.1.18
398 silly packumentCache full:https://registry.npmmirror.com/@tailwindcss%2foxide-wasm32-wasi cache-miss
399 http fetch GET 200 https://registry.npmmirror.com/@tailwindcss%2foxide-darwin-arm64 1330ms (cache miss)
400 silly packumentCache full:https://registry.npmmirror.com/@tailwindcss%2foxide-darwin-arm64 set size:507090 disposed:false
401 silly fetch manifest @tailwindcss/oxide-win32-arm64-msvc@4.1.18
402 silly packumentCache full:https://registry.npmmirror.com/@tailwindcss%2foxide-win32-arm64-msvc cache-miss
403 http fetch GET 200 https://registry.npmmirror.com/@tailwindcss%2foxide-wasm32-wasi 518ms (cache miss)
404 silly packumentCache full:https://registry.npmmirror.com/@tailwindcss%2foxide-wasm32-wasi set size:151274 disposed:false
405 silly fetch manifest @tailwindcss/oxide-win32-x64-msvc@4.1.18
406 silly packumentCache full:https://registry.npmmirror.com/@tailwindcss%2foxide-win32-x64-msvc cache-miss
407 http fetch GET 200 https://registry.npmmirror.com/@tailwindcss%2foxide-linux-x64-gnu 672ms (cache miss)
408 silly packumentCache full:https://registry.npmmirror.com/@tailwindcss%2foxide-linux-x64-gnu set size:503491 disposed:false
409 silly fetch manifest @tailwindcss/oxide-android-arm64@4.1.18
410 silly packumentCache full:https://registry.npmmirror.com/@tailwindcss%2foxide-android-arm64 cache-miss
411 http fetch GET 200 https://registry.npmmirror.com/@tailwindcss%2foxide-linux-arm-gnueabihf 1598ms (cache miss)
412 silly packumentCache full:https://registry.npmmirror.com/@tailwindcss%2foxide-linux-arm-gnueabihf set size:504882 disposed:false
413 silly fetch manifest nanoid@^3.3.11
414 silly packumentCache full:https://registry.npmmirror.com/nanoid cache-miss
415 http fetch GET 200 https://registry.npmmirror.com/@tailwindcss%2foxide-win32-x64-msvc 689ms (cache miss)
416 silly packumentCache full:https://registry.npmmirror.com/@tailwindcss%2foxide-win32-x64-msvc set size:505338 disposed:false
417 silly fetch manifest picocolors@^1.1.1
418 silly packumentCache full:https://registry.npmmirror.com/picocolors cache-miss
419 http fetch GET 200 https://registry.npmmirror.com/@tailwindcss%2foxide-linux-x64-musl 1282ms (cache miss)
420 silly packumentCache full:https://registry.npmmirror.com/@tailwindcss%2foxide-linux-x64-musl set size:503618 disposed:false
421 http fetch GET 200 https://registry.npmmirror.com/@tailwindcss%2foxide-android-arm64 611ms (cache miss)
422 silly packumentCache full:https://registry.npmmirror.com/@tailwindcss%2foxide-android-arm64 set size:263171 disposed:false
423 http fetch GET 200 https://registry.npmmirror.com/@tailwindcss%2foxide-darwin-x64 2448ms (cache miss)
424 silly packumentCache full:https://registry.npmmirror.com/@tailwindcss%2foxide-darwin-x64 set size:504871 disposed:false
425 http fetch GET 200 https://registry.npmmirror.com/@tailwindcss%2foxide-win32-arm64-msvc 1145ms (cache miss)
426 silly packumentCache full:https://registry.npmmirror.com/@tailwindcss%2foxide-win32-arm64-msvc set size:261878 disposed:false
427 http fetch GET 200 https://registry.npmmirror.com/@tailwindcss%2foxide-linux-arm64-musl 2137ms (cache miss)
428 silly packumentCache full:https://registry.npmmirror.com/@tailwindcss%2foxide-linux-arm64-musl set size:504928 disposed:false
429 http fetch GET 200 https://registry.npmmirror.com/nanoid 684ms (cache miss)
430 silly packumentCache full:https://registry.npmmirror.com/nanoid set size:45536 disposed:false
431 http fetch GET 200 https://registry.npmmirror.com/picocolors 517ms (cache miss)
432 silly packumentCache full:https://registry.npmmirror.com/picocolors set size:4040 disposed:false
433 silly placeDep ROOT @jridgewell/remapping@2.3.5 OK for: @tailwindcss/node@4.1.18 want: ^2.3.4
434 silly placeDep ROOT enhanced-resolve@5.19.0 OK for: @tailwindcss/node@4.1.18 want: ^5.18.3
435 silly placeDep ROOT jiti@2.6.1 OK for: @tailwindcss/node@4.1.18 want: ^2.6.1
436 silly placeDep ROOT lightningcss@1.30.2 OK for: @tailwindcss/node@4.1.18 want: 1.30.2
437 silly placeDep ROOT magic-string@0.30.21 OK for: @tailwindcss/node@4.1.18 want: ^0.30.21
438 silly placeDep ROOT source-map-js@1.2.1 OK for: @tailwindcss/node@4.1.18 want: ^1.2.1
439 silly fetch manifest @jridgewell/gen-mapping@^0.3.5
440 silly packumentCache full:https://registry.npmmirror.com/@jridgewell%2fgen-mapping cache-miss
441 silly fetch manifest @jridgewell/trace-mapping@^0.3.24
442 silly packumentCache full:https://registry.npmmirror.com/@jridgewell%2ftrace-mapping cache-miss
443 silly fetch manifest graceful-fs@^4.2.4
444 silly packumentCache full:https://registry.npmmirror.com/graceful-fs cache-miss
445 silly fetch manifest tapable@^2.3.0
446 silly packumentCache full:https://registry.npmmirror.com/tapable cache-miss
447 silly fetch manifest detect-libc@^2.0.3
448 silly packumentCache full:https://registry.npmmirror.com/detect-libc cache-miss
449 silly fetch manifest lightningcss-darwin-x64@1.30.2
450 silly packumentCache full:https://registry.npmmirror.com/lightningcss-darwin-x64 cache-miss
451 silly fetch manifest lightningcss-linux-x64-gnu@1.30.2
452 silly packumentCache full:https://registry.npmmirror.com/lightningcss-linux-x64-gnu cache-miss
453 http fetch GET 200 https://registry.npmmirror.com/tapable 291ms (cache miss)
454 silly packumentCache full:https://registry.npmmirror.com/tapable set size:18760 disposed:false
455 silly fetch manifest lightningcss-win32-x64-msvc@1.30.2
456 silly packumentCache full:https://registry.npmmirror.com/lightningcss-win32-x64-msvc cache-miss
457 http fetch GET 200 https://registry.npmmirror.com/@jridgewell%2ftrace-mapping 514ms (cache miss)
458 silly packumentCache full:https://registry.npmmirror.com/@jridgewell%2ftrace-mapping set size:40595 disposed:false
459 silly fetch manifest lightningcss-win32-arm64-msvc@1.30.2
460 silly packumentCache full:https://registry.npmmirror.com/lightningcss-win32-arm64-msvc cache-miss
461 http fetch GET 200 https://registry.npmmirror.com/lightningcss-linux-x64-gnu 518ms (cache miss)
462 silly packumentCache full:https://registry.npmmirror.com/lightningcss-linux-x64-gnu set size:20736 disposed:false
463 silly fetch manifest lightningcss-darwin-arm64@1.30.2
464 silly packumentCache full:https://registry.npmmirror.com/lightningcss-darwin-arm64 cache-miss
465 http fetch GET 200 https://registry.npmmirror.com/detect-libc 529ms (cache miss)
466 silly packumentCache full:https://registry.npmmirror.com/detect-libc set size:10958 disposed:false
467 silly fetch manifest lightningcss-linux-arm64-gnu@1.30.2
468 silly packumentCache full:https://registry.npmmirror.com/lightningcss-linux-arm64-gnu cache-miss
469 http fetch GET 200 https://registry.npmmirror.com/graceful-fs 574ms (cache miss)
470 silly packumentCache full:https://registry.npmmirror.com/graceful-fs set size:23015 disposed:false
471 silly fetch manifest lightningcss-linux-arm-gnueabihf@1.30.2
472 silly packumentCache full:https://registry.npmmirror.com/lightningcss-linux-arm-gnueabihf cache-miss
473 http fetch GET 200 https://registry.npmmirror.com/lightningcss-darwin-x64 583ms (cache miss)
474 silly packumentCache full:https://registry.npmmirror.com/lightningcss-darwin-x64 set size:20600 disposed:false
475 silly fetch manifest lightningcss-linux-arm64-musl@1.30.2
476 silly packumentCache full:https://registry.npmmirror.com/lightningcss-linux-arm64-musl cache-miss
477 http fetch GET 200 https://registry.npmmirror.com/lightningcss-win32-x64-msvc 538ms (cache miss)
478 silly packumentCache full:https://registry.npmmirror.com/lightningcss-win32-x64-msvc set size:20604 disposed:false
479 silly fetch manifest lightningcss-linux-x64-musl@1.30.2
480 silly packumentCache full:https://registry.npmmirror.com/lightningcss-linux-x64-musl cache-miss
481 http fetch GET 200 https://registry.npmmirror.com/@jridgewell%2fgen-mapping 1003ms (cache miss)
482 silly packumentCache full:https://registry.npmmirror.com/@jridgewell%2fgen-mapping set size:17889 disposed:false
483 silly fetch manifest lightningcss-freebsd-x64@1.30.2
484 silly packumentCache full:https://registry.npmmirror.com/lightningcss-freebsd-x64 cache-miss
485 http fetch GET 200 https://registry.npmmirror.com/lightningcss-darwin-arm64 511ms (cache miss)
486 silly packumentCache full:https://registry.npmmirror.com/lightningcss-darwin-arm64 set size:20502 disposed:false
487 silly fetch manifest lightningcss-android-arm64@1.30.2
488 silly packumentCache full:https://registry.npmmirror.com/lightningcss-android-arm64 cache-miss
489 http fetch GET 200 https://registry.npmmirror.com/lightningcss-win32-arm64-msvc 525ms (cache miss)
490 silly packumentCache full:https://registry.npmmirror.com/lightningcss-win32-arm64-msvc set size:5580 disposed:false
491 silly fetch manifest @jridgewell/sourcemap-codec@^1.5.5
492 silly packumentCache full:https://registry.npmmirror.com/@jridgewell%2fsourcemap-codec cache-miss
493 http fetch GET 200 https://registry.npmmirror.com/lightningcss-linux-arm64-gnu 558ms (cache miss)
494 silly packumentCache full:https://registry.npmmirror.com/lightningcss-linux-arm64-gnu set size:20778 disposed:false
495 http fetch GET 200 https://registry.npmmirror.com/lightningcss-linux-arm-gnueabihf 579ms (cache miss)
496 silly packumentCache full:https://registry.npmmirror.com/lightningcss-linux-arm-gnueabihf set size:20876 disposed:false
497 http fetch GET 200 https://registry.npmmirror.com/lightningcss-linux-arm64-musl 594ms (cache miss)
498 silly packumentCache full:https://registry.npmmirror.com/lightningcss-linux-arm64-musl set size:20784 disposed:false
499 http fetch GET 200 https://registry.npmmirror.com/@jridgewell%2fsourcemap-codec 278ms (cache miss)
500 silly packumentCache full:https://registry.npmmirror.com/@jridgewell%2fsourcemap-codec set size:14577 disposed:false
501 http fetch GET 200 https://registry.npmmirror.com/lightningcss-linux-x64-musl 528ms (cache miss)
502 silly packumentCache full:https://registry.npmmirror.com/lightningcss-linux-x64-musl set size:21036 disposed:false
503 http fetch GET 200 https://registry.npmmirror.com/lightningcss-freebsd-x64 523ms (cache miss)
504 silly packumentCache full:https://registry.npmmirror.com/lightningcss-freebsd-x64 set size:9056 disposed:false
505 http fetch GET 200 https://registry.npmmirror.com/lightningcss-android-arm64 556ms (cache miss)
506 silly packumentCache full:https://registry.npmmirror.com/lightningcss-android-arm64 set size:1927 disposed:false
507 silly placeDep ROOT @jridgewell/gen-mapping@0.3.13 OK for: @jridgewell/remapping@2.3.5 want: ^0.3.5
508 silly placeDep ROOT @jridgewell/trace-mapping@0.3.31 OK for: @jridgewell/remapping@2.3.5 want: ^0.3.24
509 silly fetch manifest @jridgewell/sourcemap-codec@^1.5.0
510 silly packumentCache full:https://registry.npmmirror.com/@jridgewell%2fsourcemap-codec cache-hit
511 silly fetch manifest @jridgewell/resolve-uri@^3.1.0
512 silly packumentCache full:https://registry.npmmirror.com/@jridgewell%2fresolve-uri cache-miss
513 silly fetch manifest @jridgewell/sourcemap-codec@^1.4.14
514 silly packumentCache full:https://registry.npmmirror.com/@jridgewell%2fsourcemap-codec cache-hit
515 http fetch GET 200 https://registry.npmmirror.com/@jridgewell%2fresolve-uri 552ms (cache miss)
516 silly packumentCache full:https://registry.npmmirror.com/@jridgewell%2fresolve-uri set size:14497 disposed:false
517 silly placeDep ROOT @jridgewell/sourcemap-codec@1.5.5 OK for: @jridgewell/gen-mapping@0.3.13 want: ^1.5.0
518 silly placeDep ROOT @jridgewell/resolve-uri@3.1.2 OK for: @jridgewell/trace-mapping@0.3.31 want: ^3.1.0
519 silly placeDep ROOT @tailwindcss/oxide-android-arm64@4.1.18 OK for: @tailwindcss/oxide@4.1.18 want: 4.1.18
520 silly placeDep ROOT @tailwindcss/oxide-darwin-arm64@4.1.18 OK for: @tailwindcss/oxide@4.1.18 want: 4.1.18
521 silly placeDep ROOT @tailwindcss/oxide-darwin-x64@4.1.18 OK for: @tailwindcss/oxide@4.1.18 want: 4.1.18
522 silly placeDep ROOT @tailwindcss/oxide-freebsd-x64@4.1.18 OK for: @tailwindcss/oxide@4.1.18 want: 4.1.18
523 silly placeDep ROOT @tailwindcss/oxide-linux-arm-gnueabihf@4.1.18 OK for: @tailwindcss/oxide@4.1.18 want: 4.1.18
524 silly placeDep ROOT @tailwindcss/oxide-linux-arm64-gnu@4.1.18 OK for: @tailwindcss/oxide@4.1.18 want: 4.1.18
525 silly placeDep ROOT @tailwindcss/oxide-linux-arm64-musl@4.1.18 OK for: @tailwindcss/oxide@4.1.18 want: 4.1.18
526 silly placeDep ROOT @tailwindcss/oxide-linux-x64-gnu@4.1.18 OK for: @tailwindcss/oxide@4.1.18 want: 4.1.18
527 silly placeDep ROOT @tailwindcss/oxide-linux-x64-musl@4.1.18 OK for: @tailwindcss/oxide@4.1.18 want: 4.1.18
528 silly placeDep ROOT @tailwindcss/oxide-wasm32-wasi@4.1.18 OK for: @tailwindcss/oxide@4.1.18 want: 4.1.18
529 silly placeDep ROOT @tailwindcss/oxide-win32-arm64-msvc@4.1.18 OK for: @tailwindcss/oxide@4.1.18 want: 4.1.18
530 silly placeDep ROOT @tailwindcss/oxide-win32-x64-msvc@4.1.18 OK for: @tailwindcss/oxide@4.1.18 want: 4.1.18
531 silly placeDep ROOT undici-types@6.21.0 OK for: @types/node@20.19.33 want: ~6.21.0
532 silly placeDep ROOT csstype@3.2.3 OK for: @types/react@19.2.14 want: ^3.2.2
533 silly placeDep ROOT graceful-fs@4.2.11 OK for: enhanced-resolve@5.19.0 want: ^4.2.4
534 silly placeDep ROOT tapable@2.3.0 OK for: enhanced-resolve@5.19.0 want: ^2.3.0
535 silly fetch manifest eslint@^6.0.0 || ^7.0.0 || >=8.0.0
536 silly packumentCache full:https://registry.npmmirror.com/eslint cache-hit
537 silly placeDep ROOT @eslint-community/eslint-utils@4.9.1 OK for: eslint@9.39.2 want: ^4.8.0
538 silly placeDep ROOT @eslint-community/regexpp@4.12.2 OK for: eslint@9.39.2 want: ^4.12.1
539 silly placeDep ROOT @eslint/config-array@0.21.1 OK for: eslint@9.39.2 want: ^0.21.1
540 silly placeDep ROOT @eslint/config-helpers@0.4.2 OK for: eslint@9.39.2 want: ^0.4.2
541 silly placeDep ROOT @eslint/core@0.17.0 OK for: eslint@9.39.2 want: ^0.17.0
542 silly placeDep ROOT @eslint/eslintrc@3.3.3 OK for: eslint@9.39.2 want: ^3.3.1
543 silly placeDep ROOT @eslint/js@9.39.2 OK for: eslint@9.39.2 want: 9.39.2
544 silly placeDep ROOT @eslint/plugin-kit@0.4.1 OK for: eslint@9.39.2 want: ^0.4.1
545 silly placeDep ROOT @humanfs/node@0.16.7 OK for: eslint@9.39.2 want: ^0.16.6
546 silly placeDep ROOT @humanwhocodes/module-importer@1.0.1 OK for: eslint@9.39.2 want: ^1.0.1
547 silly placeDep ROOT @humanwhocodes/retry@0.4.3 OK for: eslint@9.39.2 want: ^0.4.2
548 silly placeDep ROOT @types/estree@1.0.8 OK for: eslint@9.39.2 want: ^1.0.6
549 silly placeDep ROOT ajv@6.12.6 OK for: eslint@9.39.2 want: ^6.12.4
550 silly placeDep ROOT chalk@4.1.2 OK for: eslint@9.39.2 want: ^4.0.0
551 silly placeDep ROOT cross-spawn@7.0.6 OK for: eslint@9.39.2 want: ^7.0.6
552 silly placeDep ROOT debug@4.4.3 OK for: eslint@9.39.2 want: ^4.3.2
553 silly placeDep ROOT escape-string-regexp@4.0.0 OK for: eslint@9.39.2 want: ^4.0.0
554 silly placeDep ROOT eslint-scope@8.4.0 OK for: eslint@9.39.2 want: ^8.4.0
555 silly placeDep ROOT eslint-visitor-keys@4.2.1 OK for: eslint@9.39.2 want: ^4.2.1
556 silly placeDep ROOT espree@10.4.0 OK for: eslint@9.39.2 want: ^10.4.0
557 silly placeDep ROOT esquery@1.7.0 OK for: eslint@9.39.2 want: ^1.5.0
558 silly placeDep ROOT esutils@2.0.3 OK for: eslint@9.39.2 want: ^2.0.2
559 silly placeDep ROOT fast-deep-equal@3.1.3 OK for: eslint@9.39.2 want: ^3.1.3
560 silly placeDep ROOT file-entry-cache@8.0.0 OK for: eslint@9.39.2 want: ^8.0.0
561 silly placeDep ROOT find-up@5.0.0 OK for: eslint@9.39.2 want: ^5.0.0
562 silly placeDep ROOT glob-parent@6.0.2 OK for: eslint@9.39.2 want: ^6.0.2
563 silly placeDep ROOT ignore@5.3.2 OK for: eslint@9.39.2 want: ^5.2.0
564 silly placeDep ROOT imurmurhash@0.1.4 OK for: eslint@9.39.2 want: ^0.1.4
565 silly placeDep ROOT is-glob@4.0.3 OK for: eslint@9.39.2 want: ^4.0.0
566 silly placeDep ROOT json-stable-stringify-without-jsonify@1.0.1 OK for: eslint@9.39.2 want: ^1.0.1
567 silly placeDep ROOT lodash.merge@4.6.2 OK for: eslint@9.39.2 want: ^4.6.2
568 silly placeDep ROOT minimatch@3.1.2 OK for: eslint@9.39.2 want: ^3.1.2
569 silly placeDep ROOT natural-compare@1.4.0 OK for: eslint@9.39.2 want: ^1.4.0
570 silly placeDep ROOT optionator@0.9.4 OK for: eslint@9.39.2 want: ^0.9.3
571 silly fetch manifest eslint-visitor-keys@^3.4.3
572 silly packumentCache full:https://registry.npmmirror.com/eslint-visitor-keys cache-hit
573 silly fetch manifest @eslint/object-schema@^2.1.7
574 silly packumentCache full:https://registry.npmmirror.com/@eslint%2fobject-schema cache-miss
575 silly fetch manifest debug@^4.3.1
576 silly packumentCache full:https://registry.npmmirror.com/debug cache-hit
577 silly fetch manifest @types/json-schema@^7.0.15
578 silly packumentCache full:https://registry.npmmirror.com/@types%2fjson-schema cache-miss
579 silly fetch manifest espree@^10.0.1
580 silly packumentCache full:https://registry.npmmirror.com/espree cache-hit
581 silly fetch manifest globals@^14.0.0
582 silly packumentCache full:https://registry.npmmirror.com/globals cache-hit
583 silly fetch manifest import-fresh@^3.2.1
584 silly packumentCache full:https://registry.npmmirror.com/import-fresh cache-miss
585 silly fetch manifest js-yaml@^4.1.1
586 silly packumentCache full:https://registry.npmmirror.com/js-yaml cache-miss
587 silly fetch manifest strip-json-comments@^3.1.1
588 silly packumentCache full:https://registry.npmmirror.com/strip-json-comments cache-miss
589 silly fetch manifest levn@^0.4.1
590 silly packumentCache full:https://registry.npmmirror.com/levn cache-miss
591 silly fetch manifest @humanwhocodes/retry@^0.4.0
592 silly packumentCache full:https://registry.npmmirror.com/@humanwhocodes%2fretry cache-hit
593 silly fetch manifest @humanfs/core@^0.19.1
594 silly packumentCache full:https://registry.npmmirror.com/@humanfs%2fcore cache-miss
595 http fetch GET 200 https://registry.npmmirror.com/strip-json-comments 293ms (cache miss)
596 silly packumentCache full:https://registry.npmmirror.com/strip-json-comments set size:8266 disposed:false
597 silly fetch manifest fast-deep-equal@^3.1.1
598 silly packumentCache full:https://registry.npmmirror.com/fast-deep-equal cache-hit
599 silly fetch manifest fast-json-stable-stringify@^2.0.0
600 silly packumentCache full:https://registry.npmmirror.com/fast-json-stable-stringify cache-miss
601 http fetch GET 200 https://registry.npmmirror.com/import-fresh 301ms (cache miss)
602 silly packumentCache full:https://registry.npmmirror.com/import-fresh set size:3824 disposed:false
603 silly fetch manifest json-schema-traverse@^0.4.1
604 silly packumentCache full:https://registry.npmmirror.com/json-schema-traverse cache-miss
605 http fetch GET 200 https://registry.npmmirror.com/js-yaml 306ms (cache miss)
606 silly packumentCache full:https://registry.npmmirror.com/js-yaml set size:25284 disposed:false
607 silly fetch manifest uri-js@^4.2.2
608 silly packumentCache full:https://registry.npmmirror.com/uri-js cache-miss
609 http fetch GET 200 https://registry.npmmirror.com/levn 512ms (cache miss)
610 silly packumentCache full:https://registry.npmmirror.com/levn set size:7200 disposed:false
611 silly fetch manifest ansi-styles@^4.1.0
612 silly packumentCache full:https://registry.npmmirror.com/ansi-styles cache-miss
613 http fetch GET 200 https://registry.npmmirror.com/@types%2fjson-schema 525ms (cache miss)
614 silly packumentCache full:https://registry.npmmirror.com/@types%2fjson-schema set size:8356 disposed:false
615 silly fetch manifest supports-color@^7.1.0
616 silly packumentCache full:https://registry.npmmirror.com/supports-color cache-miss
617 http fetch GET 200 https://registry.npmmirror.com/@eslint%2fobject-schema 535ms (cache miss)
618 silly packumentCache full:https://registry.npmmirror.com/@eslint%2fobject-schema set size:7267 disposed:false
619 silly fetch manifest path-key@^3.1.0
620 silly packumentCache full:https://registry.npmmirror.com/path-key cache-miss
621 http fetch GET 200 https://registry.npmmirror.com/@humanfs%2fcore 539ms (cache miss)
622 silly packumentCache full:https://registry.npmmirror.com/@humanfs%2fcore set size:8690 disposed:false
623 silly fetch manifest shebang-command@^2.0.0
624 silly packumentCache full:https://registry.npmmirror.com/shebang-command cache-miss
625 http fetch GET 200 https://registry.npmmirror.com/json-schema-traverse 287ms (cache miss)
626 silly packumentCache full:https://registry.npmmirror.com/json-schema-traverse set size:4662 disposed:false
627 silly fetch manifest which@^2.0.1
628 silly packumentCache full:https://registry.npmmirror.com/which cache-miss
629 http fetch GET 200 https://registry.npmmirror.com/fast-json-stable-stringify 507ms (cache miss)
630 silly packumentCache full:https://registry.npmmirror.com/fast-json-stable-stringify set size:3326 disposed:false
631 silly fetch manifest ms@^2.1.3
632 silly packumentCache full:https://registry.npmmirror.com/ms cache-miss
633 http fetch GET 200 https://registry.npmmirror.com/ansi-styles 293ms (cache miss)
634 silly packumentCache full:https://registry.npmmirror.com/ansi-styles set size:13769 disposed:false
635 silly fetch manifest esrecurse@^4.3.0
636 silly packumentCache full:https://registry.npmmirror.com/esrecurse cache-miss
637 http fetch GET 200 https://registry.npmmirror.com/path-key 286ms (cache miss)
638 silly packumentCache full:https://registry.npmmirror.com/path-key set size:3439 disposed:false
639 silly fetch manifest estraverse@^5.2.0
640 silly packumentCache full:https://registry.npmmirror.com/estraverse cache-miss
641 http fetch GET 200 https://registry.npmmirror.com/shebang-command 282ms (cache miss)
642 silly packumentCache full:https://registry.npmmirror.com/shebang-command set size:2106 disposed:false
643 silly fetch manifest acorn@^8.15.0
644 silly packumentCache full:https://registry.npmmirror.com/acorn cache-miss
645 http fetch GET 200 https://registry.npmmirror.com/supports-color 321ms (cache miss)
646 silly packumentCache full:https://registry.npmmirror.com/supports-color set size:23036 disposed:false
647 silly fetch manifest acorn-jsx@^5.3.2
648 silly packumentCache full:https://registry.npmmirror.com/acorn-jsx cache-miss
649 http fetch GET 200 https://registry.npmmirror.com/which 293ms (cache miss)
650 silly packumentCache full:https://registry.npmmirror.com/which set size:14375 disposed:false
651 silly fetch manifest estraverse@^5.1.0
652 silly packumentCache full:https://registry.npmmirror.com/estraverse cache-miss
653 http fetch GET 200 https://registry.npmmirror.com/uri-js 680ms (cache miss)
654 silly packumentCache full:https://registry.npmmirror.com/uri-js set size:8117 disposed:false
655 silly fetch manifest flat-cache@^4.0.0
656 silly packumentCache full:https://registry.npmmirror.com/flat-cache cache-miss
657 http fetch GET 200 https://registry.npmmirror.com/ms 286ms (cache miss)
658 silly packumentCache full:https://registry.npmmirror.com/ms set size:15985 disposed:false
659 silly fetch manifest locate-path@^6.0.0
660 silly packumentCache full:https://registry.npmmirror.com/locate-path cache-miss
661 http fetch GET 200 https://registry.npmmirror.com/esrecurse 509ms (cache miss)
662 silly packumentCache full:https://registry.npmmirror.com/esrecurse set size:6561 disposed:false
663 silly fetch manifest path-exists@^4.0.0
664 silly packumentCache full:https://registry.npmmirror.com/path-exists cache-miss
665 http fetch GET 200 https://registry.npmmirror.com/estraverse 466ms (cache miss)
666 silly packumentCache full:https://registry.npmmirror.com/estraverse set size:10988 disposed:false
667 silly fetch manifest is-glob@^4.0.3
668 silly packumentCache full:https://registry.npmmirror.com/is-glob cache-hit
669 silly fetch manifest is-extglob@^2.1.1
670 silly packumentCache full:https://registry.npmmirror.com/is-extglob cache-miss
671 http fetch GET 200 https://registry.npmmirror.com/estraverse 545ms (cache miss)
672 silly packumentCache full:https://registry.npmmirror.com/estraverse set size:10988 disposed:false
673 silly packumentCache full:https://registry.npmmirror.com/estraverse dispose
674 silly fetch manifest brace-expansion@^1.1.7
675 silly packumentCache full:https://registry.npmmirror.com/brace-expansion cache-miss
676 http fetch GET 200 https://registry.npmmirror.com/acorn-jsx 524ms (cache miss)
677 silly packumentCache full:https://registry.npmmirror.com/acorn-jsx set size:11737 disposed:false
678 silly fetch manifest prelude-ls@^1.2.1
679 silly packumentCache full:https://registry.npmmirror.com/prelude-ls cache-miss
680 http fetch GET 200 https://registry.npmmirror.com/flat-cache 510ms (cache miss)
681 silly packumentCache full:https://registry.npmmirror.com/flat-cache set size:26406 disposed:false
682 silly fetch manifest deep-is@^0.1.3
683 silly packumentCache full:https://registry.npmmirror.com/deep-is cache-miss
684 http fetch GET 200 https://registry.npmmirror.com/locate-path 500ms (cache miss)
685 silly packumentCache full:https://registry.npmmirror.com/locate-path set size:7506 disposed:false
686 silly fetch manifest word-wrap@^1.2.5
687 silly packumentCache full:https://registry.npmmirror.com/word-wrap cache-miss
688 http fetch GET 200 https://registry.npmmirror.com/path-exists 279ms (cache miss)
689 silly packumentCache full:https://registry.npmmirror.com/path-exists set size:3293 disposed:false
690 silly fetch manifest type-check@^0.4.0
691 silly packumentCache full:https://registry.npmmirror.com/type-check cache-miss
692 http fetch GET 200 https://registry.npmmirror.com/is-extglob 270ms (cache miss)
693 silly packumentCache full:https://registry.npmmirror.com/is-extglob set size:3363 disposed:false
694 silly fetch manifest fast-levenshtein@^2.0.6
695 silly packumentCache full:https://registry.npmmirror.com/fast-levenshtein cache-miss
696 http fetch GET 200 https://registry.npmmirror.com/brace-expansion 310ms (cache miss)
697 silly packumentCache full:https://registry.npmmirror.com/brace-expansion set size:10160 disposed:false
698 http fetch GET 200 https://registry.npmmirror.com/prelude-ls 522ms (cache miss)
699 silly packumentCache full:https://registry.npmmirror.com/prelude-ls set size:4654 disposed:false
700 http fetch GET 200 https://registry.npmmirror.com/deep-is 523ms (cache miss)
701 silly packumentCache full:https://registry.npmmirror.com/deep-is set size:2733 disposed:false
702 http fetch GET 200 https://registry.npmmirror.com/type-check 509ms (cache miss)
703 silly packumentCache full:https://registry.npmmirror.com/type-check set size:6166 disposed:false
704 http fetch GET 200 https://registry.npmmirror.com/word-wrap 530ms (cache miss)
705 silly packumentCache full:https://registry.npmmirror.com/word-wrap set size:8190 disposed:false
706 http fetch GET 200 https://registry.npmmirror.com/fast-levenshtein 1411ms (cache miss)
707 silly packumentCache full:https://registry.npmmirror.com/fast-levenshtein set size:6868 disposed:false
708 http fetch GET 200 https://registry.npmmirror.com/acorn 2524ms (cache miss)
709 silly packumentCache full:https://registry.npmmirror.com/acorn set size:51704 disposed:false
710 silly placeDep node_modules/@eslint-community/eslint-utils eslint-visitor-keys@3.4.3 OK for: @eslint-community/eslint-utils@4.9.1 want: ^3.4.3
711 silly placeDep ROOT @eslint/object-schema@2.1.7 OK for: @eslint/config-array@0.21.1 want: ^2.1.7
712 silly placeDep ROOT @types/json-schema@7.0.15 OK for: @eslint/core@0.17.0 want: ^7.0.15
713 silly placeDep ROOT globals@14.0.0 OK for: @eslint/eslintrc@3.3.3 want: ^14.0.0
714 silly placeDep ROOT import-fresh@3.3.1 OK for: @eslint/eslintrc@3.3.3 want: ^3.2.1
715 silly placeDep ROOT js-yaml@4.1.1 OK for: @eslint/eslintrc@3.3.3 want: ^4.1.1
716 silly placeDep ROOT strip-json-comments@3.1.1 OK for: @eslint/eslintrc@3.3.3 want: ^3.1.1
717 silly fetch manifest parent-module@^1.0.0
718 silly packumentCache full:https://registry.npmmirror.com/parent-module cache-miss
719 silly fetch manifest resolve-from@^4.0.0
720 silly packumentCache full:https://registry.npmmirror.com/resolve-from cache-miss
721 silly fetch manifest argparse@^2.0.1
722 silly packumentCache full:https://registry.npmmirror.com/argparse cache-miss
723 http fetch GET 200 https://registry.npmmirror.com/parent-module 275ms (cache miss)
724 silly packumentCache full:https://registry.npmmirror.com/parent-module set size:3916 disposed:false
725 http fetch GET 200 https://registry.npmmirror.com/resolve-from 308ms (cache miss)
726 silly packumentCache full:https://registry.npmmirror.com/resolve-from set size:3131 disposed:false
727 http fetch GET 200 https://registry.npmmirror.com/argparse 504ms (cache miss)
728 silly packumentCache full:https://registry.npmmirror.com/argparse set size:9450 disposed:false
729 silly placeDep ROOT levn@0.4.1 OK for: @eslint/plugin-kit@0.4.1 want: ^0.4.1
730 silly fetch manifest type-check@~0.4.0
731 silly packumentCache full:https://registry.npmmirror.com/type-check cache-hit
732 silly placeDep ROOT @humanfs/core@0.19.1 OK for: @humanfs/node@0.16.7 want: ^0.19.1
733 silly placeDep ROOT fast-json-stable-stringify@2.1.0 OK for: ajv@6.12.6 want: ^2.0.0
734 silly placeDep ROOT json-schema-traverse@0.4.1 OK for: ajv@6.12.6 want: ^0.4.1
735 silly placeDep ROOT uri-js@4.4.1 OK for: ajv@6.12.6 want: ^4.2.2
736 silly fetch manifest punycode@^2.1.0
737 silly packumentCache full:https://registry.npmmirror.com/punycode cache-miss
738 http fetch GET 200 https://registry.npmmirror.com/punycode 529ms (cache miss)
739 silly packumentCache full:https://registry.npmmirror.com/punycode set size:14294 disposed:false
740 silly placeDep ROOT ansi-styles@4.3.0 OK for: chalk@4.1.2 want: ^4.1.0
741 silly placeDep ROOT supports-color@7.2.0 OK for: chalk@4.1.2 want: ^7.1.0
742 silly fetch manifest color-convert@^2.0.1
743 silly packumentCache full:https://registry.npmmirror.com/color-convert cache-miss
744 silly fetch manifest has-flag@^4.0.0
745 silly packumentCache full:https://registry.npmmirror.com/has-flag cache-miss
746 http fetch GET 200 https://registry.npmmirror.com/color-convert 518ms (cache miss)
747 silly packumentCache full:https://registry.npmmirror.com/color-convert set size:13807 disposed:false
748 http fetch GET 200 https://registry.npmmirror.com/has-flag 1198ms (cache miss)
749 silly packumentCache full:https://registry.npmmirror.com/has-flag set size:3321 disposed:false
750 silly placeDep ROOT color-convert@2.0.1 OK for: ansi-styles@4.3.0 want: ^2.0.1
751 silly fetch manifest color-name@~1.1.4
752 silly packumentCache full:https://registry.npmmirror.com/color-name cache-miss
753 http fetch GET 200 https://registry.npmmirror.com/color-name 547ms (cache miss)
754 silly packumentCache full:https://registry.npmmirror.com/color-name set size:5269 disposed:false
755 silly placeDep ROOT color-name@1.1.4 OK for: color-convert@2.0.1 want: ~1.1.4
756 silly placeDep ROOT path-key@3.1.1 OK for: cross-spawn@7.0.6 want: ^3.1.0
757 silly placeDep ROOT shebang-command@2.0.0 OK for: cross-spawn@7.0.6 want: ^2.0.0
758 silly placeDep ROOT which@2.0.2 OK for: cross-spawn@7.0.6 want: ^2.0.1
759 silly fetch manifest shebang-regex@^3.0.0
760 silly packumentCache full:https://registry.npmmirror.com/shebang-regex cache-miss
761 silly fetch manifest isexe@^2.0.0
762 silly packumentCache full:https://registry.npmmirror.com/isexe cache-miss
763 http fetch GET 200 https://registry.npmmirror.com/shebang-regex 272ms (cache miss)
764 silly packumentCache full:https://registry.npmmirror.com/shebang-regex set size:2417 disposed:false
765 http fetch GET 200 https://registry.npmmirror.com/isexe 291ms (cache miss)
766 silly packumentCache full:https://registry.npmmirror.com/isexe set size:7230 disposed:false
767 silly placeDep ROOT ms@2.1.3 OK for: debug@4.4.3 want: ^2.1.3
768 silly fetch manifest eslint@>=9.0.0
769 silly packumentCache full:https://registry.npmmirror.com/eslint cache-hit
770 silly fetch manifest eslint@^2 || ^3 || ^4 || ^5 || ^6 || ^7.2.0 || ^8 || ^9
771 silly packumentCache full:https://registry.npmmirror.com/eslint cache-hit
772 silly fetch manifest eslint-plugin-import-x@*
773 silly packumentCache full:https://registry.npmmirror.com/eslint-plugin-import-x cache-miss
774 http fetch GET 200 https://registry.npmmirror.com/eslint-plugin-import-x 569ms (cache miss)
775 silly packumentCache full:https://registry.npmmirror.com/eslint-plugin-import-x set size:47308 disposed:false
776 silly fetch manifest @typescript-eslint/utils@^8.0.0
777 silly packumentCache full:https://registry.npmmirror.com/@typescript-eslint%2futils cache-miss
778 http fetch GET 200 https://registry.npmmirror.com/@typescript-eslint%2futils 773ms (cache miss)
779 silly packumentCache full:https://registry.npmmirror.com/@typescript-eslint%2futils set size:1774405 disposed:false
780 silly fetch manifest typescript@>=3.3.1
781 silly packumentCache full:https://registry.npmmirror.com/typescript cache-miss
782 http cache https://registry.npmmirror.com/typescript 18ms (cache hit)
783 silly packumentCache full:https://registry.npmmirror.com/typescript set size:14482031 disposed:false
784 silly fetch manifest eslint@^3 || ^4 || ^5 || ^6 || ^7 || ^8 || ^9
785 silly packumentCache full:https://registry.npmmirror.com/eslint cache-hit
786 silly fetch manifest eslint@^3 || ^4 || ^5 || ^6 || ^7 || ^8 || ^9.7
787 silly packumentCache full:https://registry.npmmirror.com/eslint cache-hit
788 silly fetch manifest eslint@^3.0.0 || ^4.0.0 || ^5.0.0 || ^6.0.0 || ^7.0.0 || ^8.0.0-0 || ^9.0.0
789 silly packumentCache full:https://registry.npmmirror.com/eslint cache-hit
790 silly fetch manifest eslint@^8.57.0 || ^9.0.0
791 silly packumentCache full:https://registry.npmmirror.com/eslint cache-hit
792 silly placeDep ROOT @next/eslint-plugin-next@16.1.6 OK for: eslint-config-next@16.1.6 want: 16.1.6
793 silly placeDep ROOT eslint-import-resolver-node@0.3.9 OK for: eslint-config-next@16.1.6 want: ^0.3.6
794 silly placeDep ROOT eslint-import-resolver-typescript@3.10.1 OK for: eslint-config-next@16.1.6 want: ^3.5.2
795 silly placeDep ROOT eslint-plugin-import@2.32.0 OK for: eslint-config-next@16.1.6 want: ^2.32.0
796 silly placeDep ROOT eslint-plugin-jsx-a11y@6.10.2 OK for: eslint-config-next@16.1.6 want: ^6.10.0
797 silly placeDep ROOT eslint-plugin-react@7.37.5 OK for: eslint-config-next@16.1.6 want: ^7.37.0
798 silly placeDep ROOT eslint-plugin-react-hooks@7.0.1 OK for: eslint-config-next@16.1.6 want: ^7.0.0
799 silly placeDep node_modules/eslint-config-next globals@16.4.0 OK for: eslint-config-next@16.1.6 want: 16.4.0
800 silly placeDep ROOT typescript-eslint@8.55.0 OK for: eslint-config-next@16.1.6 want: ^8.46.0
801 silly fetch manifest fast-glob@3.3.1
802 silly packumentCache full:https://registry.npmmirror.com/fast-glob cache-miss
803 silly fetch manifest debug@^3.2.7
804 silly packumentCache full:https://registry.npmmirror.com/debug cache-hit
805 silly fetch manifest is-core-module@^2.13.0
806 silly packumentCache full:https://registry.npmmirror.com/is-core-module cache-miss
807 silly fetch manifest resolve@^1.22.4
808 silly packumentCache full:https://registry.npmmirror.com/resolve cache-miss
809 silly fetch manifest @nolyfill/is-core-module@1.0.39
810 silly packumentCache full:https://registry.npmmirror.com/@nolyfill%2fis-core-module cache-miss
811 silly fetch manifest get-tsconfig@^4.10.0
812 silly packumentCache full:https://registry.npmmirror.com/get-tsconfig cache-miss
813 silly fetch manifest is-bun-module@^2.0.0
814 silly packumentCache full:https://registry.npmmirror.com/is-bun-module cache-miss
815 silly fetch manifest stable-hash@^0.0.5
816 silly packumentCache full:https://registry.npmmirror.com/stable-hash cache-miss
817 http fetch GET 200 https://registry.npmmirror.com/fast-glob 300ms (cache miss)
818 silly packumentCache full:https://registry.npmmirror.com/fast-glob set size:33565 disposed:false
819 silly fetch manifest tinyglobby@^0.2.13
820 silly packumentCache full:https://registry.npmmirror.com/tinyglobby cache-miss
821 http fetch GET 200 https://registry.npmmirror.com/is-core-module 327ms (cache miss)
822 silly packumentCache full:https://registry.npmmirror.com/is-core-module set size:14031 disposed:false
823 silly fetch manifest unrs-resolver@^1.6.2
824 silly packumentCache full:https://registry.npmmirror.com/unrs-resolver cache-miss
825 http fetch GET 200 https://registry.npmmirror.com/is-bun-module 507ms (cache miss)
826 silly packumentCache full:https://registry.npmmirror.com/is-bun-module set size:5059 disposed:false
827 silly fetch manifest @rtsao/scc@^1.1.0
828 silly packumentCache full:https://registry.npmmirror.com/@rtsao%2fscc cache-miss
829 http fetch GET 200 https://registry.npmmirror.com/stable-hash 510ms (cache miss)
830 silly packumentCache full:https://registry.npmmirror.com/stable-hash set size:5483 disposed:false
831 silly fetch manifest array-includes@^3.1.9
832 silly packumentCache full:https://registry.npmmirror.com/array-includes cache-miss
833 http fetch GET 200 https://registry.npmmirror.com/tinyglobby 278ms (cache miss)
834 silly packumentCache full:https://registry.npmmirror.com/tinyglobby set size:9890 disposed:false
835 silly fetch manifest array.prototype.findlastindex@^1.2.6
836 silly packumentCache full:https://registry.npmmirror.com/array.prototype.findlastindex cache-miss
837 http fetch GET 200 https://registry.npmmirror.com/get-tsconfig 607ms (cache miss)
838 silly packumentCache full:https://registry.npmmirror.com/get-tsconfig set size:32449 disposed:false
839 silly fetch manifest array.prototype.flat@^1.3.3
840 silly packumentCache full:https://registry.npmmirror.com/array.prototype.flat cache-miss
841 http fetch GET 200 https://registry.npmmirror.com/resolve 657ms (cache miss)
842 silly packumentCache full:https://registry.npmmirror.com/resolve set size:38746 disposed:false
843 silly fetch manifest array.prototype.flatmap@^1.3.3
844 silly packumentCache full:https://registry.npmmirror.com/array.prototype.flatmap cache-miss
845 http fetch GET 200 https://registry.npmmirror.com/@nolyfill%2fis-core-module 944ms (cache miss)
846 silly packumentCache full:https://registry.npmmirror.com/@nolyfill%2fis-core-module set size:2866 disposed:false
847 silly fetch manifest doctrine@^2.1.0
848 silly packumentCache full:https://registry.npmmirror.com/doctrine cache-miss
849 http fetch GET 200 https://registry.npmmirror.com/@rtsao%2fscc 513ms (cache miss)
850 silly packumentCache full:https://registry.npmmirror.com/@rtsao%2fscc set size:3174 disposed:false
851 silly fetch manifest eslint-module-utils@^2.12.1
852 silly packumentCache full:https://registry.npmmirror.com/eslint-module-utils cache-miss
853 http fetch GET 200 https://registry.npmmirror.com/array-includes 515ms (cache miss)
854 silly packumentCache full:https://registry.npmmirror.com/array-includes set size:13934 disposed:false
855 silly fetch manifest hasown@^2.0.2
856 silly packumentCache full:https://registry.npmmirror.com/hasown cache-miss
857 http fetch GET 200 https://registry.npmmirror.com/array.prototype.findlastindex 509ms (cache miss)
858 silly packumentCache full:https://registry.npmmirror.com/array.prototype.findlastindex set size:10569 disposed:false
859 silly fetch manifest is-core-module@^2.16.1
860 silly packumentCache full:https://registry.npmmirror.com/is-core-module cache-hit
861 silly fetch manifest object.fromentries@^2.0.8
862 silly packumentCache full:https://registry.npmmirror.com/object.fromentries cache-miss
863 http fetch GET 200 https://registry.npmmirror.com/array.prototype.flat 530ms (cache miss)
864 silly packumentCache full:https://registry.npmmirror.com/array.prototype.flat set size:7806 disposed:false
865 silly fetch manifest object.groupby@^1.0.3
866 silly packumentCache full:https://registry.npmmirror.com/object.groupby cache-miss
867 http fetch GET 200 https://registry.npmmirror.com/array.prototype.flatmap 558ms (cache miss)
868 silly packumentCache full:https://registry.npmmirror.com/array.prototype.flatmap set size:9677 disposed:false
869 silly fetch manifest object.values@^1.2.1
870 silly packumentCache full:https://registry.npmmirror.com/object.values cache-miss
871 http fetch GET 200 https://registry.npmmirror.com/hasown 310ms (cache miss)
872 silly packumentCache full:https://registry.npmmirror.com/hasown set size:3832 disposed:false
873 silly fetch manifest semver@^6.3.1
874 silly packumentCache full:https://registry.npmmirror.com/semver cache-miss
875 http fetch GET 200 https://registry.npmmirror.com/doctrine 532ms (cache miss)
876 silly packumentCache full:https://registry.npmmirror.com/doctrine set size:12778 disposed:false
877 silly fetch manifest string.prototype.trimend@^1.0.9
878 silly packumentCache full:https://registry.npmmirror.com/string.prototype.trimend cache-miss
879 http fetch GET 200 https://registry.npmmirror.com/eslint-module-utils 491ms (cache miss)
880 silly packumentCache full:https://registry.npmmirror.com/eslint-module-utils set size:14206 disposed:false
881 silly fetch manifest tsconfig-paths@^3.15.0
882 silly packumentCache full:https://registry.npmmirror.com/tsconfig-paths cache-miss
883 http fetch GET 200 https://registry.npmmirror.com/unrs-resolver 1246ms (cache miss)
884 silly packumentCache full:https://registry.npmmirror.com/unrs-resolver set size:25586 disposed:false
885 silly fetch manifest aria-query@^5.3.2
886 silly packumentCache full:https://registry.npmmirror.com/aria-query cache-miss
887 http fetch GET 200 https://registry.npmmirror.com/object.fromentries 526ms (cache miss)
888 silly packumentCache full:https://registry.npmmirror.com/object.fromentries set size:7239 disposed:false
889 silly fetch manifest array-includes@^3.1.8
890 silly packumentCache full:https://registry.npmmirror.com/array-includes cache-hit
891 silly fetch manifest array.prototype.flatmap@^1.3.2
892 silly packumentCache full:https://registry.npmmirror.com/array.prototype.flatmap cache-hit
893 silly fetch manifest ast-types-flow@^0.0.8
894 silly packumentCache full:https://registry.npmmirror.com/ast-types-flow cache-miss
895 http fetch GET 200 https://registry.npmmirror.com/object.groupby 489ms (cache miss)
896 silly packumentCache full:https://registry.npmmirror.com/object.groupby set size:4099 disposed:false
897 silly fetch manifest axe-core@^4.10.0
898 silly packumentCache full:https://registry.npmmirror.com/axe-core cache-miss
899 http fetch GET 200 https://registry.npmmirror.com/semver 324ms (cache miss)
900 silly packumentCache full:https://registry.npmmirror.com/semver set size:44826 disposed:false
901 silly fetch manifest axobject-query@^4.1.0
902 silly packumentCache full:https://registry.npmmirror.com/axobject-query cache-miss
903 http fetch GET 200 https://registry.npmmirror.com/object.values 523ms (cache miss)
904 silly packumentCache full:https://registry.npmmirror.com/object.values set size:9222 disposed:false
905 silly fetch manifest damerau-levenshtein@^1.0.8
906 silly packumentCache full:https://registry.npmmirror.com/damerau-levenshtein cache-miss
907 http fetch GET 200 https://registry.npmmirror.com/string.prototype.trimend 296ms (cache miss)
908 silly packumentCache full:https://registry.npmmirror.com/string.prototype.trimend set size:8298 disposed:false
909 silly fetch manifest emoji-regex@^9.2.2
910 silly packumentCache full:https://registry.npmmirror.com/emoji-regex cache-miss
911 http fetch GET 200 https://registry.npmmirror.com/tsconfig-paths 515ms (cache miss)
912 silly packumentCache full:https://registry.npmmirror.com/tsconfig-paths set size:31311 disposed:false
913 silly fetch manifest jsx-ast-utils@^3.3.5
914 silly packumentCache full:https://registry.npmmirror.com/jsx-ast-utils cache-miss
915 http fetch GET 200 https://registry.npmmirror.com/aria-query 519ms (cache miss)
916 silly packumentCache full:https://registry.npmmirror.com/aria-query set size:18373 disposed:false
917 silly fetch manifest language-tags@^1.0.9
918 silly packumentCache full:https://registry.npmmirror.com/language-tags cache-miss
919 http fetch GET 200 https://registry.npmmirror.com/ast-types-flow 521ms (cache miss)
920 silly packumentCache full:https://registry.npmmirror.com/ast-types-flow set size:4515 disposed:false
921 silly fetch manifest safe-regex-test@^1.0.3
922 silly packumentCache full:https://registry.npmmirror.com/safe-regex-test cache-miss
923 http fetch GET 200 https://registry.npmmirror.com/axobject-query 543ms (cache miss)
924 silly packumentCache full:https://registry.npmmirror.com/axobject-query set size:14167 disposed:false
925 silly fetch manifest string.prototype.includes@^2.0.1
926 silly packumentCache full:https://registry.npmmirror.com/string.prototype.includes cache-miss
927 http fetch GET 200 https://registry.npmmirror.com/emoji-regex 561ms (cache miss)
928 silly packumentCache full:https://registry.npmmirror.com/emoji-regex set size:17651 disposed:false
929 silly fetch manifest array.prototype.findlast@^1.2.5
930 silly packumentCache full:https://registry.npmmirror.com/array.prototype.findlast cache-miss
931 http fetch GET 200 https://registry.npmmirror.com/safe-regex-test 285ms (cache miss)
932 silly packumentCache full:https://registry.npmmirror.com/safe-regex-test set size:4899 disposed:false
933 silly fetch manifest array.prototype.tosorted@^1.1.4
934 silly packumentCache full:https://registry.npmmirror.com/array.prototype.tosorted cache-miss
935 http fetch GET 200 https://registry.npmmirror.com/jsx-ast-utils 552ms (cache miss)
936 silly packumentCache full:https://registry.npmmirror.com/jsx-ast-utils set size:21148 disposed:false
937 silly fetch manifest es-iterator-helpers@^1.2.1
938 silly packumentCache full:https://registry.npmmirror.com/es-iterator-helpers cache-miss
939 http fetch GET 200 https://registry.npmmirror.com/language-tags 521ms (cache miss)
940 silly packumentCache full:https://registry.npmmirror.com/language-tags set size:10884 disposed:false
941 silly fetch manifest estraverse@^5.3.0
942 silly packumentCache full:https://registry.npmmirror.com/estraverse cache-hit
943 silly fetch manifest jsx-ast-utils@^2.4.1 || ^3.0.0
944 silly packumentCache full:https://registry.npmmirror.com/jsx-ast-utils cache-hit
945 silly fetch manifest object.entries@^1.1.9
946 silly packumentCache full:https://registry.npmmirror.com/object.entries cache-miss
947 http fetch GET 200 https://registry.npmmirror.com/damerau-levenshtein 973ms (cache miss)
948 silly packumentCache full:https://registry.npmmirror.com/damerau-levenshtein set size:5109 disposed:false
949 silly fetch manifest prop-types@^15.8.1
950 silly packumentCache full:https://registry.npmmirror.com/prop-types cache-miss
951 http fetch GET 200 https://registry.npmmirror.com/string.prototype.includes 524ms (cache miss)
952 silly packumentCache full:https://registry.npmmirror.com/string.prototype.includes set size:4091 disposed:false
953 silly fetch manifest resolve@^2.0.0-next.5
954 silly packumentCache full:https://registry.npmmirror.com/resolve cache-hit
955 silly fetch manifest string.prototype.matchall@^4.0.12
956 silly packumentCache full:https://registry.npmmirror.com/string.prototype.matchall cache-miss
957 http fetch GET 200 https://registry.npmmirror.com/array.prototype.findlast 529ms (cache miss)
958 silly packumentCache full:https://registry.npmmirror.com/array.prototype.findlast set size:9729 disposed:false
959 silly fetch manifest string.prototype.repeat@^1.0.0
960 silly packumentCache full:https://registry.npmmirror.com/string.prototype.repeat cache-miss
961 http fetch GET 200 https://registry.npmmirror.com/prop-types 339ms (cache miss)
962 silly packumentCache full:https://registry.npmmirror.com/prop-types set size:16068 disposed:false
963 silly fetch manifest @babel/core@^7.24.4
964 silly packumentCache full:https://registry.npmmirror.com/@babel%2fcore cache-miss
965 http fetch GET 200 https://registry.npmmirror.com/es-iterator-helpers 506ms (cache miss)
966 silly packumentCache full:https://registry.npmmirror.com/es-iterator-helpers set size:35710 disposed:false
967 silly fetch manifest @babel/parser@^7.24.4
968 silly packumentCache full:https://registry.npmmirror.com/@babel%2fparser cache-miss
969 http fetch GET 200 https://registry.npmmirror.com/array.prototype.tosorted 720ms (cache miss)
970 silly packumentCache full:https://registry.npmmirror.com/array.prototype.tosorted set size:6830 disposed:false
971 silly fetch manifest hermes-parser@^0.25.1
972 silly packumentCache full:https://registry.npmmirror.com/hermes-parser cache-miss
973 http fetch GET 200 https://registry.npmmirror.com/object.entries 563ms (cache miss)
974 silly packumentCache full:https://registry.npmmirror.com/object.entries set size:9226 disposed:false
975 silly fetch manifest zod@^3.25.0 || ^4.0.0
976 silly packumentCache full:https://registry.npmmirror.com/zod cache-miss
977 http fetch GET 200 https://registry.npmmirror.com/string.prototype.matchall 490ms (cache miss)
978 silly packumentCache full:https://registry.npmmirror.com/string.prototype.matchall set size:11416 disposed:false
979 silly fetch manifest zod-validation-error@^3.5.0 || ^4.0.0
980 silly packumentCache full:https://registry.npmmirror.com/zod-validation-error cache-miss
981 http fetch GET 200 https://registry.npmmirror.com/string.prototype.repeat 491ms (cache miss)
982 silly packumentCache full:https://registry.npmmirror.com/string.prototype.repeat set size:2657 disposed:false
983 silly fetch manifest @typescript-eslint/eslint-plugin@8.55.0
984 silly packumentCache full:https://registry.npmmirror.com/@typescript-eslint%2feslint-plugin cache-miss
985 http fetch GET 200 https://registry.npmmirror.com/zod 396ms (cache miss)
986 silly packumentCache full:https://registry.npmmirror.com/zod set size:424625 disposed:false
987 silly fetch manifest @typescript-eslint/parser@8.55.0
988 silly packumentCache full:https://registry.npmmirror.com/@typescript-eslint%2fparser cache-miss
989 http fetch GET 200 https://registry.npmmirror.com/@babel%2fparser 530ms (cache miss)
990 silly packumentCache full:https://registry.npmmirror.com/@babel%2fparser set size:105871 disposed:false
991 silly fetch manifest @typescript-eslint/typescript-estree@8.55.0
992 silly packumentCache full:https://registry.npmmirror.com/@typescript-eslint%2ftypescript-estree cache-miss
993 http fetch GET 200 https://registry.npmmirror.com/zod-validation-error 540ms (cache miss)
994 silly packumentCache full:https://registry.npmmirror.com/zod-validation-error set size:39088 disposed:false
995 silly fetch manifest @typescript-eslint/utils@8.55.0
996 silly packumentCache full:https://registry.npmmirror.com/@typescript-eslint%2futils cache-miss
997 http cache https://registry.npmmirror.com/@typescript-eslint%2futils 28ms (cache hit)
998 silly packumentCache full:https://registry.npmmirror.com/@typescript-eslint%2futils set size:10038303 disposed:false
999 http fetch GET 200 https://registry.npmmirror.com/@babel%2fcore 848ms (cache miss)
1000 silly packumentCache full:https://registry.npmmirror.com/@babel%2fcore set size:107265 disposed:false
1001 http fetch GET 200 https://registry.npmmirror.com/@typescript-eslint%2fparser 1148ms (cache miss)
1002 silly packumentCache full:https://registry.npmmirror.com/@typescript-eslint%2fparser set size:2285595 disposed:false
1003 http fetch GET 200 https://registry.npmmirror.com/axe-core 3217ms (cache miss)
1004 silly packumentCache full:https://registry.npmmirror.com/axe-core set size:911214 disposed:false
1005 http fetch GET 200 https://registry.npmmirror.com/@typescript-eslint%2ftypescript-estree 1748ms (cache miss)
1006 silly packumentCache full:https://registry.npmmirror.com/@typescript-eslint%2ftypescript-estree set size:2314484 disposed:false
1007 http fetch GET 200 https://registry.npmmirror.com/hermes-parser 2315ms (cache miss)
1008 silly packumentCache full:https://registry.npmmirror.com/hermes-parser set size:27086 disposed:false
1009 http fetch GET 200 https://registry.npmmirror.com/@typescript-eslint%2feslint-plugin 9218ms (cache miss)
1010 silly packumentCache full:https://registry.npmmirror.com/@typescript-eslint%2feslint-plugin set size:2332156 disposed:false
1011 silly placeDep ROOT fast-glob@3.3.1 OK for: @next/eslint-plugin-next@16.1.6 want: 3.3.1
1012 silly fetch manifest @nodelib/fs.stat@^2.0.2
1013 silly packumentCache full:https://registry.npmmirror.com/@nodelib%2ffs.stat cache-miss
1014 silly fetch manifest @nodelib/fs.walk@^1.2.3
1015 silly packumentCache full:https://registry.npmmirror.com/@nodelib%2ffs.walk cache-miss
1016 silly fetch manifest glob-parent@^5.1.2
1017 silly packumentCache full:https://registry.npmmirror.com/glob-parent cache-hit
1018 silly fetch manifest merge2@^1.3.0
1019 silly packumentCache full:https://registry.npmmirror.com/merge2 cache-miss
1020 silly fetch manifest micromatch@^4.0.4
1021 silly packumentCache full:https://registry.npmmirror.com/micromatch cache-miss
1022 http fetch GET 200 https://registry.npmmirror.com/merge2 545ms (cache miss)
1023 silly packumentCache full:https://registry.npmmirror.com/merge2 set size:8713 disposed:false
1024 http fetch GET 200 https://registry.npmmirror.com/micromatch 548ms (cache miss)
1025 silly packumentCache full:https://registry.npmmirror.com/micromatch set size:39386 disposed:false
1026 http fetch GET 200 https://registry.npmmirror.com/@nodelib%2ffs.walk 927ms (cache miss)
1027 silly packumentCache full:https://registry.npmmirror.com/@nodelib%2ffs.walk set size:8290 disposed:false
1028 http fetch GET 200 https://registry.npmmirror.com/@nodelib%2ffs.stat 1052ms (cache miss)
1029 silly packumentCache full:https://registry.npmmirror.com/@nodelib%2ffs.stat set size:6493 disposed:false
1030 silly placeDep node_modules/eslint-import-resolver-node debug@3.2.7 OK for: eslint-import-resolver-node@0.3.9 want: ^3.2.7
1031 silly placeDep ROOT is-core-module@2.16.1 OK for: eslint-import-resolver-node@0.3.9 want: ^2.13.0
1032 silly placeDep ROOT resolve@1.22.11 OK for: eslint-import-resolver-node@0.3.9 want: ^1.22.4
1033 silly fetch manifest path-parse@^1.0.7
1034 silly packumentCache full:https://registry.npmmirror.com/path-parse cache-miss
1035 silly fetch manifest supports-preserve-symlinks-flag@^1.0.0
1036 silly packumentCache full:https://registry.npmmirror.com/supports-preserve-symlinks-flag cache-miss
1037 http fetch GET 200 https://registry.npmmirror.com/path-parse 288ms (cache miss)
1038 silly packumentCache full:https://registry.npmmirror.com/path-parse set size:2940 disposed:false
1039 http fetch GET 200 https://registry.npmmirror.com/supports-preserve-symlinks-flag 383ms (cache miss)
1040 silly packumentCache full:https://registry.npmmirror.com/supports-preserve-symlinks-flag set size:2816 disposed:false
1041 silly placeDep ROOT @nolyfill/is-core-module@1.0.39 OK for: eslint-import-resolver-typescript@3.10.1 want: 1.0.39
1042 silly placeDep ROOT get-tsconfig@4.13.6 OK for: eslint-import-resolver-typescript@3.10.1 want: ^4.10.0
1043 silly placeDep ROOT is-bun-module@2.0.0 OK for: eslint-import-resolver-typescript@3.10.1 want: ^2.0.0
1044 silly placeDep ROOT stable-hash@0.0.5 OK for: eslint-import-resolver-typescript@3.10.1 want: ^0.0.5
1045 silly placeDep ROOT tinyglobby@0.2.15 OK for: eslint-import-resolver-typescript@3.10.1 want: ^0.2.13
1046 silly placeDep ROOT unrs-resolver@1.11.1 OK for: eslint-import-resolver-typescript@3.10.1 want: ^1.6.2
1047 silly fetch manifest resolve-pkg-maps@^1.0.0
1048 silly packumentCache full:https://registry.npmmirror.com/resolve-pkg-maps cache-miss
1049 silly fetch manifest semver@^7.7.1
1050 silly packumentCache full:https://registry.npmmirror.com/semver cache-hit
1051 silly fetch manifest fdir@^6.5.0
1052 silly packumentCache full:https://registry.npmmirror.com/fdir cache-miss
1053 silly fetch manifest picomatch@^4.0.3
1054 silly packumentCache full:https://registry.npmmirror.com/picomatch cache-miss
1055 silly fetch manifest napi-postinstall@^0.3.0
1056 silly packumentCache full:https://registry.npmmirror.com/napi-postinstall cache-miss
1057 silly fetch manifest @unrs/resolver-binding-win32-x64-msvc@1.11.1
1058 silly packumentCache full:https://registry.npmmirror.com/@unrs%2fresolver-binding-win32-x64-msvc cache-miss
1059 silly fetch manifest @unrs/resolver-binding-win32-arm64-msvc@1.11.1
1060 silly packumentCache full:https://registry.npmmirror.com/@unrs%2fresolver-binding-win32-arm64-msvc cache-miss
1061 silly fetch manifest @unrs/resolver-binding-win32-ia32-msvc@1.11.1
1062 silly packumentCache full:https://registry.npmmirror.com/@unrs%2fresolver-binding-win32-ia32-msvc cache-miss
1063 http fetch GET 200 https://registry.npmmirror.com/picomatch 388ms (cache miss)
1064 silly packumentCache full:https://registry.npmmirror.com/picomatch set size:22183 disposed:false
1065 silly fetch manifest @unrs/resolver-binding-linux-x64-gnu@1.11.1
1066 silly packumentCache full:https://registry.npmmirror.com/@unrs%2fresolver-binding-linux-x64-gnu cache-miss
1067 http fetch GET 200 https://registry.npmmirror.com/@unrs%2fresolver-binding-win32-arm64-msvc 501ms (cache miss)
1068 silly packumentCache full:https://registry.npmmirror.com/@unrs%2fresolver-binding-win32-arm64-msvc set size:12879 disposed:false
1069 silly fetch manifest @unrs/resolver-binding-linux-x64-musl@1.11.1
1070 silly packumentCache full:https://registry.npmmirror.com/@unrs%2fresolver-binding-linux-x64-musl cache-miss
1071 http fetch GET 200 https://registry.npmmirror.com/napi-postinstall 512ms (cache miss)
1072 silly packumentCache full:https://registry.npmmirror.com/napi-postinstall set size:9329 disposed:false
1073 silly fetch manifest @unrs/resolver-binding-freebsd-x64@1.11.1
1074 silly packumentCache full:https://registry.npmmirror.com/@unrs%2fresolver-binding-freebsd-x64 cache-miss
1075 http fetch GET 200 https://registry.npmmirror.com/resolve-pkg-maps 526ms (cache miss)
1076 silly packumentCache full:https://registry.npmmirror.com/resolve-pkg-maps set size:4954 disposed:false
1077 silly fetch manifest @unrs/resolver-binding-android-arm64@1.11.1
1078 silly packumentCache full:https://registry.npmmirror.com/@unrs%2fresolver-binding-android-arm64 cache-miss
1079 http fetch GET 200 https://registry.npmmirror.com/fdir 530ms (cache miss)
1080 silly packumentCache full:https://registry.npmmirror.com/fdir set size:21942 disposed:false
1081 silly fetch manifest @unrs/resolver-binding-linux-arm64-gnu@1.11.1
1082 silly packumentCache full:https://registry.npmmirror.com/@unrs%2fresolver-binding-linux-arm64-gnu cache-miss
1083 http fetch GET 200 https://registry.npmmirror.com/@unrs%2fresolver-binding-win32-x64-msvc 564ms (cache miss)
1084 silly packumentCache full:https://registry.npmmirror.com/@unrs%2fresolver-binding-win32-x64-msvc set size:12880 disposed:false
1085 silly fetch manifest @unrs/resolver-binding-linux-arm64-musl@1.11.1
1086 silly packumentCache full:https://registry.npmmirror.com/@unrs%2fresolver-binding-linux-arm64-musl cache-miss
1087 http fetch GET 200 https://registry.npmmirror.com/@unrs%2fresolver-binding-linux-x64-gnu 531ms (cache miss)
1088 silly packumentCache full:https://registry.npmmirror.com/@unrs%2fresolver-binding-linux-x64-gnu set size:12865 disposed:false
1089 silly fetch manifest @unrs/resolver-binding-android-arm-eabi@1.11.1
1090 silly packumentCache full:https://registry.npmmirror.com/@unrs%2fresolver-binding-android-arm-eabi cache-miss
1091 http fetch GET 200 https://registry.npmmirror.com/@unrs%2fresolver-binding-win32-ia32-msvc 978ms (cache miss)
1092 silly packumentCache full:https://registry.npmmirror.com/@unrs%2fresolver-binding-win32-ia32-msvc set size:12857 disposed:false
1093 silly fetch manifest @unrs/resolver-binding-linux-arm-gnueabihf@1.11.1
1094 silly packumentCache full:https://registry.npmmirror.com/@unrs%2fresolver-binding-linux-arm-gnueabihf cache-miss
1095 http fetch GET 200 https://registry.npmmirror.com/@unrs%2fresolver-binding-freebsd-x64 505ms (cache miss)
1096 silly packumentCache full:https://registry.npmmirror.com/@unrs%2fresolver-binding-freebsd-x64 set size:12830 disposed:false
1097 silly fetch manifest @unrs/resolver-binding-linux-arm-musleabihf@1.11.1
1098 silly packumentCache full:https://registry.npmmirror.com/@unrs%2fresolver-binding-linux-arm-musleabihf cache-miss
1099 http fetch GET 200 https://registry.npmmirror.com/@unrs%2fresolver-binding-linux-x64-musl 522ms (cache miss)
1100 silly packumentCache full:https://registry.npmmirror.com/@unrs%2fresolver-binding-linux-x64-musl set size:12867 disposed:false
1101 silly fetch manifest @unrs/resolver-binding-linux-ppc64-gnu@1.11.1
1102 silly packumentCache full:https://registry.npmmirror.com/@unrs%2fresolver-binding-linux-ppc64-gnu cache-miss
1103 http fetch GET 200 https://registry.npmmirror.com/@unrs%2fresolver-binding-android-arm64 506ms (cache miss)
1104 silly packumentCache full:https://registry.npmmirror.com/@unrs%2fresolver-binding-android-arm64 set size:3125 disposed:false
1105 silly fetch manifest @unrs/resolver-binding-linux-riscv64-gnu@1.11.1
1106 silly packumentCache full:https://registry.npmmirror.com/@unrs%2fresolver-binding-linux-riscv64-gnu cache-miss
1107 http fetch GET 200 https://registry.npmmirror.com/@unrs%2fresolver-binding-linux-arm64-gnu 543ms (cache miss)
1108 silly packumentCache full:https://registry.npmmirror.com/@unrs%2fresolver-binding-linux-arm64-gnu set size:12838 disposed:false
1109 silly fetch manifest @unrs/resolver-binding-linux-riscv64-musl@1.11.1
1110 silly packumentCache full:https://registry.npmmirror.com/@unrs%2fresolver-binding-linux-riscv64-musl cache-miss
1111 http fetch GET 200 https://registry.npmmirror.com/@unrs%2fresolver-binding-linux-arm64-musl 517ms (cache miss)
1112 silly packumentCache full:https://registry.npmmirror.com/@unrs%2fresolver-binding-linux-arm64-musl set size:12922 disposed:false
1113 silly fetch manifest @unrs/resolver-binding-linux-s390x-gnu@1.11.1
1114 silly packumentCache full:https://registry.npmmirror.com/@unrs%2fresolver-binding-linux-s390x-gnu cache-miss
1115 http fetch GET 200 https://registry.npmmirror.com/@unrs%2fresolver-binding-android-arm-eabi 545ms (cache miss)
1116 silly packumentCache full:https://registry.npmmirror.com/@unrs%2fresolver-binding-android-arm-eabi set size:3133 disposed:false
1117 silly fetch manifest @unrs/resolver-binding-darwin-x64@1.11.1
1118 silly packumentCache full:https://registry.npmmirror.com/@unrs%2fresolver-binding-darwin-x64 cache-miss
1119 http fetch GET 200 https://registry.npmmirror.com/@unrs%2fresolver-binding-linux-ppc64-gnu 504ms (cache miss)
1120 silly packumentCache full:https://registry.npmmirror.com/@unrs%2fresolver-binding-linux-ppc64-gnu set size:12740 disposed:false
1121 silly fetch manifest @unrs/resolver-binding-darwin-arm64@1.11.1
1122 silly packumentCache full:https://registry.npmmirror.com/@unrs%2fresolver-binding-darwin-arm64 cache-miss
1123 http fetch GET 200 https://registry.npmmirror.com/@unrs%2fresolver-binding-linux-arm-musleabihf 542ms (cache miss)
1124 silly packumentCache full:https://registry.npmmirror.com/@unrs%2fresolver-binding-linux-arm-musleabihf set size:12964 disposed:false
1125 silly fetch manifest @unrs/resolver-binding-wasm32-wasi@1.11.1
1126 silly packumentCache full:https://registry.npmmirror.com/@unrs%2fresolver-binding-wasm32-wasi cache-miss
1127 http fetch GET 200 https://registry.npmmirror.com/@unrs%2fresolver-binding-linux-arm-gnueabihf 889ms (cache miss)
1128 silly packumentCache full:https://registry.npmmirror.com/@unrs%2fresolver-binding-linux-arm-gnueabihf set size:12882 disposed:false
1129 http fetch GET 200 https://registry.npmmirror.com/@unrs%2fresolver-binding-linux-s390x-gnu 939ms (cache miss)
1130 silly packumentCache full:https://registry.npmmirror.com/@unrs%2fresolver-binding-linux-s390x-gnu set size:12823 disposed:false
1131 http fetch GET 200 https://registry.npmmirror.com/@unrs%2fresolver-binding-darwin-x64 560ms (cache miss)
1132 silly packumentCache full:https://registry.npmmirror.com/@unrs%2fresolver-binding-darwin-x64 set size:12802 disposed:false
1133 http fetch GET 200 https://registry.npmmirror.com/@unrs%2fresolver-binding-linux-riscv64-musl 976ms (cache miss)
1134 silly packumentCache full:https://registry.npmmirror.com/@unrs%2fresolver-binding-linux-riscv64-musl set size:8721 disposed:false
1135 http fetch GET 200 https://registry.npmmirror.com/@unrs%2fresolver-binding-wasm32-wasi 493ms (cache miss)
1136 silly packumentCache full:https://registry.npmmirror.com/@unrs%2fresolver-binding-wasm32-wasi set size:13124 disposed:false
1137 http fetch GET 200 https://registry.npmmirror.com/@unrs%2fresolver-binding-darwin-arm64 528ms (cache miss)
1138 silly packumentCache full:https://registry.npmmirror.com/@unrs%2fresolver-binding-darwin-arm64 set size:12888 disposed:false
1139 http fetch GET 200 https://registry.npmmirror.com/@unrs%2fresolver-binding-linux-riscv64-gnu 1335ms (cache miss)
1140 silly packumentCache full:https://registry.npmmirror.com/@unrs%2fresolver-binding-linux-riscv64-gnu set size:10938 disposed:false
1141 silly placeDep ROOT @rtsao/scc@1.1.0 OK for: eslint-plugin-import@2.32.0 want: ^1.1.0
1142 silly placeDep ROOT array-includes@3.1.9 OK for: eslint-plugin-import@2.32.0 want: ^3.1.9
1143 silly placeDep ROOT array.prototype.findlastindex@1.2.6 OK for: eslint-plugin-import@2.32.0 want: ^1.2.6
1144 silly placeDep ROOT array.prototype.flat@1.3.3 OK for: eslint-plugin-import@2.32.0 want: ^1.3.3
1145 silly placeDep ROOT array.prototype.flatmap@1.3.3 OK for: eslint-plugin-import@2.32.0 want: ^1.3.3
1146 silly placeDep node_modules/eslint-plugin-import debug@3.2.7 OK for: eslint-plugin-import@2.32.0 want: ^3.2.7
1147 silly placeDep ROOT doctrine@2.1.0 OK for: eslint-plugin-import@2.32.0 want: ^2.1.0
1148 silly placeDep ROOT eslint-module-utils@2.12.1 OK for: eslint-plugin-import@2.32.0 want: ^2.12.1
1149 silly placeDep ROOT hasown@2.0.2 OK for: eslint-plugin-import@2.32.0 want: ^2.0.2
1150 silly placeDep ROOT object.fromentries@2.0.8 OK for: eslint-plugin-import@2.32.0 want: ^2.0.8
1151 silly placeDep ROOT object.groupby@1.0.3 OK for: eslint-plugin-import@2.32.0 want: ^1.0.3
1152 silly placeDep ROOT object.values@1.2.1 OK for: eslint-plugin-import@2.32.0 want: ^1.2.1
1153 silly placeDep ROOT semver@6.3.1 OK for: eslint-plugin-import@2.32.0 want: ^6.3.1
1154 silly placeDep ROOT string.prototype.trimend@1.0.9 OK for: eslint-plugin-import@2.32.0 want: ^1.0.9
1155 silly placeDep ROOT tsconfig-paths@3.15.0 OK for: eslint-plugin-import@2.32.0 want: ^3.15.0
1156 silly fetch manifest call-bind@^1.0.8
1157 silly packumentCache full:https://registry.npmmirror.com/call-bind cache-miss
1158 silly fetch manifest call-bound@^1.0.4
1159 silly packumentCache full:https://registry.npmmirror.com/call-bound cache-miss
1160 silly fetch manifest define-properties@^1.2.1
1161 silly packumentCache full:https://registry.npmmirror.com/define-properties cache-miss
1162 silly fetch manifest es-abstract@^1.24.0
1163 silly packumentCache full:https://registry.npmmirror.com/es-abstract cache-miss
1164 silly fetch manifest es-object-atoms@^1.1.1
1165 silly packumentCache full:https://registry.npmmirror.com/es-object-atoms cache-miss
1166 silly fetch manifest get-intrinsic@^1.3.0
1167 silly packumentCache full:https://registry.npmmirror.com/get-intrinsic cache-miss
1168 silly fetch manifest is-string@^1.1.1
1169 silly packumentCache full:https://registry.npmmirror.com/is-string cache-miss
1170 http fetch GET 200 https://registry.npmmirror.com/call-bound 277ms (cache miss)
1171 silly packumentCache full:https://registry.npmmirror.com/call-bound set size:3859 disposed:false
1172 silly fetch manifest math-intrinsics@^1.1.0
1173 silly packumentCache full:https://registry.npmmirror.com/math-intrinsics cache-miss
1174 http fetch GET 200 https://registry.npmmirror.com/es-object-atoms 290ms (cache miss)
1175 silly packumentCache full:https://registry.npmmirror.com/es-object-atoms set size:3862 disposed:false
1176 silly fetch manifest call-bind@^1.0.8
1177 silly packumentCache full:https://registry.npmmirror.com/call-bind cache-miss
1178 http fetch GET 200 https://registry.npmmirror.com/define-properties 292ms (cache miss)
1179 silly packumentCache full:https://registry.npmmirror.com/define-properties set size:7369 disposed:false
1180 silly fetch manifest es-abstract@^1.23.9
1181 silly packumentCache full:https://registry.npmmirror.com/es-abstract cache-miss
1182 http fetch GET 200 https://registry.npmmirror.com/get-intrinsic 298ms (cache miss)
1183 silly packumentCache full:https://registry.npmmirror.com/get-intrinsic set size:11575 disposed:false
1184 silly fetch manifest es-errors@^1.3.0
1185 silly packumentCache full:https://registry.npmmirror.com/es-errors cache-miss
1186 http fetch GET 200 https://registry.npmmirror.com/is-string 302ms (cache miss)
1187 silly packumentCache full:https://registry.npmmirror.com/is-string set size:5725 disposed:false
1188 silly fetch manifest es-shim-unscopables@^1.1.0
1189 silly packumentCache full:https://registry.npmmirror.com/es-shim-unscopables cache-miss
1190 http fetch GET 200 https://registry.npmmirror.com/call-bind 421ms (cache miss)
1191 silly packumentCache full:https://registry.npmmirror.com/call-bind set size:5720 disposed:false
1192 silly fetch manifest es-abstract@^1.23.5
1193 silly packumentCache full:https://registry.npmmirror.com/es-abstract cache-miss
1194 http fetch GET 200 https://registry.npmmirror.com/es-abstract 433ms (cache miss)
1195 silly packumentCache full:https://registry.npmmirror.com/es-abstract set size:51585 disposed:false
1196 silly fetch manifest es-shim-unscopables@^1.0.2
1197 silly packumentCache full:https://registry.npmmirror.com/es-shim-unscopables cache-miss
1198 http fetch GET 200 https://registry.npmmirror.com/math-intrinsics 274ms (cache miss)
1199 silly packumentCache full:https://registry.npmmirror.com/math-intrinsics set size:3012 disposed:false
1200 silly fetch manifest es-abstract@^1.23.5
1201 silly packumentCache full:https://registry.npmmirror.com/es-abstract cache-hit
1202 silly fetch manifest es-shim-unscopables@^1.0.2
1203 silly packumentCache full:https://registry.npmmirror.com/es-shim-unscopables cache-miss
1204 http fetch GET 200 https://registry.npmmirror.com/es-errors 264ms (cache miss)
1205 silly packumentCache full:https://registry.npmmirror.com/es-errors set size:4030 disposed:false
1206 silly fetch manifest function-bind@^1.1.2
1207 silly packumentCache full:https://registry.npmmirror.com/function-bind cache-miss
1208 http fetch GET 200 https://registry.npmmirror.com/call-bind 281ms (cache miss)
1209 silly packumentCache full:https://registry.npmmirror.com/call-bind set size:5720 disposed:false
1210 silly packumentCache full:https://registry.npmmirror.com/call-bind dispose
1211 silly fetch manifest call-bind@^1.0.7
1212 silly packumentCache full:https://registry.npmmirror.com/call-bind cache-hit
1213 silly fetch manifest es-abstract@^1.23.2
1214 silly packumentCache full:https://registry.npmmirror.com/es-abstract cache-hit
1215 silly fetch manifest es-object-atoms@^1.0.0
1216 silly packumentCache full:https://registry.npmmirror.com/es-object-atoms cache-hit
1217 silly fetch manifest call-bound@^1.0.3
1218 silly packumentCache full:https://registry.npmmirror.com/call-bound cache-hit
1219 silly fetch manifest call-bound@^1.0.2
1220 silly packumentCache full:https://registry.npmmirror.com/call-bound cache-hit
1221 silly fetch manifest @types/json5@^0.0.29
1222 silly packumentCache full:https://registry.npmmirror.com/@types%2fjson5 cache-miss
1223 http fetch GET 200 https://registry.npmmirror.com/es-abstract 430ms (cache miss)
1224 silly packumentCache full:https://registry.npmmirror.com/es-abstract set size:51585 disposed:false
1225 silly packumentCache full:https://registry.npmmirror.com/es-abstract dispose
1226 silly fetch manifest json5@^1.0.2
1227 silly packumentCache full:https://registry.npmmirror.com/json5 cache-miss
1228 http fetch GET 200 https://registry.npmmirror.com/es-shim-unscopables 369ms (cache miss)
1229 silly packumentCache full:https://registry.npmmirror.com/es-shim-unscopables set size:4499 disposed:false
1230 silly fetch manifest minimist@^1.2.6
1231 silly packumentCache full:https://registry.npmmirror.com/minimist cache-miss
1232 http fetch GET 200 https://registry.npmmirror.com/es-shim-unscopables 517ms (cache miss)
1233 silly packumentCache full:https://registry.npmmirror.com/es-shim-unscopables set size:4499 disposed:false
1234 silly packumentCache full:https://registry.npmmirror.com/es-shim-unscopables dispose
1235 silly fetch manifest strip-bom@^3.0.0
1236 silly packumentCache full:https://registry.npmmirror.com/strip-bom cache-miss
1237 http fetch GET 200 https://registry.npmmirror.com/es-shim-unscopables 275ms (cache miss)
1238 silly packumentCache full:https://registry.npmmirror.com/es-shim-unscopables set size:4499 disposed:true
1239 silly packumentCache full:https://registry.npmmirror.com/es-shim-unscopables dispose
1240 http fetch GET 200 https://registry.npmmirror.com/function-bind 269ms (cache miss)
1241 silly packumentCache full:https://registry.npmmirror.com/function-bind set size:4376 disposed:false
1242 http fetch GET 200 https://registry.npmmirror.com/json5 344ms (cache miss)
1243 silly packumentCache full:https://registry.npmmirror.com/json5 set size:18850 disposed:false
1244 http fetch GET 200 https://registry.npmmirror.com/@types%2fjson5 508ms (cache miss)
1245 silly packumentCache full:https://registry.npmmirror.com/@types%2fjson5 set size:4033 disposed:false
1246 http fetch GET 200 https://registry.npmmirror.com/minimist 326ms (cache miss)
1247 silly packumentCache full:https://registry.npmmirror.com/minimist set size:15089 disposed:false
1248 http fetch GET 200 https://registry.npmmirror.com/strip-bom 594ms (cache miss)
1249 silly packumentCache full:https://registry.npmmirror.com/strip-bom set size:4055 disposed:false
1250 http fetch GET 200 https://registry.npmmirror.com/es-abstract 1356ms (cache miss)
1251 silly packumentCache full:https://registry.npmmirror.com/es-abstract set size:51585 disposed:true
1252 silly packumentCache full:https://registry.npmmirror.com/es-abstract dispose
1253 silly placeDep ROOT call-bind@1.0.8 OK for: array-includes@3.1.9 want: ^1.0.8
1254 silly placeDep ROOT call-bound@1.0.4 OK for: array-includes@3.1.9 want: ^1.0.4
1255 silly placeDep ROOT define-properties@1.2.1 OK for: array-includes@3.1.9 want: ^1.2.1
1256 silly placeDep ROOT es-abstract@1.24.1 OK for: array-includes@3.1.9 want: ^1.24.0
1257 silly placeDep ROOT es-object-atoms@1.1.1 OK for: array-includes@3.1.9 want: ^1.1.1
1258 silly placeDep ROOT get-intrinsic@1.3.0 OK for: array-includes@3.1.9 want: ^1.3.0
1259 silly placeDep ROOT is-string@1.1.1 OK for: array-includes@3.1.9 want: ^1.1.1
1260 silly placeDep ROOT math-intrinsics@1.1.0 OK for: array-includes@3.1.9 want: ^1.1.0
1261 silly fetch manifest call-bind-apply-helpers@^1.0.0
1262 silly packumentCache full:https://registry.npmmirror.com/call-bind-apply-helpers cache-miss
1263 silly fetch manifest es-define-property@^1.0.0
1264 silly packumentCache full:https://registry.npmmirror.com/es-define-property cache-miss
1265 silly fetch manifest get-intrinsic@^1.2.4
1266 silly packumentCache full:https://registry.npmmirror.com/get-intrinsic cache-hit
1267 silly fetch manifest set-function-length@^1.2.2
1268 silly packumentCache full:https://registry.npmmirror.com/set-function-length cache-miss
1269 silly fetch manifest call-bind-apply-helpers@^1.0.2
1270 silly packumentCache full:https://registry.npmmirror.com/call-bind-apply-helpers cache-miss
1271 silly fetch manifest define-data-property@^1.0.1
1272 silly packumentCache full:https://registry.npmmirror.com/define-data-property cache-miss
1273 silly fetch manifest has-property-descriptors@^1.0.0
1274 silly packumentCache full:https://registry.npmmirror.com/has-property-descriptors cache-miss
1275 silly fetch manifest object-keys@^1.1.1
1276 silly packumentCache full:https://registry.npmmirror.com/object-keys cache-miss
1277 http fetch GET 200 https://registry.npmmirror.com/es-define-property 277ms (cache miss)
1278 silly packumentCache full:https://registry.npmmirror.com/es-define-property set size:2896 disposed:false
1279 silly fetch manifest array-buffer-byte-length@^1.0.2
1280 silly packumentCache full:https://registry.npmmirror.com/array-buffer-byte-length cache-miss
1281 http fetch GET 200 https://registry.npmmirror.com/call-bind-apply-helpers 289ms (cache miss)
1282 silly packumentCache full:https://registry.npmmirror.com/call-bind-apply-helpers set size:3532 disposed:false
1283 silly fetch manifest arraybuffer.prototype.slice@^1.0.4
1284 silly packumentCache full:https://registry.npmmirror.com/arraybuffer.prototype.slice cache-miss
1285 http fetch GET 200 https://registry.npmmirror.com/call-bind-apply-helpers 291ms (cache miss)
1286 silly packumentCache full:https://registry.npmmirror.com/call-bind-apply-helpers set size:3532 disposed:false
1287 silly packumentCache full:https://registry.npmmirror.com/call-bind-apply-helpers dispose
1288 silly fetch manifest available-typed-arrays@^1.0.7
1289 silly packumentCache full:https://registry.npmmirror.com/available-typed-arrays cache-miss
1290 http fetch GET 200 https://registry.npmmirror.com/define-data-property 294ms (cache miss)
1291 silly packumentCache full:https://registry.npmmirror.com/define-data-property set size:5602 disposed:false
1292 silly fetch manifest data-view-buffer@^1.0.2
1293 silly packumentCache full:https://registry.npmmirror.com/data-view-buffer cache-miss
1294 http fetch GET 200 https://registry.npmmirror.com/has-property-descriptors 295ms (cache miss)
1295 silly packumentCache full:https://registry.npmmirror.com/has-property-descriptors set size:4037 disposed:false
1296 silly fetch manifest data-view-byte-length@^1.0.2
1297 silly packumentCache full:https://registry.npmmirror.com/data-view-byte-length cache-miss
1298 http fetch GET 200 https://registry.npmmirror.com/set-function-length 300ms (cache miss)
1299 silly packumentCache full:https://registry.npmmirror.com/set-function-length set size:5230 disposed:false
1300 silly fetch manifest data-view-byte-offset@^1.0.1
1301 silly packumentCache full:https://registry.npmmirror.com/data-view-byte-offset cache-miss
1302 http fetch GET 200 https://registry.npmmirror.com/object-keys 457ms (cache miss)
1303 silly packumentCache full:https://registry.npmmirror.com/object-keys set size:10709 disposed:false
1304 silly fetch manifest es-define-property@^1.0.1
1305 silly packumentCache full:https://registry.npmmirror.com/es-define-property cache-hit
1306 silly fetch manifest es-set-tostringtag@^2.1.0
1307 silly packumentCache full:https://registry.npmmirror.com/es-set-tostringtag cache-miss
1308 http fetch GET 200 https://registry.npmmirror.com/array-buffer-byte-length 271ms (cache miss)
1309 silly packumentCache full:https://registry.npmmirror.com/array-buffer-byte-length set size:4200 disposed:false
1310 silly fetch manifest es-to-primitive@^1.3.0
1311 silly packumentCache full:https://registry.npmmirror.com/es-to-primitive cache-miss
1312 http fetch GET 200 https://registry.npmmirror.com/available-typed-arrays 287ms (cache miss)
1313 silly packumentCache full:https://registry.npmmirror.com/available-typed-arrays set size:4997 disposed:false
1314 silly fetch manifest function.prototype.name@^1.1.8
1315 silly packumentCache full:https://registry.npmmirror.com/function.prototype.name cache-miss
1316 http fetch GET 200 https://registry.npmmirror.com/arraybuffer.prototype.slice 293ms (cache miss)
1317 silly packumentCache full:https://registry.npmmirror.com/arraybuffer.prototype.slice set size:4650 disposed:false
1318 silly fetch manifest get-proto@^1.0.1
1319 silly packumentCache full:https://registry.npmmirror.com/get-proto cache-miss
1320 http fetch GET 200 https://registry.npmmirror.com/data-view-buffer 293ms (cache miss)
1321 silly packumentCache full:https://registry.npmmirror.com/data-view-buffer set size:3448 disposed:false
1322 silly fetch manifest get-symbol-description@^1.1.0
1323 silly packumentCache full:https://registry.npmmirror.com/get-symbol-description cache-miss
1324 http fetch GET 200 https://registry.npmmirror.com/data-view-byte-offset 296ms (cache miss)
1325 silly packumentCache full:https://registry.npmmirror.com/data-view-byte-offset set size:3104 disposed:false
1326 silly fetch manifest globalthis@^1.0.4
1327 silly packumentCache full:https://registry.npmmirror.com/globalthis cache-miss
1328 http fetch GET 200 https://registry.npmmirror.com/data-view-byte-length 301ms (cache miss)
1329 silly packumentCache full:https://registry.npmmirror.com/data-view-byte-length set size:3508 disposed:false
1330 silly fetch manifest gopd@^1.2.0
1331 silly packumentCache full:https://registry.npmmirror.com/gopd cache-miss
1332 http fetch GET 200 https://registry.npmmirror.com/es-to-primitive 269ms (cache miss)
1333 silly packumentCache full:https://registry.npmmirror.com/es-to-primitive set size:5211 disposed:false
1334 silly fetch manifest has-property-descriptors@^1.0.2
1335 silly packumentCache full:https://registry.npmmirror.com/has-property-descriptors cache-hit
1336 silly fetch manifest has-proto@^1.2.0
1337 silly packumentCache full:https://registry.npmmirror.com/has-proto cache-miss
1338 http fetch GET 200 https://registry.npmmirror.com/get-proto 285ms (cache miss)
1339 silly packumentCache full:https://registry.npmmirror.com/get-proto set size:2799 disposed:false
1340 silly fetch manifest has-symbols@^1.1.0
1341 silly packumentCache full:https://registry.npmmirror.com/has-symbols cache-miss
1342 http fetch GET 200 https://registry.npmmirror.com/get-symbol-description 290ms (cache miss)
1343 silly packumentCache full:https://registry.npmmirror.com/get-symbol-description set size:3815 disposed:false
1344 silly fetch manifest internal-slot@^1.1.0
1345 silly packumentCache full:https://registry.npmmirror.com/internal-slot cache-miss
1346 http fetch GET 200 https://registry.npmmirror.com/globalthis 290ms (cache miss)
1347 silly packumentCache full:https://registry.npmmirror.com/globalthis set size:5549 disposed:false
1348 silly fetch manifest is-array-buffer@^3.0.5
1349 silly packumentCache full:https://registry.npmmirror.com/is-array-buffer cache-miss
1350 http fetch GET 200 https://registry.npmmirror.com/gopd 294ms (cache miss)
1351 silly packumentCache full:https://registry.npmmirror.com/gopd set size:3962 disposed:false
1352 silly fetch manifest is-callable@^1.2.7
1353 silly packumentCache full:https://registry.npmmirror.com/is-callable cache-miss
1354 http fetch GET 200 https://registry.npmmirror.com/function.prototype.name 314ms (cache miss)
1355 silly packumentCache full:https://registry.npmmirror.com/function.prototype.name set size:7911 disposed:false
1356 silly fetch manifest is-data-view@^1.0.2
1357 silly packumentCache full:https://registry.npmmirror.com/is-data-view cache-miss
1358 http fetch GET 200 https://registry.npmmirror.com/es-set-tostringtag 615ms (cache miss)
1359 silly packumentCache full:https://registry.npmmirror.com/es-set-tostringtag set size:6558 disposed:false
1360 silly fetch manifest is-negative-zero@^2.0.3
1361 silly packumentCache full:https://registry.npmmirror.com/is-negative-zero cache-miss
1362 http fetch GET 200 https://registry.npmmirror.com/has-proto 284ms (cache miss)
1363 silly packumentCache full:https://registry.npmmirror.com/has-proto set size:6029 disposed:false
1364 silly fetch manifest is-regex@^1.2.1
1365 silly packumentCache full:https://registry.npmmirror.com/is-regex cache-miss
1366 http fetch GET 200 https://registry.npmmirror.com/is-callable 281ms (cache miss)
1367 silly packumentCache full:https://registry.npmmirror.com/is-callable set size:12207 disposed:false
1368 silly fetch manifest is-set@^2.0.3
1369 silly packumentCache full:https://registry.npmmirror.com/is-set cache-miss
1370 http fetch GET 200 https://registry.npmmirror.com/has-symbols 306ms (cache miss)
1371 silly packumentCache full:https://registry.npmmirror.com/has-symbols set size:5325 disposed:false
1372 silly fetch manifest is-shared-array-buffer@^1.0.4
1373 silly packumentCache full:https://registry.npmmirror.com/is-shared-array-buffer cache-miss
1374 http fetch GET 200 https://registry.npmmirror.com/is-array-buffer 299ms (cache miss)
1375 silly packumentCache full:https://registry.npmmirror.com/is-array-buffer set size:9151 disposed:false
1376 silly fetch manifest is-typed-array@^1.1.15
1377 silly packumentCache full:https://registry.npmmirror.com/is-typed-array cache-miss
1378 http fetch GET 200 https://registry.npmmirror.com/is-data-view 303ms (cache miss)
1379 silly packumentCache full:https://registry.npmmirror.com/is-data-view set size:3689 disposed:false
1380 silly fetch manifest is-weakref@^1.1.1
1381 silly packumentCache full:https://registry.npmmirror.com/is-weakref cache-miss
1382 http fetch GET 200 https://registry.npmmirror.com/is-regex 277ms (cache miss)
1383 silly packumentCache full:https://registry.npmmirror.com/is-regex set size:7442 disposed:false
1384 silly fetch manifest object-inspect@^1.13.4
1385 silly packumentCache full:https://registry.npmmirror.com/object-inspect cache-miss
1386 http fetch GET 200 https://registry.npmmirror.com/internal-slot 510ms (cache miss)
1387 silly packumentCache full:https://registry.npmmirror.com/internal-slot set size:7080 disposed:false
1388 silly fetch manifest object.assign@^4.1.7
1389 silly packumentCache full:https://registry.npmmirror.com/object.assign cache-miss
1390 http fetch GET 200 https://registry.npmmirror.com/is-negative-zero 364ms (cache miss)
1391 silly packumentCache full:https://registry.npmmirror.com/is-negative-zero set size:5445 disposed:false
1392 silly fetch manifest own-keys@^1.0.1
1393 silly packumentCache full:https://registry.npmmirror.com/own-keys cache-miss
1394 http fetch GET 200 https://registry.npmmirror.com/is-shared-array-buffer 298ms (cache miss)
1395 silly packumentCache full:https://registry.npmmirror.com/is-shared-array-buffer set size:5014 disposed:false
1396 silly fetch manifest regexp.prototype.flags@^1.5.4
1397 silly packumentCache full:https://registry.npmmirror.com/regexp.prototype.flags cache-miss
1398 http fetch GET 200 https://registry.npmmirror.com/is-weakref 291ms (cache miss)
1399 silly packumentCache full:https://registry.npmmirror.com/is-weakref set size:4835 disposed:false
1400 silly fetch manifest safe-array-concat@^1.1.3
1401 silly packumentCache full:https://registry.npmmirror.com/safe-array-concat cache-miss
1402 http fetch GET 200 https://registry.npmmirror.com/is-set 319ms (cache miss)
1403 silly packumentCache full:https://registry.npmmirror.com/is-set set size:4077 disposed:false
1404 silly fetch manifest safe-push-apply@^1.0.0
1405 silly packumentCache full:https://registry.npmmirror.com/safe-push-apply cache-miss
1406 http fetch GET 200 https://registry.npmmirror.com/is-typed-array 318ms (cache miss)
1407 silly packumentCache full:https://registry.npmmirror.com/is-typed-array set size:12988 disposed:false
1408 silly fetch manifest safe-regex-test@^1.1.0
1409 silly packumentCache full:https://registry.npmmirror.com/safe-regex-test cache-hit
1410 silly fetch manifest set-proto@^1.0.0
1411 silly packumentCache full:https://registry.npmmirror.com/set-proto cache-miss
1412 http fetch GET 200 https://registry.npmmirror.com/object.assign 286ms (cache miss)
1413 silly packumentCache full:https://registry.npmmirror.com/object.assign set size:15538 disposed:false
1414 silly fetch manifest stop-iteration-iterator@^1.1.0
1415 silly packumentCache full:https://registry.npmmirror.com/stop-iteration-iterator cache-miss
1416 http fetch GET 200 https://registry.npmmirror.com/object-inspect 297ms (cache miss)
1417 silly packumentCache full:https://registry.npmmirror.com/object-inspect set size:19266 disposed:false
1418 silly fetch manifest string.prototype.trim@^1.2.10
1419 silly packumentCache full:https://registry.npmmirror.com/string.prototype.trim cache-miss
1420 http fetch GET 200 https://registry.npmmirror.com/own-keys 321ms (cache miss)
1421 silly packumentCache full:https://registry.npmmirror.com/own-keys set size:2880 disposed:false
1422 silly fetch manifest string.prototype.trimstart@^1.0.8
1423 silly packumentCache full:https://registry.npmmirror.com/string.prototype.trimstart cache-miss
1424 http fetch GET 200 https://registry.npmmirror.com/safe-array-concat 299ms (cache miss)
1425 silly packumentCache full:https://registry.npmmirror.com/safe-array-concat set size:5733 disposed:false
1426 silly fetch manifest typed-array-buffer@^1.0.3
1427 silly packumentCache full:https://registry.npmmirror.com/typed-array-buffer cache-miss
1428 http fetch GET 200 https://registry.npmmirror.com/set-proto 289ms (cache miss)
1429 silly packumentCache full:https://registry.npmmirror.com/set-proto set size:2390 disposed:false
1430 silly fetch manifest typed-array-byte-length@^1.0.3
1431 silly packumentCache full:https://registry.npmmirror.com/typed-array-byte-length cache-miss
1432 http fetch GET 200 https://registry.npmmirror.com/safe-push-apply 307ms (cache miss)
1433 silly packumentCache full:https://registry.npmmirror.com/safe-push-apply set size:2489 disposed:false
1434 silly fetch manifest typed-array-byte-offset@^1.0.4
1435 silly packumentCache full:https://registry.npmmirror.com/typed-array-byte-offset cache-miss
1436 http fetch GET 200 https://registry.npmmirror.com/string.prototype.trim 275ms (cache miss)
1437 silly packumentCache full:https://registry.npmmirror.com/string.prototype.trim set size:9985 disposed:false
1438 silly fetch manifest typed-array-length@^1.0.7
1439 silly packumentCache full:https://registry.npmmirror.com/typed-array-length cache-miss
1440 http fetch GET 200 https://registry.npmmirror.com/stop-iteration-iterator 285ms (cache miss)
1441 silly packumentCache full:https://registry.npmmirror.com/stop-iteration-iterator set size:3567 disposed:false
1442 silly fetch manifest unbox-primitive@^1.1.0
1443 silly packumentCache full:https://registry.npmmirror.com/unbox-primitive cache-miss
1444 http fetch GET 200 https://registry.npmmirror.com/typed-array-buffer 281ms (cache miss)
1445 silly packumentCache full:https://registry.npmmirror.com/typed-array-buffer set size:3861 disposed:false
1446 silly fetch manifest which-typed-array@^1.1.19
1447 silly packumentCache full:https://registry.npmmirror.com/which-typed-array cache-miss
1448 http fetch GET 200 https://registry.npmmirror.com/typed-array-byte-length 286ms (cache miss)
1449 silly packumentCache full:https://registry.npmmirror.com/typed-array-byte-length set size:4248 disposed:false
1450 silly fetch manifest has-tostringtag@^1.0.2
1451 silly packumentCache full:https://registry.npmmirror.com/has-tostringtag cache-miss
1452 http fetch GET 200 https://registry.npmmirror.com/typed-array-byte-offset 292ms (cache miss)
1453 silly packumentCache full:https://registry.npmmirror.com/typed-array-byte-offset set size:4744 disposed:false
1454 http fetch GET 200 https://registry.npmmirror.com/string.prototype.trimstart 410ms (cache miss)
1455 silly packumentCache full:https://registry.npmmirror.com/string.prototype.trimstart set size:7822 disposed:false
1456 http fetch GET 200 https://registry.npmmirror.com/unbox-primitive 274ms (cache miss)
1457 silly packumentCache full:https://registry.npmmirror.com/unbox-primitive set size:4660 disposed:false
1458 http fetch GET 200 https://registry.npmmirror.com/typed-array-length 278ms (cache miss)
1459 silly packumentCache full:https://registry.npmmirror.com/typed-array-length set size:8781 disposed:false
1460 http fetch GET 200 https://registry.npmmirror.com/regexp.prototype.flags 803ms (cache miss)
1461 silly packumentCache full:https://registry.npmmirror.com/regexp.prototype.flags set size:13352 disposed:false
1462 http fetch GET 200 https://registry.npmmirror.com/has-tostringtag 297ms (cache miss)
1463 silly packumentCache full:https://registry.npmmirror.com/has-tostringtag set size:3448 disposed:false
1464 http fetch GET 200 https://registry.npmmirror.com/which-typed-array 317ms (cache miss)
1465 silly packumentCache full:https://registry.npmmirror.com/which-typed-array set size:14024 disposed:false
1466 silly placeDep ROOT es-errors@1.3.0 OK for: array.prototype.findlastindex@1.2.6 want: ^1.3.0
1467 silly placeDep ROOT es-shim-unscopables@1.1.0 OK for: array.prototype.findlastindex@1.2.6 want: ^1.1.0
1468 silly placeDep ROOT call-bind-apply-helpers@1.0.2 OK for: call-bind@1.0.8 want: ^1.0.0
1469 silly placeDep ROOT es-define-property@1.0.1 OK for: call-bind@1.0.8 want: ^1.0.0
1470 silly placeDep ROOT set-function-length@1.2.2 OK for: call-bind@1.0.8 want: ^1.2.2
1471 silly fetch manifest define-data-property@^1.1.4
1472 silly packumentCache full:https://registry.npmmirror.com/define-data-property cache-hit
1473 silly fetch manifest gopd@^1.0.1
1474 silly packumentCache full:https://registry.npmmirror.com/gopd cache-hit
1475 silly placeDep ROOT function-bind@1.1.2 OK for: call-bind-apply-helpers@1.0.2 want: ^1.1.2
1476 silly placeDep ROOT define-data-property@1.1.4 OK for: define-properties@1.2.1 want: ^1.0.1
1477 silly placeDep ROOT has-property-descriptors@1.0.2 OK for: define-properties@1.2.1 want: ^1.0.0
1478 silly placeDep ROOT object-keys@1.1.1 OK for: define-properties@1.2.1 want: ^1.1.1
1479 silly placeDep ROOT gopd@1.2.0 OK for: define-data-property@1.1.4 want: ^1.0.1
1480 silly placeDep ROOT array-buffer-byte-length@1.0.2 OK for: es-abstract@1.24.1 want: ^1.0.2
1481 silly placeDep ROOT arraybuffer.prototype.slice@1.0.4 OK for: es-abstract@1.24.1 want: ^1.0.4
1482 silly placeDep ROOT available-typed-arrays@1.0.7 OK for: es-abstract@1.24.1 want: ^1.0.7
1483 silly placeDep ROOT data-view-buffer@1.0.2 OK for: es-abstract@1.24.1 want: ^1.0.2
1484 silly placeDep ROOT data-view-byte-length@1.0.2 OK for: es-abstract@1.24.1 want: ^1.0.2
1485 silly placeDep ROOT data-view-byte-offset@1.0.1 OK for: es-abstract@1.24.1 want: ^1.0.1
1486 silly placeDep ROOT es-set-tostringtag@2.1.0 OK for: es-abstract@1.24.1 want: ^2.1.0
1487 silly placeDep ROOT es-to-primitive@1.3.0 OK for: es-abstract@1.24.1 want: ^1.3.0
1488 silly placeDep ROOT function.prototype.name@1.1.8 OK for: es-abstract@1.24.1 want: ^1.1.8
1489 silly placeDep ROOT get-proto@1.0.1 OK for: es-abstract@1.24.1 want: ^1.0.1
1490 silly placeDep ROOT get-symbol-description@1.1.0 OK for: es-abstract@1.24.1 want: ^1.1.0
1491 silly placeDep ROOT globalthis@1.0.4 OK for: es-abstract@1.24.1 want: ^1.0.4
1492 silly placeDep ROOT has-proto@1.2.0 OK for: es-abstract@1.24.1 want: ^1.2.0
1493 silly placeDep ROOT has-symbols@1.1.0 OK for: es-abstract@1.24.1 want: ^1.1.0
1494 silly placeDep ROOT internal-slot@1.1.0 OK for: es-abstract@1.24.1 want: ^1.1.0
1495 silly placeDep ROOT is-array-buffer@3.0.5 OK for: es-abstract@1.24.1 want: ^3.0.5
1496 silly placeDep ROOT is-callable@1.2.7 OK for: es-abstract@1.24.1 want: ^1.2.7
1497 silly placeDep ROOT is-data-view@1.0.2 OK for: es-abstract@1.24.1 want: ^1.0.2
1498 silly placeDep ROOT is-negative-zero@2.0.3 OK for: es-abstract@1.24.1 want: ^2.0.3
1499 silly placeDep ROOT is-regex@1.2.1 OK for: es-abstract@1.24.1 want: ^1.2.1
1500 silly placeDep ROOT is-set@2.0.3 OK for: es-abstract@1.24.1 want: ^2.0.3
1501 silly placeDep ROOT is-shared-array-buffer@1.0.4 OK for: es-abstract@1.24.1 want: ^1.0.4
1502 silly placeDep ROOT is-typed-array@1.1.15 OK for: es-abstract@1.24.1 want: ^1.1.15
1503 silly placeDep ROOT is-weakref@1.1.1 OK for: es-abstract@1.24.1 want: ^1.1.1
1504 silly placeDep ROOT object-inspect@1.13.4 OK for: es-abstract@1.24.1 want: ^1.13.4
1505 silly placeDep ROOT object.assign@4.1.7 OK for: es-abstract@1.24.1 want: ^4.1.7
1506 silly placeDep ROOT own-keys@1.0.1 OK for: es-abstract@1.24.1 want: ^1.0.1
1507 silly placeDep ROOT regexp.prototype.flags@1.5.4 OK for: es-abstract@1.24.1 want: ^1.5.4
1508 silly placeDep ROOT safe-array-concat@1.1.3 OK for: es-abstract@1.24.1 want: ^1.1.3
1509 silly placeDep ROOT safe-push-apply@1.0.0 OK for: es-abstract@1.24.1 want: ^1.0.0
1510 silly placeDep ROOT safe-regex-test@1.1.0 OK for: es-abstract@1.24.1 want: ^1.1.0
1511 silly placeDep ROOT set-proto@1.0.0 OK for: es-abstract@1.24.1 want: ^1.0.0
1512 silly placeDep ROOT stop-iteration-iterator@1.1.0 OK for: es-abstract@1.24.1 want: ^1.1.0
1513 silly placeDep ROOT string.prototype.trim@1.2.10 OK for: es-abstract@1.24.1 want: ^1.2.10
1514 silly placeDep ROOT string.prototype.trimstart@1.0.8 OK for: es-abstract@1.24.1 want: ^1.0.8
1515 silly placeDep ROOT typed-array-buffer@1.0.3 OK for: es-abstract@1.24.1 want: ^1.0.3
1516 silly placeDep ROOT typed-array-byte-length@1.0.3 OK for: es-abstract@1.24.1 want: ^1.0.3
1517 silly placeDep ROOT typed-array-byte-offset@1.0.4 OK for: es-abstract@1.24.1 want: ^1.0.4
1518 silly placeDep ROOT typed-array-length@1.0.7 OK for: es-abstract@1.24.1 want: ^1.0.7
1519 silly placeDep ROOT unbox-primitive@1.1.0 OK for: es-abstract@1.24.1 want: ^1.1.0
1520 silly placeDep ROOT which-typed-array@1.1.20 OK for: es-abstract@1.24.1 want: ^1.1.19
1521 silly fetch manifest is-array-buffer@^3.0.4
1522 silly packumentCache full:https://registry.npmmirror.com/is-array-buffer cache-hit
1523 silly fetch manifest possible-typed-array-names@^1.0.0
1524 silly packumentCache full:https://registry.npmmirror.com/possible-typed-array-names cache-miss
1525 silly fetch manifest is-data-view@^1.0.1
1526 silly packumentCache full:https://registry.npmmirror.com/is-data-view cache-hit
1527 silly fetch manifest is-date-object@^1.0.5
1528 silly packumentCache full:https://registry.npmmirror.com/is-date-object cache-miss
1529 silly fetch manifest is-symbol@^1.0.4
1530 silly packumentCache full:https://registry.npmmirror.com/is-symbol cache-miss
1531 silly fetch manifest functions-have-names@^1.2.3
1532 silly packumentCache full:https://registry.npmmirror.com/functions-have-names cache-miss
1533 silly fetch manifest dunder-proto@^1.0.1
1534 silly packumentCache full:https://registry.npmmirror.com/dunder-proto cache-miss
1535 silly fetch manifest dunder-proto@^1.0.0
1536 silly packumentCache full:https://registry.npmmirror.com/dunder-proto cache-miss
1537 silly fetch manifest side-channel@^1.1.0
1538 silly packumentCache full:https://registry.npmmirror.com/side-channel cache-miss
1539 http fetch GET 200 https://registry.npmmirror.com/possible-typed-array-names 291ms (cache miss)
1540 silly packumentCache full:https://registry.npmmirror.com/possible-typed-array-names set size:3063 disposed:false
1541 silly fetch manifest is-typed-array@^1.1.13
1542 silly packumentCache full:https://registry.npmmirror.com/is-typed-array cache-hit
1543 silly fetch manifest which-typed-array@^1.1.16
1544 silly packumentCache full:https://registry.npmmirror.com/which-typed-array cache-hit
1545 silly fetch manifest set-function-name@^2.0.2
1546 silly packumentCache full:https://registry.npmmirror.com/set-function-name cache-miss
1547 http fetch GET 200 https://registry.npmmirror.com/dunder-proto 303ms (cache miss)
1548 silly packumentCache full:https://registry.npmmirror.com/dunder-proto set size:2798 disposed:false
1549 silly fetch manifest isarray@^2.0.5
1550 silly packumentCache full:https://registry.npmmirror.com/isarray cache-miss
1551 http fetch GET 200 https://registry.npmmirror.com/side-channel 305ms (cache miss)
1552 silly packumentCache full:https://registry.npmmirror.com/side-channel set size:5006 disposed:false
1553 silly fetch manifest isarray@^2.0.5
1554 silly packumentCache full:https://registry.npmmirror.com/isarray cache-miss
1555 http fetch GET 200 https://registry.npmmirror.com/dunder-proto 306ms (cache miss)
1556 silly packumentCache full:https://registry.npmmirror.com/dunder-proto set size:2798 disposed:false
1557 silly packumentCache full:https://registry.npmmirror.com/dunder-proto dispose
1558 silly fetch manifest for-each@^0.3.3
1559 silly packumentCache full:https://registry.npmmirror.com/for-each cache-miss
1560 http fetch GET 200 https://registry.npmmirror.com/is-symbol 513ms (cache miss)
1561 silly packumentCache full:https://registry.npmmirror.com/is-symbol set size:5011 disposed:false
1562 silly fetch manifest for-each@^0.3.3
1563 silly packumentCache full:https://registry.npmmirror.com/for-each cache-miss
1564 http fetch GET 200 https://registry.npmmirror.com/functions-have-names 517ms (cache miss)
1565 silly packumentCache full:https://registry.npmmirror.com/functions-have-names set size:4797 disposed:false
1566 silly fetch manifest reflect.getprototypeof@^1.0.9
1567 silly packumentCache full:https://registry.npmmirror.com/reflect.getprototypeof cache-miss
1568 http fetch GET 200 https://registry.npmmirror.com/is-date-object 582ms (cache miss)
1569 silly packumentCache full:https://registry.npmmirror.com/is-date-object set size:5039 disposed:false
1570 silly fetch manifest for-each@^0.3.3
1571 silly packumentCache full:https://registry.npmmirror.com/for-each cache-miss
1572 http fetch GET 200 https://registry.npmmirror.com/isarray 279ms (cache miss)
1573 silly packumentCache full:https://registry.npmmirror.com/isarray set size:3703 disposed:false
1574 silly fetch manifest reflect.getprototypeof@^1.0.6
1575 silly packumentCache full:https://registry.npmmirror.com/reflect.getprototypeof cache-miss
1576 http fetch GET 200 https://registry.npmmirror.com/isarray 314ms (cache miss)
1577 silly packumentCache full:https://registry.npmmirror.com/isarray set size:3703 disposed:false
1578 silly packumentCache full:https://registry.npmmirror.com/isarray dispose
1579 silly fetch manifest has-bigints@^1.0.2
1580 silly packumentCache full:https://registry.npmmirror.com/has-bigints cache-miss
1581 http fetch GET 200 https://registry.npmmirror.com/for-each 518ms (cache miss)
1582 silly packumentCache full:https://registry.npmmirror.com/for-each set size:3759 disposed:false
1583 silly fetch manifest which-boxed-primitive@^1.1.1
1584 silly packumentCache full:https://registry.npmmirror.com/which-boxed-primitive cache-miss
1585 http fetch GET 200 https://registry.npmmirror.com/for-each 314ms (cache miss)
1586 silly packumentCache full:https://registry.npmmirror.com/for-each set size:3759 disposed:false
1587 silly packumentCache full:https://registry.npmmirror.com/for-each dispose
1588 silly fetch manifest for-each@^0.3.5
1589 silly packumentCache full:https://registry.npmmirror.com/for-each cache-hit
1590 http fetch GET 200 https://registry.npmmirror.com/set-function-name 559ms (cache miss)
1591 silly packumentCache full:https://registry.npmmirror.com/set-function-name set size:3915 disposed:false
1592 http fetch GET 200 https://registry.npmmirror.com/for-each 341ms (cache miss)
1593 silly packumentCache full:https://registry.npmmirror.com/for-each set size:3759 disposed:true
1594 silly packumentCache full:https://registry.npmmirror.com/for-each dispose
1595 http fetch GET 200 https://registry.npmmirror.com/reflect.getprototypeof 498ms (cache miss)
1596 silly packumentCache full:https://registry.npmmirror.com/reflect.getprototypeof set size:8240 disposed:false
1597 http fetch GET 200 https://registry.npmmirror.com/reflect.getprototypeof 470ms (cache miss)
1598 silly packumentCache full:https://registry.npmmirror.com/reflect.getprototypeof set size:8240 disposed:false
1599 silly packumentCache full:https://registry.npmmirror.com/reflect.getprototypeof dispose
1600 http fetch GET 200 https://registry.npmmirror.com/has-bigints 527ms (cache miss)
1601 silly packumentCache full:https://registry.npmmirror.com/has-bigints set size:4240 disposed:false
1602 http fetch GET 200 https://registry.npmmirror.com/which-boxed-primitive 527ms (cache miss)
1603 silly packumentCache full:https://registry.npmmirror.com/which-boxed-primitive set size:4261 disposed:false
1604 silly placeDep ROOT possible-typed-array-names@1.1.0 OK for: available-typed-arrays@1.0.7 want: ^1.0.0
1605 silly placeDep ROOT has-tostringtag@1.0.2 OK for: es-set-tostringtag@2.1.0 want: ^1.0.2
1606 silly placeDep ROOT is-date-object@1.1.0 OK for: es-to-primitive@1.3.0 want: ^1.0.5
1607 silly placeDep ROOT is-symbol@1.1.1 OK for: es-to-primitive@1.3.0 want: ^1.0.4
1608 silly placeDep node_modules/eslint-module-utils debug@3.2.7 OK for: eslint-module-utils@2.12.1 want: ^3.2.7
1609 silly placeDep ROOT aria-query@5.3.2 OK for: eslint-plugin-jsx-a11y@6.10.2 want: ^5.3.2
1610 silly placeDep ROOT ast-types-flow@0.0.8 OK for: eslint-plugin-jsx-a11y@6.10.2 want: ^0.0.8
1611 silly placeDep ROOT axe-core@4.11.1 OK for: eslint-plugin-jsx-a11y@6.10.2 want: ^4.10.0
1612 silly placeDep ROOT axobject-query@4.1.0 OK for: eslint-plugin-jsx-a11y@6.10.2 want: ^4.1.0
1613 silly placeDep ROOT damerau-levenshtein@1.0.8 OK for: eslint-plugin-jsx-a11y@6.10.2 want: ^1.0.8
1614 silly placeDep ROOT emoji-regex@9.2.2 OK for: eslint-plugin-jsx-a11y@6.10.2 want: ^9.2.2
1615 silly placeDep ROOT jsx-ast-utils@3.3.5 OK for: eslint-plugin-jsx-a11y@6.10.2 want: ^3.3.5
1616 silly placeDep ROOT language-tags@1.0.9 OK for: eslint-plugin-jsx-a11y@6.10.2 want: ^1.0.9
1617 silly placeDep ROOT string.prototype.includes@2.0.1 OK for: eslint-plugin-jsx-a11y@6.10.2 want: ^2.0.1
1618 silly fetch manifest language-subtag-registry@^0.3.20
1619 silly packumentCache full:https://registry.npmmirror.com/language-subtag-registry cache-miss
1620 http fetch GET 200 https://registry.npmmirror.com/language-subtag-registry 534ms (cache miss)
1621 silly packumentCache full:https://registry.npmmirror.com/language-subtag-registry set size:9593 disposed:false
1622 silly placeDep ROOT array.prototype.findlast@1.2.5 OK for: eslint-plugin-react@7.37.5 want: ^1.2.5
1623 silly placeDep ROOT array.prototype.tosorted@1.1.4 OK for: eslint-plugin-react@7.37.5 want: ^1.1.4
1624 silly placeDep ROOT es-iterator-helpers@1.2.2 OK for: eslint-plugin-react@7.37.5 want: ^1.2.1
1625 silly placeDep ROOT estraverse@5.3.0 OK for: eslint-plugin-react@7.37.5 want: ^5.3.0
1626 silly placeDep ROOT object.entries@1.1.9 OK for: eslint-plugin-react@7.37.5 want: ^1.1.9
1627 silly placeDep ROOT prop-types@15.8.1 OK for: eslint-plugin-react@7.37.5 want: ^15.8.1
1628 silly placeDep node_modules/eslint-plugin-react resolve@2.0.0-next.5 OK for: eslint-plugin-react@7.37.5 want: ^2.0.0-next.5
1629 silly placeDep ROOT string.prototype.matchall@4.0.12 OK for: eslint-plugin-react@7.37.5 want: ^4.0.12
1630 silly placeDep ROOT string.prototype.repeat@1.0.0 OK for: eslint-plugin-react@7.37.5 want: ^1.0.0
1631 silly fetch manifest iterator.prototype@^1.1.5
1632 silly packumentCache full:https://registry.npmmirror.com/iterator.prototype cache-miss
1633 silly fetch manifest loose-envify@^1.4.0
1634 silly packumentCache full:https://registry.npmmirror.com/loose-envify cache-miss
1635 silly fetch manifest object-assign@^4.1.1
1636 silly packumentCache full:https://registry.npmmirror.com/object-assign cache-miss
1637 silly fetch manifest react-is@^16.13.1
1638 silly packumentCache full:https://registry.npmmirror.com/react-is cache-miss
1639 http fetch GET 200 https://registry.npmmirror.com/object-assign 277ms (cache miss)
1640 silly packumentCache full:https://registry.npmmirror.com/object-assign set size:5509 disposed:false
1641 http fetch GET 200 https://registry.npmmirror.com/loose-envify 310ms (cache miss)
1642 silly packumentCache full:https://registry.npmmirror.com/loose-envify set size:2934 disposed:false
1643 http fetch GET 200 https://registry.npmmirror.com/iterator.prototype 566ms (cache miss)
1644 silly packumentCache full:https://registry.npmmirror.com/iterator.prototype set size:6949 disposed:false
1645 http fetch GET 200 https://registry.npmmirror.com/react-is 4719ms (cache miss)
1646 silly packumentCache full:https://registry.npmmirror.com/react-is set size:1106914 disposed:false
1647 silly placeDep ROOT iterator.prototype@1.1.5 OK for: es-iterator-helpers@1.2.2 want: ^1.1.5
1648 silly placeDep ROOT @babel/core@7.29.0 OK for: eslint-plugin-react-hooks@7.0.1 want: ^7.24.4
1649 silly placeDep ROOT @babel/parser@7.29.0 OK for: eslint-plugin-react-hooks@7.0.1 want: ^7.24.4
1650 silly placeDep ROOT hermes-parser@0.25.1 OK for: eslint-plugin-react-hooks@7.0.1 want: ^0.25.1
1651 silly placeDep ROOT zod@4.3.6 OK for: eslint-plugin-react-hooks@7.0.1 want: ^3.25.0 || ^4.0.0
1652 silly placeDep ROOT zod-validation-error@4.0.2 OK for: eslint-plugin-react-hooks@7.0.1 want: ^3.5.0 || ^4.0.0
1653 silly fetch manifest @babel/code-frame@^7.29.0
1654 silly packumentCache full:https://registry.npmmirror.com/@babel%2fcode-frame cache-miss
1655 silly fetch manifest @babel/generator@^7.29.0
1656 silly packumentCache full:https://registry.npmmirror.com/@babel%2fgenerator cache-miss
1657 silly fetch manifest @babel/helper-compilation-targets@^7.28.6
1658 silly packumentCache full:https://registry.npmmirror.com/@babel%2fhelper-compilation-targets cache-miss
1659 silly fetch manifest @babel/helper-module-transforms@^7.28.6
1660 silly packumentCache full:https://registry.npmmirror.com/@babel%2fhelper-module-transforms cache-miss
1661 silly fetch manifest @babel/helpers@^7.28.6
1662 silly packumentCache full:https://registry.npmmirror.com/@babel%2fhelpers cache-miss
1663 silly fetch manifest @babel/parser@^7.29.0
1664 silly packumentCache full:https://registry.npmmirror.com/@babel%2fparser cache-hit
1665 silly fetch manifest @babel/template@^7.28.6
1666 silly packumentCache full:https://registry.npmmirror.com/@babel%2ftemplate cache-miss
1667 silly fetch manifest @babel/traverse@^7.29.0
1668 silly packumentCache full:https://registry.npmmirror.com/@babel%2ftraverse cache-miss
1669 http fetch GET 200 https://registry.npmmirror.com/@babel%2ftemplate 297ms (cache miss)
1670 silly packumentCache full:https://registry.npmmirror.com/@babel%2ftemplate set size:37955 disposed:false
1671 silly fetch manifest @babel/types@^7.29.0
1672 silly packumentCache full:https://registry.npmmirror.com/@babel%2ftypes cache-miss
1673 http fetch GET 200 https://registry.npmmirror.com/@babel%2fhelper-module-transforms 303ms (cache miss)
1674 silly packumentCache full:https://registry.npmmirror.com/@babel%2fhelper-module-transforms set size:56795 disposed:false
1675 silly fetch manifest convert-source-map@^2.0.0
1676 silly packumentCache full:https://registry.npmmirror.com/convert-source-map cache-miss
1677 http fetch GET 200 https://registry.npmmirror.com/@babel%2fhelper-compilation-targets 321ms (cache miss)
1678 silly packumentCache full:https://registry.npmmirror.com/@babel%2fhelper-compilation-targets set size:39957 disposed:false
1679 silly fetch manifest gensync@^1.0.0-beta.2
1680 silly packumentCache full:https://registry.npmmirror.com/gensync cache-miss
1681 http fetch GET 200 https://registry.npmmirror.com/@babel%2fcode-frame 407ms (cache miss)
1682 silly packumentCache full:https://registry.npmmirror.com/@babel%2fcode-frame set size:33594 disposed:false
1683 silly fetch manifest json5@^2.2.3
1684 silly packumentCache full:https://registry.npmmirror.com/json5 cache-hit
1685 silly fetch manifest @babel/types@^7.29.0
1686 silly packumentCache full:https://registry.npmmirror.com/@babel%2ftypes cache-miss
1687 http fetch GET 200 https://registry.npmmirror.com/gensync 267ms (cache miss)
1688 silly packumentCache full:https://registry.npmmirror.com/gensync set size:3930 disposed:false
1689 silly fetch manifest hermes-estree@0.25.1
1690 silly packumentCache full:https://registry.npmmirror.com/hermes-estree cache-miss
1691 http fetch GET 200 https://registry.npmmirror.com/@babel%2ftypes 297ms (cache miss)
1692 silly packumentCache full:https://registry.npmmirror.com/@babel%2ftypes set size:80022 disposed:false
1693 http fetch GET 200 https://registry.npmmirror.com/convert-source-map 298ms (cache miss)
1694 silly packumentCache full:https://registry.npmmirror.com/convert-source-map set size:13631 disposed:false
1695 http fetch GET 200 https://registry.npmmirror.com/@babel%2fgenerator 612ms (cache miss)
1696 silly packumentCache full:https://registry.npmmirror.com/@babel%2fgenerator set size:87901 disposed:false
1697 http fetch GET 200 https://registry.npmmirror.com/@babel%2ftraverse 623ms (cache miss)
1698 silly packumentCache full:https://registry.npmmirror.com/@babel%2ftraverse set size:93520 disposed:false
1699 http fetch GET 200 https://registry.npmmirror.com/@babel%2ftypes 576ms (cache miss)
1700 silly packumentCache full:https://registry.npmmirror.com/@babel%2ftypes set size:80022 disposed:false
1701 silly packumentCache full:https://registry.npmmirror.com/@babel%2ftypes dispose
1702 http fetch GET 200 https://registry.npmmirror.com/@babel%2fhelpers 1088ms (cache miss)
1703 silly packumentCache full:https://registry.npmmirror.com/@babel%2fhelpers set size:68452 disposed:false
1704 http fetch GET 200 https://registry.npmmirror.com/hermes-estree 532ms (cache miss)
1705 silly packumentCache full:https://registry.npmmirror.com/hermes-estree set size:22192 disposed:false
1706 silly fetch manifest @babel/core@^7.0.0
1707 silly packumentCache full:https://registry.npmmirror.com/@babel%2fcore cache-hit
1708 silly placeDep ROOT @babel/code-frame@7.29.0 OK for: @babel/core@7.29.0 want: ^7.29.0
1709 silly placeDep ROOT @babel/generator@7.29.1 OK for: @babel/core@7.29.0 want: ^7.29.0
1710 silly placeDep ROOT @babel/helper-compilation-targets@7.28.6 OK for: @babel/core@7.29.0 want: ^7.28.6
1711 silly placeDep ROOT @babel/helper-module-transforms@7.28.6 OK for: @babel/core@7.29.0 want: ^7.28.6
1712 silly placeDep ROOT @babel/helpers@7.28.6 OK for: @babel/core@7.29.0 want: ^7.28.6
1713 silly placeDep ROOT @babel/template@7.28.6 OK for: @babel/core@7.29.0 want: ^7.28.6
1714 silly placeDep ROOT @babel/traverse@7.29.0 OK for: @babel/core@7.29.0 want: ^7.29.0
1715 silly placeDep ROOT @babel/types@7.29.0 OK for: @babel/core@7.29.0 want: ^7.29.0
1716 silly placeDep ROOT convert-source-map@2.0.0 OK for: @babel/core@7.29.0 want: ^2.0.0
1717 silly placeDep ROOT gensync@1.0.0-beta.2 OK for: @babel/core@7.29.0 want: ^1.0.0-beta.2
1718 silly placeDep ROOT json5@2.2.3 OK for: @babel/core@7.29.0 want: ^2.2.3
1719 silly fetch manifest @babel/helper-validator-identifier@^7.28.5
1720 silly packumentCache full:https://registry.npmmirror.com/@babel%2fhelper-validator-identifier cache-miss
1721 silly fetch manifest js-tokens@^4.0.0
1722 silly packumentCache full:https://registry.npmmirror.com/js-tokens cache-miss
1723 silly fetch manifest jsesc@^3.0.2
1724 silly packumentCache full:https://registry.npmmirror.com/jsesc cache-miss
1725 silly fetch manifest @babel/compat-data@^7.28.6
1726 silly packumentCache full:https://registry.npmmirror.com/@babel%2fcompat-data cache-miss
1727 silly fetch manifest @babel/helper-validator-option@^7.27.1
1728 silly packumentCache full:https://registry.npmmirror.com/@babel%2fhelper-validator-option cache-miss
1729 silly fetch manifest browserslist@^4.24.0
1730 silly packumentCache full:https://registry.npmmirror.com/browserslist cache-miss
1731 silly fetch manifest lru-cache@^5.1.1
1732 silly packumentCache full:https://registry.npmmirror.com/lru-cache cache-miss
1733 http fetch GET 200 https://registry.npmmirror.com/js-tokens 312ms (cache miss)
1734 silly packumentCache full:https://registry.npmmirror.com/js-tokens set size:9897 disposed:false
1735 silly fetch manifest @babel/helper-module-imports@^7.28.6
1736 silly packumentCache full:https://registry.npmmirror.com/@babel%2fhelper-module-imports cache-miss
1737 http fetch GET 200 https://registry.npmmirror.com/lru-cache 316ms (cache miss)
1738 silly packumentCache full:https://registry.npmmirror.com/lru-cache set size:100668 disposed:false
1739 silly fetch manifest @babel/helper-validator-identifier@^7.28.5
1740 silly packumentCache full:https://registry.npmmirror.com/@babel%2fhelper-validator-identifier cache-miss
1741 http fetch GET 200 https://registry.npmmirror.com/jsesc 330ms (cache miss)
1742 silly packumentCache full:https://registry.npmmirror.com/jsesc set size:12774 disposed:false
1743 silly fetch manifest @babel/traverse@^7.28.6
1744 silly packumentCache full:https://registry.npmmirror.com/@babel%2ftraverse cache-hit
1745 silly fetch manifest @babel/types@^7.28.6
1746 silly packumentCache full:https://registry.npmmirror.com/@babel%2ftypes cache-hit
1747 silly fetch manifest @babel/helper-globals@^7.28.0
1748 silly packumentCache full:https://registry.npmmirror.com/@babel%2fhelper-globals cache-miss
1749 http fetch GET 200 https://registry.npmmirror.com/@babel%2fhelper-validator-identifier 335ms (cache miss)
1750 silly packumentCache full:https://registry.npmmirror.com/@babel%2fhelper-validator-identifier set size:22758 disposed:false
1751 silly fetch manifest @babel/helper-string-parser@^7.27.1
1752 silly packumentCache full:https://registry.npmmirror.com/@babel%2fhelper-string-parser cache-miss
1753 http fetch GET 200 https://registry.npmmirror.com/@babel%2fhelper-validator-option 351ms (cache miss)
1754 silly packumentCache full:https://registry.npmmirror.com/@babel%2fhelper-validator-option set size:19991 disposed:false
1755 http fetch GET 200 https://registry.npmmirror.com/@babel%2fcompat-data 464ms (cache miss)
1756 silly packumentCache full:https://registry.npmmirror.com/@babel%2fcompat-data set size:54256 disposed:false
1757 http fetch GET 200 https://registry.npmmirror.com/@babel%2fhelper-validator-identifier 302ms (cache miss)
1758 silly packumentCache full:https://registry.npmmirror.com/@babel%2fhelper-validator-identifier set size:22758 disposed:false
1759 silly packumentCache full:https://registry.npmmirror.com/@babel%2fhelper-validator-identifier dispose
1760 http fetch GET 200 https://registry.npmmirror.com/@babel%2fhelper-globals 298ms (cache miss)
1761 silly packumentCache full:https://registry.npmmirror.com/@babel%2fhelper-globals set size:2918 disposed:false
1762 http fetch GET 200 https://registry.npmmirror.com/@babel%2fhelper-module-imports 327ms (cache miss)
1763 silly packumentCache full:https://registry.npmmirror.com/@babel%2fhelper-module-imports set size:32566 disposed:false
1764 http fetch GET 200 https://registry.npmmirror.com/@babel%2fhelper-string-parser 349ms (cache miss)
1765 silly packumentCache full:https://registry.npmmirror.com/@babel%2fhelper-string-parser set size:18831 disposed:false
1766 http fetch GET 200 https://registry.npmmirror.com/browserslist 899ms (cache miss)
1767 silly packumentCache full:https://registry.npmmirror.com/browserslist set size:74370 disposed:false
1768 silly placeDep ROOT @babel/helper-validator-identifier@7.28.5 OK for: @babel/code-frame@7.29.0 want: ^7.28.5
1769 silly placeDep ROOT js-tokens@4.0.0 OK for: @babel/code-frame@7.29.0 want: ^4.0.0
1770 silly placeDep ROOT picocolors@1.1.1 OK for: @babel/code-frame@7.29.0 want: ^1.1.1
1771 silly placeDep ROOT jsesc@3.1.0 OK for: @babel/generator@7.29.1 want: ^3.0.2
1772 silly placeDep ROOT @babel/compat-data@7.29.0 OK for: @babel/helper-compilation-targets@7.28.6 want: ^7.28.6
1773 silly placeDep ROOT @babel/helper-validator-option@7.27.1 OK for: @babel/helper-compilation-targets@7.28.6 want: ^7.27.1
1774 silly placeDep ROOT browserslist@4.28.1 OK for: @babel/helper-compilation-targets@7.28.6 want: ^4.24.0
1775 silly placeDep ROOT lru-cache@5.1.1 OK for: @babel/helper-compilation-targets@7.28.6 want: ^5.1.1
1776 silly fetch manifest baseline-browser-mapping@^2.9.0
1777 silly packumentCache full:https://registry.npmmirror.com/baseline-browser-mapping cache-hit
1778 silly fetch manifest caniuse-lite@^1.0.30001759
1779 silly packumentCache full:https://registry.npmmirror.com/caniuse-lite cache-hit
1780 silly fetch manifest electron-to-chromium@^1.5.263
1781 silly packumentCache full:https://registry.npmmirror.com/electron-to-chromium cache-miss
1782 silly fetch manifest node-releases@^2.0.27
1783 silly packumentCache full:https://registry.npmmirror.com/node-releases cache-miss
1784 silly fetch manifest update-browserslist-db@^1.2.0
1785 silly packumentCache full:https://registry.npmmirror.com/update-browserslist-db cache-miss
1786 silly fetch manifest yallist@^3.0.2
1787 silly packumentCache full:https://registry.npmmirror.com/yallist cache-miss
1788 http fetch GET 200 https://registry.npmmirror.com/yallist 279ms (cache miss)
1789 silly packumentCache full:https://registry.npmmirror.com/yallist set size:7662 disposed:false
1790 http fetch GET 200 https://registry.npmmirror.com/update-browserslist-db 339ms (cache miss)
1791 silly packumentCache full:https://registry.npmmirror.com/update-browserslist-db set size:17723 disposed:false
1792 http fetch GET 200 https://registry.npmmirror.com/node-releases 414ms (cache miss)
1793 silly packumentCache full:https://registry.npmmirror.com/node-releases set size:37475 disposed:false
1794 http fetch GET 200 https://registry.npmmirror.com/electron-to-chromium 2435ms (cache miss)
1795 silly packumentCache full:https://registry.npmmirror.com/electron-to-chromium set size:800371 disposed:false
1796 silly placeDep ROOT @babel/helper-module-imports@7.28.6 OK for: @babel/helper-module-transforms@7.28.6 want: ^7.28.6
1797 silly placeDep ROOT @babel/helper-globals@7.28.0 OK for: @babel/traverse@7.29.0 want: ^7.28.0
1798 silly placeDep ROOT @babel/helper-string-parser@7.27.1 OK for: @babel/types@7.29.0 want: ^7.27.1
1799 silly fetch manifest browserslist@>= 4.21.0
1800 silly packumentCache full:https://registry.npmmirror.com/browserslist cache-hit
1801 silly placeDep ROOT baseline-browser-mapping@2.9.19 OK for: browserslist@4.28.1 want: ^2.9.0
1802 silly placeDep ROOT caniuse-lite@1.0.30001769 OK for: browserslist@4.28.1 want: ^1.0.30001759
1803 silly placeDep ROOT electron-to-chromium@1.5.286 OK for: browserslist@4.28.1 want: ^1.5.263
1804 silly placeDep ROOT node-releases@2.0.27 OK for: browserslist@4.28.1 want: ^2.0.27
1805 silly placeDep ROOT update-browserslist-db@1.2.3 OK for: browserslist@4.28.1 want: ^1.2.0
1806 silly fetch manifest escalade@^3.2.0
1807 silly packumentCache full:https://registry.npmmirror.com/escalade cache-miss
1808 http fetch GET 200 https://registry.npmmirror.com/escalade 296ms (cache miss)
1809 silly packumentCache full:https://registry.npmmirror.com/escalade set size:6820 disposed:false
1810 silly placeDep ROOT esrecurse@4.3.0 OK for: eslint-scope@8.4.0 want: ^4.3.0
1811 silly placeDep ROOT acorn@8.15.0 OK for: espree@10.4.0 want: ^8.15.0
1812 silly placeDep ROOT acorn-jsx@5.3.2 OK for: espree@10.4.0 want: ^5.3.2
1813 silly placeDep ROOT @nodelib/fs.stat@2.0.5 OK for: fast-glob@3.3.1 want: ^2.0.2
1814 silly placeDep ROOT @nodelib/fs.walk@1.2.8 OK for: fast-glob@3.3.1 want: ^1.2.3
1815 silly placeDep node_modules/fast-glob glob-parent@5.1.2 OK for: fast-glob@3.3.1 want: ^5.1.2
1816 silly placeDep ROOT merge2@1.4.1 OK for: fast-glob@3.3.1 want: ^1.3.0
1817 silly placeDep ROOT micromatch@4.0.8 OK for: fast-glob@3.3.1 want: ^4.0.4
1818 silly fetch manifest @nodelib/fs.scandir@2.1.5
1819 silly packumentCache full:https://registry.npmmirror.com/@nodelib%2ffs.scandir cache-miss
1820 silly fetch manifest fastq@^1.6.0
1821 silly packumentCache full:https://registry.npmmirror.com/fastq cache-miss
1822 silly fetch manifest braces@^3.0.3
1823 silly packumentCache full:https://registry.npmmirror.com/braces cache-miss
1824 silly fetch manifest picomatch@^2.3.1
1825 silly packumentCache full:https://registry.npmmirror.com/picomatch cache-hit
1826 http fetch GET 200 https://registry.npmmirror.com/braces 283ms (cache miss)
1827 silly packumentCache full:https://registry.npmmirror.com/braces set size:22104 disposed:false
1828 http fetch GET 200 https://registry.npmmirror.com/fastq 617ms (cache miss)
1829 silly packumentCache full:https://registry.npmmirror.com/fastq set size:15037 disposed:false
1830 http fetch GET 200 https://registry.npmmirror.com/@nodelib%2ffs.scandir 1221ms (cache miss)
1831 silly packumentCache full:https://registry.npmmirror.com/@nodelib%2ffs.scandir set size:8538 disposed:false
1832 silly placeDep ROOT @nodelib/fs.scandir@2.1.5 OK for: @nodelib/fs.walk@1.2.8 want: 2.1.5
1833 silly placeDep ROOT fastq@1.20.1 OK for: @nodelib/fs.walk@1.2.8 want: ^1.6.0
1834 silly fetch manifest run-parallel@^1.1.9
1835 silly packumentCache full:https://registry.npmmirror.com/run-parallel cache-miss
1836 silly fetch manifest reusify@^1.0.4
1837 silly packumentCache full:https://registry.npmmirror.com/reusify cache-miss
1838 http fetch GET 200 https://registry.npmmirror.com/run-parallel 523ms (cache miss)
1839 silly packumentCache full:https://registry.npmmirror.com/run-parallel set size:6674 disposed:false
1840 http fetch GET 200 https://registry.npmmirror.com/reusify 940ms (cache miss)
1841 silly packumentCache full:https://registry.npmmirror.com/reusify set size:4443 disposed:false
1842 silly placeDep ROOT run-parallel@1.2.0 OK for: @nodelib/fs.scandir@2.1.5 want: ^1.1.9
1843 silly fetch manifest queue-microtask@^1.2.2
1844 silly packumentCache full:https://registry.npmmirror.com/queue-microtask cache-miss
1845 http fetch GET 200 https://registry.npmmirror.com/queue-microtask 519ms (cache miss)
1846 silly packumentCache full:https://registry.npmmirror.com/queue-microtask set size:6139 disposed:false
1847 silly placeDep ROOT reusify@1.1.0 OK for: fastq@1.20.1 want: ^1.0.4
1848 silly placeDep ROOT flat-cache@4.0.1 OK for: file-entry-cache@8.0.0 want: ^4.0.0
1849 silly fetch manifest flatted@^3.2.9
1850 silly packumentCache full:https://registry.npmmirror.com/flatted cache-miss
1851 silly fetch manifest keyv@^4.5.4
1852 silly packumentCache full:https://registry.npmmirror.com/keyv cache-miss
1853 http fetch GET 200 https://registry.npmmirror.com/keyv 294ms (cache miss)
1854 silly packumentCache full:https://registry.npmmirror.com/keyv set size:53562 disposed:false
1855 http fetch GET 200 https://registry.npmmirror.com/flatted 536ms (cache miss)
1856 silly packumentCache full:https://registry.npmmirror.com/flatted set size:19215 disposed:false
1857 silly placeDep ROOT locate-path@6.0.0 OK for: find-up@5.0.0 want: ^6.0.0
1858 silly placeDep ROOT path-exists@4.0.0 OK for: find-up@5.0.0 want: ^4.0.0
1859 silly fetch manifest p-locate@^5.0.0
1860 silly packumentCache full:https://registry.npmmirror.com/p-locate cache-miss
1861 http fetch GET 200 https://registry.npmmirror.com/p-locate 308ms (cache miss)
1862 silly packumentCache full:https://registry.npmmirror.com/p-locate set size:4657 disposed:false
1863 silly placeDep ROOT flatted@3.3.3 OK for: flat-cache@4.0.1 want: ^3.2.9
1864 silly placeDep ROOT keyv@4.5.4 OK for: flat-cache@4.0.1 want: ^4.5.4
1865 silly fetch manifest json-buffer@3.0.1
1866 silly packumentCache full:https://registry.npmmirror.com/json-buffer cache-miss
1867 http fetch GET 200 https://registry.npmmirror.com/json-buffer 280ms (cache miss)
1868 silly packumentCache full:https://registry.npmmirror.com/json-buffer set size:4318 disposed:false
1869 silly placeDep ROOT functions-have-names@1.2.3 OK for: function.prototype.name@1.1.8 want: ^1.2.3
1870 silly placeDep ROOT dunder-proto@1.0.1 OK for: get-proto@1.0.1 want: ^1.0.1
1871 silly placeDep ROOT resolve-pkg-maps@1.0.0 OK for: get-tsconfig@4.13.6 want: ^1.0.0
1872 silly placeDep ROOT hermes-estree@0.25.1 OK for: hermes-parser@0.25.1 want: 0.25.1
1873 silly placeDep ROOT parent-module@1.0.1 OK for: import-fresh@3.3.1 want: ^1.0.0
1874 silly placeDep ROOT resolve-from@4.0.0 OK for: import-fresh@3.3.1 want: ^4.0.0
1875 silly fetch manifest callsites@^3.0.0
1876 silly packumentCache full:https://registry.npmmirror.com/callsites cache-miss
1877 http fetch GET 200 https://registry.npmmirror.com/callsites 301ms (cache miss)
1878 silly packumentCache full:https://registry.npmmirror.com/callsites set size:4788 disposed:false
1879 silly placeDep ROOT side-channel@1.1.0 OK for: internal-slot@1.1.0 want: ^1.1.0
1880 silly fetch manifest side-channel-list@^1.0.0
1881 silly packumentCache full:https://registry.npmmirror.com/side-channel-list cache-miss
1882 silly fetch manifest side-channel-map@^1.0.1
1883 silly packumentCache full:https://registry.npmmirror.com/side-channel-map cache-miss
1884 silly fetch manifest side-channel-weakmap@^1.0.2
1885 silly packumentCache full:https://registry.npmmirror.com/side-channel-weakmap cache-miss
1886 http fetch GET 200 https://registry.npmmirror.com/side-channel-weakmap 278ms (cache miss)
1887 silly packumentCache full:https://registry.npmmirror.com/side-channel-weakmap set size:3754 disposed:false
1888 http fetch GET 200 https://registry.npmmirror.com/side-channel-list 299ms (cache miss)
1889 silly packumentCache full:https://registry.npmmirror.com/side-channel-list set size:2589 disposed:false
1890 http fetch GET 200 https://registry.npmmirror.com/side-channel-map 300ms (cache miss)
1891 silly packumentCache full:https://registry.npmmirror.com/side-channel-map set size:3039 disposed:false
1892 silly placeDep node_modules/is-bun-module semver@7.7.4 OK for: is-bun-module@2.0.0 want: ^7.7.1
1893 silly placeDep ROOT is-extglob@2.1.1 OK for: is-glob@4.0.3 want: ^2.1.1
1894 silly placeDep ROOT set-function-name@2.0.2 OK for: iterator.prototype@1.1.5 want: ^2.0.2
1895 silly placeDep ROOT argparse@2.0.1 OK for: js-yaml@4.1.1 want: ^2.0.1
1896 silly placeDep ROOT json-buffer@3.0.1 OK for: keyv@4.5.4 want: 3.0.1
1897 silly placeDep ROOT language-subtag-registry@0.3.23 OK for: language-tags@1.0.9 want: ^0.3.20
1898 silly placeDep ROOT prelude-ls@1.2.1 OK for: levn@0.4.1 want: ^1.2.1
1899 silly placeDep ROOT type-check@0.4.0 OK for: levn@0.4.1 want: ~0.4.0
1900 silly placeDep ROOT detect-libc@2.1.2 OK for: lightningcss@1.30.2 want: ^2.0.3
1901 silly placeDep ROOT lightningcss-android-arm64@1.30.2 OK for: lightningcss@1.30.2 want: 1.30.2
1902 silly placeDep ROOT lightningcss-darwin-arm64@1.30.2 OK for: lightningcss@1.30.2 want: 1.30.2
1903 silly placeDep ROOT lightningcss-darwin-x64@1.30.2 OK for: lightningcss@1.30.2 want: 1.30.2
1904 silly placeDep ROOT lightningcss-freebsd-x64@1.30.2 OK for: lightningcss@1.30.2 want: 1.30.2
1905 silly placeDep ROOT lightningcss-linux-arm-gnueabihf@1.30.2 OK for: lightningcss@1.30.2 want: 1.30.2
1906 silly placeDep ROOT lightningcss-linux-arm64-gnu@1.30.2 OK for: lightningcss@1.30.2 want: 1.30.2
1907 silly placeDep ROOT lightningcss-linux-arm64-musl@1.30.2 OK for: lightningcss@1.30.2 want: 1.30.2
1908 silly placeDep ROOT lightningcss-linux-x64-gnu@1.30.2 OK for: lightningcss@1.30.2 want: 1.30.2
1909 silly placeDep ROOT lightningcss-linux-x64-musl@1.30.2 OK for: lightningcss@1.30.2 want: 1.30.2
1910 silly placeDep ROOT lightningcss-win32-arm64-msvc@1.30.2 OK for: lightningcss@1.30.2 want: 1.30.2
1911 silly placeDep ROOT lightningcss-win32-x64-msvc@1.30.2 OK for: lightningcss@1.30.2 want: 1.30.2
1912 silly placeDep ROOT p-locate@5.0.0 OK for: locate-path@6.0.0 want: ^5.0.0
1913 silly fetch manifest p-limit@^3.0.2
1914 silly packumentCache full:https://registry.npmmirror.com/p-limit cache-miss
1915 http fetch GET 200 https://registry.npmmirror.com/p-limit 320ms (cache miss)
1916 silly packumentCache full:https://registry.npmmirror.com/p-limit set size:10936 disposed:false
1917 silly placeDep ROOT yallist@3.1.1 OK for: lru-cache@5.1.1 want: ^3.0.2
1918 silly placeDep ROOT braces@3.0.3 OK for: micromatch@4.0.8 want: ^3.0.3
1919 silly placeDep ROOT picomatch@2.3.1 OK for: micromatch@4.0.8 want: ^2.3.1
1920 silly fetch manifest fill-range@^7.1.1
1921 silly packumentCache full:https://registry.npmmirror.com/fill-range cache-miss
1922 http fetch GET 200 https://registry.npmmirror.com/fill-range 364ms (cache miss)
1923 silly packumentCache full:https://registry.npmmirror.com/fill-range set size:14249 disposed:false
1924 silly placeDep ROOT fill-range@7.1.1 OK for: braces@3.0.3 want: ^7.1.1
1925 silly fetch manifest to-regex-range@^5.0.1
1926 silly packumentCache full:https://registry.npmmirror.com/to-regex-range cache-miss
1927 http fetch GET 200 https://registry.npmmirror.com/to-regex-range 291ms (cache miss)
1928 silly packumentCache full:https://registry.npmmirror.com/to-regex-range set size:11477 disposed:false
1929 silly placeDep ROOT to-regex-range@5.0.1 OK for: fill-range@7.1.1 want: ^5.0.1
1930 silly fetch manifest is-number@^7.0.0
1931 silly packumentCache full:https://registry.npmmirror.com/is-number cache-miss
1932 http fetch GET 200 https://registry.npmmirror.com/is-number 312ms (cache miss)
1933 silly packumentCache full:https://registry.npmmirror.com/is-number set size:7889 disposed:false
1934 silly placeDep ROOT brace-expansion@1.1.12 OK for: minimatch@3.1.2 want: ^1.1.7
1935 silly fetch manifest balanced-match@^1.0.0
1936 silly packumentCache full:https://registry.npmmirror.com/balanced-match cache-miss
1937 silly fetch manifest concat-map@0.0.1
1938 silly packumentCache full:https://registry.npmmirror.com/concat-map cache-miss
1939 http fetch GET 200 https://registry.npmmirror.com/balanced-match 280ms (cache miss)
1940 silly packumentCache full:https://registry.npmmirror.com/balanced-match set size:6801 disposed:false
1941 http fetch GET 200 https://registry.npmmirror.com/concat-map 304ms (cache miss)
1942 silly packumentCache full:https://registry.npmmirror.com/concat-map set size:3991 disposed:false
1943 silly placeDep ROOT balanced-match@1.0.2 OK for: brace-expansion@1.1.12 want: ^1.0.0
1944 silly placeDep ROOT concat-map@0.0.1 OK for: brace-expansion@1.1.12 want: 0.0.1
1945 silly fetch manifest react@^18.2.0 || 19.0.0-rc-de68d2f4-20241204 || ^19.0.0
1946 silly packumentCache full:https://registry.npmmirror.com/react cache-miss
1947 http cache https://registry.npmmirror.com/react 26ms (cache hit)
1948 silly packumentCache full:https://registry.npmmirror.com/react set size:6201379 disposed:false
1949 silly placeDep ROOT @next/env@16.1.6 OK for: next@16.1.6 want: 16.1.6
1950 silly placeDep ROOT @next/swc-darwin-arm64@16.1.6 OK for: next@16.1.6 want: 16.1.6
1951 silly placeDep ROOT @next/swc-darwin-x64@16.1.6 OK for: next@16.1.6 want: 16.1.6
1952 silly placeDep ROOT @next/swc-linux-arm64-gnu@16.1.6 OK for: next@16.1.6 want: 16.1.6
1953 silly placeDep ROOT @next/swc-linux-arm64-musl@16.1.6 OK for: next@16.1.6 want: 16.1.6
1954 silly placeDep ROOT @next/swc-linux-x64-gnu@16.1.6 OK for: next@16.1.6 want: 16.1.6
1955 silly placeDep ROOT @next/swc-linux-x64-musl@16.1.6 OK for: next@16.1.6 want: 16.1.6
1956 silly placeDep ROOT @next/swc-win32-arm64-msvc@16.1.6 OK for: next@16.1.6 want: 16.1.6
1957 silly placeDep ROOT @next/swc-win32-x64-msvc@16.1.6 OK for: next@16.1.6 want: 16.1.6
1958 silly placeDep ROOT @swc/helpers@0.5.15 OK for: next@16.1.6 want: 0.5.15
1959 silly placeDep node_modules/next postcss@8.4.31 OK for: next@16.1.6 want: 8.4.31
1960 silly placeDep ROOT sharp@0.34.5 OK for: next@16.1.6 want: ^0.34.4
1961 silly placeDep ROOT styled-jsx@5.1.6 OK for: next@16.1.6 want: 5.1.6
1962 silly fetch manifest tslib@^2.8.0
1963 silly packumentCache full:https://registry.npmmirror.com/tslib cache-miss
1964 silly fetch manifest nanoid@^3.3.6
1965 silly packumentCache full:https://registry.npmmirror.com/nanoid cache-hit
1966 silly fetch manifest @img/colour@^1.0.0
1967 silly packumentCache full:https://registry.npmmirror.com/@img%2fcolour cache-miss
1968 silly fetch manifest semver@^7.7.3
1969 silly packumentCache full:https://registry.npmmirror.com/semver cache-hit
1970 silly fetch manifest @img/sharp-darwin-arm64@0.34.5
1971 silly packumentCache full:https://registry.npmmirror.com/@img%2fsharp-darwin-arm64 cache-miss
1972 silly fetch manifest @img/sharp-darwin-x64@0.34.5
1973 silly packumentCache full:https://registry.npmmirror.com/@img%2fsharp-darwin-x64 cache-miss
1974 silly fetch manifest @img/sharp-libvips-darwin-arm64@1.2.4
1975 silly packumentCache full:https://registry.npmmirror.com/@img%2fsharp-libvips-darwin-arm64 cache-miss
1976 silly fetch manifest @img/sharp-libvips-darwin-x64@1.2.4
1977 silly packumentCache full:https://registry.npmmirror.com/@img%2fsharp-libvips-darwin-x64 cache-miss
1978 silly fetch manifest @img/sharp-libvips-linux-arm@1.2.4
1979 silly packumentCache full:https://registry.npmmirror.com/@img%2fsharp-libvips-linux-arm cache-miss
1980 http fetch GET 200 https://registry.npmmirror.com/@img%2fsharp-darwin-x64 293ms (cache miss)
1981 silly packumentCache full:https://registry.npmmirror.com/@img%2fsharp-darwin-x64 set size:13893 disposed:false
1982 silly fetch manifest @img/sharp-libvips-linux-arm64@1.2.4
1983 silly packumentCache full:https://registry.npmmirror.com/@img%2fsharp-libvips-linux-arm64 cache-miss
1984 http fetch GET 200 https://registry.npmmirror.com/@img%2fsharp-libvips-darwin-x64 295ms (cache miss)
1985 silly packumentCache full:https://registry.npmmirror.com/@img%2fsharp-libvips-darwin-x64 set size:11668 disposed:false
1986 silly fetch manifest @img/sharp-libvips-linux-ppc64@1.2.4
1987 silly packumentCache full:https://registry.npmmirror.com/@img%2fsharp-libvips-linux-ppc64 cache-miss
1988 http fetch GET 200 https://registry.npmmirror.com/@img%2fcolour 305ms (cache miss)
1989 silly packumentCache full:https://registry.npmmirror.com/@img%2fcolour set size:2436 disposed:false
1990 silly fetch manifest @img/sharp-libvips-linux-riscv64@1.2.4
1991 silly packumentCache full:https://registry.npmmirror.com/@img%2fsharp-libvips-linux-riscv64 cache-miss
1992 http fetch GET 200 https://registry.npmmirror.com/@img%2fsharp-libvips-darwin-arm64 309ms (cache miss)
1993 silly packumentCache full:https://registry.npmmirror.com/@img%2fsharp-libvips-darwin-arm64 set size:11782 disposed:false
1994 silly fetch manifest @img/sharp-libvips-linux-s390x@1.2.4
1995 silly packumentCache full:https://registry.npmmirror.com/@img%2fsharp-libvips-linux-s390x cache-miss
1996 http fetch GET 200 https://registry.npmmirror.com/@img%2fsharp-libvips-linux-arm 321ms (cache miss)
1997 silly packumentCache full:https://registry.npmmirror.com/@img%2fsharp-libvips-linux-arm set size:13007 disposed:false
1998 silly fetch manifest @img/sharp-libvips-linux-x64@1.2.4
1999 silly packumentCache full:https://registry.npmmirror.com/@img%2fsharp-libvips-linux-x64 cache-miss
2000 http fetch GET 200 https://registry.npmmirror.com/@img%2fsharp-darwin-arm64 375ms (cache miss)
2001 silly packumentCache full:https://registry.npmmirror.com/@img%2fsharp-darwin-arm64 set size:13687 disposed:false
2002 silly fetch manifest @img/sharp-libvips-linuxmusl-arm64@1.2.4
2003 silly packumentCache full:https://registry.npmmirror.com/@img%2fsharp-libvips-linuxmusl-arm64 cache-miss
2004 http fetch GET 200 https://registry.npmmirror.com/tslib 392ms (cache miss)
2005 silly packumentCache full:https://registry.npmmirror.com/tslib set size:33171 disposed:false
2006 silly fetch manifest @img/sharp-libvips-linuxmusl-x64@1.2.4
2007 silly packumentCache full:https://registry.npmmirror.com/@img%2fsharp-libvips-linuxmusl-x64 cache-miss
2008 http fetch GET 200 https://registry.npmmirror.com/@img%2fsharp-libvips-linux-arm64 297ms (cache miss)
2009 silly packumentCache full:https://registry.npmmirror.com/@img%2fsharp-libvips-linux-arm64 set size:12171 disposed:false
2010 silly fetch manifest @img/sharp-linux-arm@0.34.5
2011 silly packumentCache full:https://registry.npmmirror.com/@img%2fsharp-linux-arm cache-miss
2012 http fetch GET 200 https://registry.npmmirror.com/@img%2fsharp-libvips-linux-ppc64 302ms (cache miss)
2013 silly packumentCache full:https://registry.npmmirror.com/@img%2fsharp-libvips-linux-ppc64 set size:9734 disposed:false
2014 silly fetch manifest @img/sharp-linux-arm64@0.34.5
2015 silly packumentCache full:https://registry.npmmirror.com/@img%2fsharp-linux-arm64 cache-miss
2016 http fetch GET 200 https://registry.npmmirror.com/@img%2fsharp-libvips-linux-riscv64 303ms (cache miss)
2017 silly packumentCache full:https://registry.npmmirror.com/@img%2fsharp-libvips-linux-riscv64 set size:6761 disposed:false
2018 silly fetch manifest @img/sharp-linux-ppc64@0.34.5
2019 silly packumentCache full:https://registry.npmmirror.com/@img%2fsharp-linux-ppc64 cache-miss
2020 http fetch GET 200 https://registry.npmmirror.com/@img%2fsharp-libvips-linux-s390x 334ms (cache miss)
2021 silly packumentCache full:https://registry.npmmirror.com/@img%2fsharp-libvips-linux-s390x set size:11558 disposed:false
2022 silly fetch manifest @img/sharp-linux-riscv64@0.34.5
2023 silly packumentCache full:https://registry.npmmirror.com/@img%2fsharp-linux-riscv64 cache-miss
2024 http fetch GET 200 https://registry.npmmirror.com/@img%2fsharp-libvips-linuxmusl-x64 304ms (cache miss)
2025 silly packumentCache full:https://registry.npmmirror.com/@img%2fsharp-libvips-linuxmusl-x64 set size:11870 disposed:false
2026 silly fetch manifest @img/sharp-linux-s390x@0.34.5
2027 silly packumentCache full:https://registry.npmmirror.com/@img%2fsharp-linux-s390x cache-miss
2028 http fetch GET 200 https://registry.npmmirror.com/@img%2fsharp-libvips-linuxmusl-arm64 360ms (cache miss)
2029 silly packumentCache full:https://registry.npmmirror.com/@img%2fsharp-libvips-linuxmusl-arm64 set size:11821 disposed:false
2030 silly fetch manifest @img/sharp-linux-x64@0.34.5
2031 silly packumentCache full:https://registry.npmmirror.com/@img%2fsharp-linux-x64 cache-miss
2032 http fetch GET 200 https://registry.npmmirror.com/@img%2fsharp-libvips-linux-x64 540ms (cache miss)
2033 silly packumentCache full:https://registry.npmmirror.com/@img%2fsharp-libvips-linux-x64 set size:12406 disposed:false
2034 silly fetch manifest @img/sharp-linuxmusl-arm64@0.34.5
2035 silly packumentCache full:https://registry.npmmirror.com/@img%2fsharp-linuxmusl-arm64 cache-miss
2036 http fetch GET 200 https://registry.npmmirror.com/@img%2fsharp-linux-arm 303ms (cache miss)
2037 silly packumentCache full:https://registry.npmmirror.com/@img%2fsharp-linux-arm set size:13984 disposed:false
2038 silly fetch manifest @img/sharp-linuxmusl-x64@0.34.5
2039 silly packumentCache full:https://registry.npmmirror.com/@img%2fsharp-linuxmusl-x64 cache-miss
2040 http fetch GET 200 https://registry.npmmirror.com/@img%2fsharp-linux-arm64 308ms (cache miss)
2041 silly packumentCache full:https://registry.npmmirror.com/@img%2fsharp-linux-arm64 set size:14020 disposed:false
2042 silly fetch manifest @img/sharp-wasm32@0.34.5
2043 silly packumentCache full:https://registry.npmmirror.com/@img%2fsharp-wasm32 cache-miss
2044 http fetch GET 200 https://registry.npmmirror.com/@img%2fsharp-linux-riscv64 274ms (cache miss)
2045 silly packumentCache full:https://registry.npmmirror.com/@img%2fsharp-linux-riscv64 set size:2978 disposed:false
2046 silly fetch manifest @img/sharp-win32-arm64@0.34.5
2047 silly packumentCache full:https://registry.npmmirror.com/@img%2fsharp-win32-arm64 cache-miss
2048 http fetch GET 200 https://registry.npmmirror.com/@img%2fsharp-linux-ppc64 340ms (cache miss)
2049 silly packumentCache full:https://registry.npmmirror.com/@img%2fsharp-linux-ppc64 set size:6972 disposed:false
2050 silly fetch manifest @img/sharp-win32-ia32@0.34.5
2051 silly packumentCache full:https://registry.npmmirror.com/@img%2fsharp-win32-ia32 cache-miss
2052 http fetch GET 200 https://registry.npmmirror.com/@img%2fsharp-linux-x64 368ms (cache miss)
2053 silly packumentCache full:https://registry.npmmirror.com/@img%2fsharp-linux-x64 set size:14058 disposed:false
2054 silly fetch manifest @img/sharp-win32-x64@0.34.5
2055 silly packumentCache full:https://registry.npmmirror.com/@img%2fsharp-win32-x64 cache-miss
2056 http fetch GET 200 https://registry.npmmirror.com/@img%2fsharp-linux-s390x 464ms (cache miss)
2057 silly packumentCache full:https://registry.npmmirror.com/@img%2fsharp-linux-s390x set size:13691 disposed:false
2058 silly fetch manifest client-only@0.0.1
2059 silly packumentCache full:https://registry.npmmirror.com/client-only cache-miss
2060 http fetch GET 200 https://registry.npmmirror.com/@img%2fsharp-linuxmusl-arm64 312ms (cache miss)
2061 silly packumentCache full:https://registry.npmmirror.com/@img%2fsharp-linuxmusl-arm64 set size:13993 disposed:false
2062 http fetch GET 200 https://registry.npmmirror.com/@img%2fsharp-linuxmusl-x64 284ms (cache miss)
2063 silly packumentCache full:https://registry.npmmirror.com/@img%2fsharp-linuxmusl-x64 set size:14105 disposed:false
2064 http fetch GET 200 https://registry.npmmirror.com/@img%2fsharp-wasm32 287ms (cache miss)
2065 silly packumentCache full:https://registry.npmmirror.com/@img%2fsharp-wasm32 set size:14002 disposed:false
2066 http fetch GET 200 https://registry.npmmirror.com/@img%2fsharp-win32-arm64 294ms (cache miss)
2067 silly packumentCache full:https://registry.npmmirror.com/@img%2fsharp-win32-arm64 set size:6595 disposed:false
2068 http fetch GET 200 https://registry.npmmirror.com/@img%2fsharp-win32-ia32 348ms (cache miss)
2069 silly packumentCache full:https://registry.npmmirror.com/@img%2fsharp-win32-ia32 set size:14860 disposed:false
2070 http fetch GET 200 https://registry.npmmirror.com/@img%2fsharp-win32-x64 377ms (cache miss)
2071 silly packumentCache full:https://registry.npmmirror.com/@img%2fsharp-win32-x64 set size:14732 disposed:false
2072 http fetch GET 200 https://registry.npmmirror.com/client-only 505ms (cache miss)
2073 silly packumentCache full:https://registry.npmmirror.com/client-only set size:1752 disposed:false
2074 silly placeDep ROOT tslib@2.8.1 OK for: @swc/helpers@0.5.15 want: ^2.8.0
2075 silly placeDep ROOT deep-is@0.1.4 OK for: optionator@0.9.4 want: ^0.1.3
2076 silly placeDep ROOT fast-levenshtein@2.0.6 OK for: optionator@0.9.4 want: ^2.0.6
2077 silly placeDep ROOT word-wrap@1.2.5 OK for: optionator@0.9.4 want: ^1.2.5
2078 silly placeDep ROOT p-limit@3.1.0 OK for: p-locate@5.0.0 want: ^3.0.2
2079 silly fetch manifest yocto-queue@^0.1.0
2080 silly packumentCache full:https://registry.npmmirror.com/yocto-queue cache-miss
2081 http fetch GET 200 https://registry.npmmirror.com/yocto-queue 289ms (cache miss)
2082 silly packumentCache full:https://registry.npmmirror.com/yocto-queue set size:4829 disposed:false
2083 silly placeDep ROOT yocto-queue@0.1.0 OK for: p-limit@3.1.0 want: ^0.1.0
2084 silly placeDep ROOT callsites@3.1.0 OK for: parent-module@1.0.1 want: ^3.0.0
2085 silly placeDep ROOT nanoid@3.3.11 OK for: postcss@8.5.6 want: ^3.3.11
2086 silly placeDep ROOT loose-envify@1.4.0 OK for: prop-types@15.8.1 want: ^1.4.0
2087 silly placeDep ROOT object-assign@4.1.1 OK for: prop-types@15.8.1 want: ^4.1.1
2088 silly placeDep ROOT react-is@16.13.1 OK for: prop-types@15.8.1 want: ^16.13.1
2089 silly placeDep ROOT scheduler@0.27.0 OK for: react-dom@19.2.3 want: ^0.27.0
2090 silly placeDep ROOT path-parse@1.0.7 OK for: resolve@1.22.11 want: ^1.0.7
2091 silly placeDep ROOT supports-preserve-symlinks-flag@1.0.0 OK for: resolve@1.22.11 want: ^1.0.0
2092 silly placeDep ROOT queue-microtask@1.2.3 OK for: run-parallel@1.2.0 want: ^1.2.2
2093 silly placeDep ROOT isarray@2.0.5 OK for: safe-array-concat@1.1.3 want: ^2.0.5
2094 silly placeDep ROOT @img/colour@1.0.0 OK for: sharp@0.34.5 want: ^1.0.0
2095 silly placeDep ROOT @img/sharp-darwin-arm64@0.34.5 OK for: sharp@0.34.5 want: 0.34.5
2096 silly placeDep ROOT @img/sharp-darwin-x64@0.34.5 OK for: sharp@0.34.5 want: 0.34.5
2097 silly placeDep ROOT @img/sharp-libvips-darwin-arm64@1.2.4 OK for: sharp@0.34.5 want: 1.2.4
2098 silly placeDep ROOT @img/sharp-libvips-darwin-x64@1.2.4 OK for: sharp@0.34.5 want: 1.2.4
2099 silly placeDep ROOT @img/sharp-libvips-linux-arm@1.2.4 OK for: sharp@0.34.5 want: 1.2.4
2100 silly placeDep ROOT @img/sharp-libvips-linux-arm64@1.2.4 OK for: sharp@0.34.5 want: 1.2.4
2101 silly placeDep ROOT @img/sharp-libvips-linux-ppc64@1.2.4 OK for: sharp@0.34.5 want: 1.2.4
2102 silly placeDep ROOT @img/sharp-libvips-linux-riscv64@1.2.4 OK for: sharp@0.34.5 want: 1.2.4
2103 silly placeDep ROOT @img/sharp-libvips-linux-s390x@1.2.4 OK for: sharp@0.34.5 want: 1.2.4
2104 silly placeDep ROOT @img/sharp-libvips-linux-x64@1.2.4 OK for: sharp@0.34.5 want: 1.2.4
2105 silly placeDep ROOT @img/sharp-libvips-linuxmusl-arm64@1.2.4 OK for: sharp@0.34.5 want: 1.2.4
2106 silly placeDep ROOT @img/sharp-libvips-linuxmusl-x64@1.2.4 OK for: sharp@0.34.5 want: 1.2.4
2107 silly placeDep ROOT @img/sharp-linux-arm@0.34.5 OK for: sharp@0.34.5 want: 0.34.5
2108 silly placeDep ROOT @img/sharp-linux-arm64@0.34.5 OK for: sharp@0.34.5 want: 0.34.5
2109 silly placeDep ROOT @img/sharp-linux-ppc64@0.34.5 OK for: sharp@0.34.5 want: 0.34.5
2110 silly placeDep ROOT @img/sharp-linux-riscv64@0.34.5 OK for: sharp@0.34.5 want: 0.34.5
2111 silly placeDep ROOT @img/sharp-linux-s390x@0.34.5 OK for: sharp@0.34.5 want: 0.34.5
2112 silly placeDep ROOT @img/sharp-linux-x64@0.34.5 OK for: sharp@0.34.5 want: 0.34.5
2113 silly placeDep ROOT @img/sharp-linuxmusl-arm64@0.34.5 OK for: sharp@0.34.5 want: 0.34.5
2114 silly placeDep ROOT @img/sharp-linuxmusl-x64@0.34.5 OK for: sharp@0.34.5 want: 0.34.5
2115 silly placeDep ROOT @img/sharp-wasm32@0.34.5 OK for: sharp@0.34.5 want: 0.34.5
2116 silly placeDep ROOT @img/sharp-win32-arm64@0.34.5 OK for: sharp@0.34.5 want: 0.34.5
2117 silly placeDep ROOT @img/sharp-win32-ia32@0.34.5 OK for: sharp@0.34.5 want: 0.34.5
2118 silly placeDep ROOT @img/sharp-win32-x64@0.34.5 OK for: sharp@0.34.5 want: 0.34.5
2119 silly placeDep node_modules/sharp semver@7.7.4 OK for: sharp@0.34.5 want: ^7.7.3
2120 silly fetch manifest @emnapi/runtime@^1.7.0
2121 silly packumentCache full:https://registry.npmmirror.com/@emnapi%2fruntime cache-miss
2122 http fetch GET 200 https://registry.npmmirror.com/@emnapi%2fruntime 282ms (cache miss)
2123 silly packumentCache full:https://registry.npmmirror.com/@emnapi%2fruntime set size:25186 disposed:false
2124 silly placeDep ROOT @emnapi/runtime@1.8.1 OK for: @img/sharp-wasm32@0.34.5 want: ^1.7.0
2125 silly placeDep ROOT shebang-regex@3.0.0 OK for: shebang-command@2.0.0 want: ^3.0.0
2126 silly placeDep ROOT side-channel-list@1.0.0 OK for: side-channel@1.1.0 want: ^1.0.0
2127 silly placeDep ROOT side-channel-map@1.0.1 OK for: side-channel@1.1.0 want: ^1.0.1
2128 silly placeDep ROOT side-channel-weakmap@1.0.2 OK for: side-channel@1.1.0 want: ^1.0.2
2129 silly placeDep ROOT client-only@0.0.1 OK for: styled-jsx@5.1.6 want: 0.0.1
2130 silly placeDep ROOT has-flag@4.0.0 OK for: supports-color@7.2.0 want: ^4.0.0
2131 silly placeDep node_modules/tinyglobby fdir@6.5.0 OK for: tinyglobby@0.2.15 want: ^6.5.0
2132 silly placeDep node_modules/tinyglobby picomatch@4.0.3 OK for: fdir@6.5.0 want: ^3 || ^4
2133 silly placeDep ROOT is-number@7.0.0 OK for: to-regex-range@5.0.1 want: ^7.0.0
2134 silly placeDep ROOT @types/json5@0.0.29 OK for: tsconfig-paths@3.15.0 want: ^0.0.29
2135 silly placeDep node_modules/tsconfig-paths json5@1.0.2 OK for: tsconfig-paths@3.15.0 want: ^1.0.2
2136 silly placeDep ROOT minimist@1.2.8 OK for: tsconfig-paths@3.15.0 want: ^1.2.6
2137 silly placeDep ROOT strip-bom@3.0.0 OK for: tsconfig-paths@3.15.0 want: ^3.0.0
2138 silly fetch manifest minimist@^1.2.0
2139 silly packumentCache full:https://registry.npmmirror.com/minimist cache-hit
2140 silly placeDep ROOT for-each@0.3.5 OK for: typed-array-byte-length@1.0.3 want: ^0.3.3
2141 silly placeDep ROOT reflect.getprototypeof@1.0.10 OK for: typed-array-byte-offset@1.0.4 want: ^1.0.9
2142 silly fetch manifest which-builtin-type@^1.2.1
2143 silly packumentCache full:https://registry.npmmirror.com/which-builtin-type cache-miss
2144 http fetch GET 200 https://registry.npmmirror.com/which-builtin-type 275ms (cache miss)
2145 silly packumentCache full:https://registry.npmmirror.com/which-builtin-type set size:8011 disposed:false
2146 silly placeDep ROOT which-builtin-type@1.2.1 OK for: reflect.getprototypeof@1.0.10 want: ^1.2.1
2147 silly fetch manifest is-async-function@^2.0.0
2148 silly packumentCache full:https://registry.npmmirror.com/is-async-function cache-miss
2149 silly fetch manifest is-finalizationregistry@^1.1.0
2150 silly packumentCache full:https://registry.npmmirror.com/is-finalizationregistry cache-miss
2151 silly fetch manifest is-generator-function@^1.0.10
2152 silly packumentCache full:https://registry.npmmirror.com/is-generator-function cache-miss
2153 silly fetch manifest which-boxed-primitive@^1.1.0
2154 silly packumentCache full:https://registry.npmmirror.com/which-boxed-primitive cache-hit
2155 silly fetch manifest which-collection@^1.0.2
2156 silly packumentCache full:https://registry.npmmirror.com/which-collection cache-miss
2157 http fetch GET 200 https://registry.npmmirror.com/which-collection 281ms (cache miss)
2158 silly packumentCache full:https://registry.npmmirror.com/which-collection set size:3453 disposed:false
2159 http fetch GET 200 https://registry.npmmirror.com/is-finalizationregistry 292ms (cache miss)
2160 silly packumentCache full:https://registry.npmmirror.com/is-finalizationregistry set size:5452 disposed:false
2161 http fetch GET 200 https://registry.npmmirror.com/is-async-function 310ms (cache miss)
2162 silly packumentCache full:https://registry.npmmirror.com/is-async-function set size:11381 disposed:false
2163 http fetch GET 200 https://registry.npmmirror.com/is-generator-function 329ms (cache miss)
2164 silly packumentCache full:https://registry.npmmirror.com/is-generator-function set size:7767 disposed:false
2165 silly fetch manifest typescript@>=4.8.4 <6.0.0
2166 silly packumentCache full:https://registry.npmmirror.com/typescript cache-miss
2167 http cache https://registry.npmmirror.com/typescript 28ms (cache hit)
2168 silly packumentCache full:https://registry.npmmirror.com/typescript set size:14482031 disposed:false
2169 silly placeDep ROOT @typescript-eslint/eslint-plugin@8.55.0 OK for: typescript-eslint@8.55.0 want: 8.55.0
2170 silly placeDep ROOT @typescript-eslint/parser@8.55.0 OK for: @typescript-eslint/eslint-plugin@8.55.0 want: ^8.55.0
2171 silly placeDep ROOT @typescript-eslint/typescript-estree@8.55.0 OK for: typescript-eslint@8.55.0 want: 8.55.0
2172 silly placeDep ROOT @typescript-eslint/utils@8.55.0 OK for: typescript-eslint@8.55.0 want: 8.55.0
2173 silly fetch manifest ignore@^7.0.5
2174 silly packumentCache full:https://registry.npmmirror.com/ignore cache-hit
2175 silly fetch manifest ts-api-utils@^2.4.0
2176 silly packumentCache full:https://registry.npmmirror.com/ts-api-utils cache-miss
2177 silly fetch manifest @typescript-eslint/scope-manager@8.55.0
2178 silly packumentCache full:https://registry.npmmirror.com/@typescript-eslint%2fscope-manager cache-miss
2179 silly fetch manifest @typescript-eslint/type-utils@8.55.0
2180 silly packumentCache full:https://registry.npmmirror.com/@typescript-eslint%2ftype-utils cache-miss
2181 silly fetch manifest @typescript-eslint/visitor-keys@8.55.0
2182 silly packumentCache full:https://registry.npmmirror.com/@typescript-eslint%2fvisitor-keys cache-miss
2183 silly fetch manifest @typescript-eslint/types@8.55.0
2184 silly packumentCache full:https://registry.npmmirror.com/@typescript-eslint%2ftypes cache-miss
2185 silly fetch manifest @typescript-eslint/visitor-keys@8.55.0
2186 silly packumentCache full:https://registry.npmmirror.com/@typescript-eslint%2fvisitor-keys cache-miss
2187 silly fetch manifest @typescript-eslint/scope-manager@8.55.0
2188 silly packumentCache full:https://registry.npmmirror.com/@typescript-eslint%2fscope-manager cache-miss
2189 http fetch GET 200 https://registry.npmmirror.com/ts-api-utils 400ms (cache miss)
2190 silly packumentCache full:https://registry.npmmirror.com/ts-api-utils set size:43972 disposed:false
2191 silly fetch manifest minimatch@^9.0.5
2192 silly packumentCache full:https://registry.npmmirror.com/minimatch cache-hit
2193 silly fetch manifest @typescript-eslint/tsconfig-utils@8.55.0
2194 silly packumentCache full:https://registry.npmmirror.com/@typescript-eslint%2ftsconfig-utils cache-miss
2195 http fetch GET 200 https://registry.npmmirror.com/@typescript-eslint%2ftypes 790ms (cache miss)
2196 silly packumentCache full:https://registry.npmmirror.com/@typescript-eslint%2ftypes set size:1994152 disposed:false
2197 silly fetch manifest @typescript-eslint/project-service@8.55.0
2198 silly packumentCache full:https://registry.npmmirror.com/@typescript-eslint%2fproject-service cache-miss
2199 http fetch GET 200 https://registry.npmmirror.com/@typescript-eslint%2fscope-manager 840ms (cache miss)
2200 silly packumentCache full:https://registry.npmmirror.com/@typescript-eslint%2fscope-manager set size:2066056 disposed:false
2201 silly fetch manifest @typescript-eslint/visitor-keys@8.55.0
2202 silly packumentCache full:https://registry.npmmirror.com/@typescript-eslint%2fvisitor-keys cache-miss
2203 http fetch GET 200 https://registry.npmmirror.com/@typescript-eslint%2ftsconfig-utils 689ms (cache miss)
2204 silly packumentCache full:https://registry.npmmirror.com/@typescript-eslint%2ftsconfig-utils set size:114952 disposed:false
2205 http fetch GET 200 https://registry.npmmirror.com/@typescript-eslint%2fproject-service 347ms (cache miss)
2206 silly packumentCache full:https://registry.npmmirror.com/@typescript-eslint%2fproject-service set size:122049 disposed:false
2207 http fetch GET 200 https://registry.npmmirror.com/@typescript-eslint%2fvisitor-keys 842ms (cache miss)
2208 silly packumentCache full:https://registry.npmmirror.com/@typescript-eslint%2fvisitor-keys set size:1994198 disposed:false
2209 http fetch GET 200 https://registry.npmmirror.com/@typescript-eslint%2fscope-manager 5012ms (cache miss)
2210 silly packumentCache full:https://registry.npmmirror.com/@typescript-eslint%2fscope-manager set size:2066056 disposed:false
2211 http fetch GET 200 https://registry.npmmirror.com/@typescript-eslint%2fvisitor-keys 5156ms (cache miss)
2212 silly packumentCache full:https://registry.npmmirror.com/@typescript-eslint%2fvisitor-keys set size:1994198 disposed:false
2213 http fetch GET 200 https://registry.npmmirror.com/@typescript-eslint%2ftype-utils 5329ms (cache miss)
2214 silly packumentCache full:https://registry.npmmirror.com/@typescript-eslint%2ftype-utils set size:1719100 disposed:false
2215 http fetch GET 200 https://registry.npmmirror.com/@typescript-eslint%2fvisitor-keys 7518ms (cache miss)
2216 silly packumentCache full:https://registry.npmmirror.com/@typescript-eslint%2fvisitor-keys set size:1994198 disposed:false
2217 silly placeDep ROOT @typescript-eslint/scope-manager@8.55.0 OK for: @typescript-eslint/eslint-plugin@8.55.0 want: 8.55.0
2218 silly placeDep ROOT @typescript-eslint/type-utils@8.55.0 OK for: @typescript-eslint/eslint-plugin@8.55.0 want: 8.55.0
2219 silly placeDep ROOT @typescript-eslint/visitor-keys@8.55.0 OK for: @typescript-eslint/eslint-plugin@8.55.0 want: 8.55.0
2220 silly placeDep node_modules/@typescript-eslint/eslint-plugin ignore@7.0.5 OK for: @typescript-eslint/eslint-plugin@8.55.0 want: ^7.0.5
2221 silly placeDep ROOT ts-api-utils@2.4.0 OK for: @typescript-eslint/eslint-plugin@8.55.0 want: ^2.4.0
2222 silly placeDep ROOT @typescript-eslint/types@8.55.0 OK for: @typescript-eslint/parser@8.55.0 want: 8.55.0
2223 silly placeDep ROOT @typescript-eslint/project-service@8.55.0 OK for: @typescript-eslint/typescript-estree@8.55.0 want: 8.55.0
2224 silly placeDep ROOT @typescript-eslint/tsconfig-utils@8.55.0 OK for: @typescript-eslint/typescript-estree@8.55.0 want: 8.55.0
2225 silly placeDep node_modules/@typescript-eslint/typescript-estree minimatch@9.0.5 OK for: @typescript-eslint/typescript-estree@8.55.0 want: ^9.0.5
2226 silly placeDep node_modules/@typescript-eslint/typescript-estree semver@7.7.4 OK for: @typescript-eslint/typescript-estree@8.55.0 want: ^7.7.3
2227 silly fetch manifest @typescript-eslint/tsconfig-utils@^8.55.0
2228 silly packumentCache full:https://registry.npmmirror.com/@typescript-eslint%2ftsconfig-utils cache-hit
2229 silly fetch manifest brace-expansion@^2.0.1
2230 silly packumentCache full:https://registry.npmmirror.com/brace-expansion cache-hit
2231 silly placeDep ROOT has-bigints@1.1.0 OK for: unbox-primitive@1.1.0 want: ^1.0.2
2232 silly placeDep ROOT which-boxed-primitive@1.1.1 OK for: unbox-primitive@1.1.0 want: ^1.1.1
2233 silly fetch manifest is-bigint@^1.1.0
2234 silly packumentCache full:https://registry.npmmirror.com/is-bigint cache-miss
2235 silly fetch manifest is-boolean-object@^1.2.1
2236 silly packumentCache full:https://registry.npmmirror.com/is-boolean-object cache-miss
2237 silly fetch manifest is-number-object@^1.1.1
2238 silly packumentCache full:https://registry.npmmirror.com/is-number-object cache-miss
2239 http fetch GET 200 https://registry.npmmirror.com/is-boolean-object 279ms (cache miss)
2240 silly packumentCache full:https://registry.npmmirror.com/is-boolean-object set size:5867 disposed:false
2241 http fetch GET 200 https://registry.npmmirror.com/is-number-object 285ms (cache miss)
2242 silly packumentCache full:https://registry.npmmirror.com/is-number-object set size:6746 disposed:false
2243 http fetch GET 200 https://registry.npmmirror.com/is-bigint 291ms (cache miss)
2244 silly packumentCache full:https://registry.npmmirror.com/is-bigint set size:4054 disposed:false
2245 silly placeDep ROOT @unrs/resolver-binding-android-arm-eabi@1.11.1 OK for: unrs-resolver@1.11.1 want: 1.11.1
2246 silly placeDep ROOT @unrs/resolver-binding-android-arm64@1.11.1 OK for: unrs-resolver@1.11.1 want: 1.11.1
2247 silly placeDep ROOT @unrs/resolver-binding-darwin-arm64@1.11.1 OK for: unrs-resolver@1.11.1 want: 1.11.1
2248 silly placeDep ROOT @unrs/resolver-binding-darwin-x64@1.11.1 OK for: unrs-resolver@1.11.1 want: 1.11.1
2249 silly placeDep ROOT @unrs/resolver-binding-freebsd-x64@1.11.1 OK for: unrs-resolver@1.11.1 want: 1.11.1
2250 silly placeDep ROOT @unrs/resolver-binding-linux-arm-gnueabihf@1.11.1 OK for: unrs-resolver@1.11.1 want: 1.11.1
2251 silly placeDep ROOT @unrs/resolver-binding-linux-arm-musleabihf@1.11.1 OK for: unrs-resolver@1.11.1 want: 1.11.1
2252 silly placeDep ROOT @unrs/resolver-binding-linux-arm64-gnu@1.11.1 OK for: unrs-resolver@1.11.1 want: 1.11.1
2253 silly placeDep ROOT @unrs/resolver-binding-linux-arm64-musl@1.11.1 OK for: unrs-resolver@1.11.1 want: 1.11.1
2254 silly placeDep ROOT @unrs/resolver-binding-linux-ppc64-gnu@1.11.1 OK for: unrs-resolver@1.11.1 want: 1.11.1
2255 silly placeDep ROOT @unrs/resolver-binding-linux-riscv64-gnu@1.11.1 OK for: unrs-resolver@1.11.1 want: 1.11.1
2256 silly placeDep ROOT @unrs/resolver-binding-linux-riscv64-musl@1.11.1 OK for: unrs-resolver@1.11.1 want: 1.11.1
2257 silly placeDep ROOT @unrs/resolver-binding-linux-s390x-gnu@1.11.1 OK for: unrs-resolver@1.11.1 want: 1.11.1
2258 silly placeDep ROOT @unrs/resolver-binding-linux-x64-gnu@1.11.1 OK for: unrs-resolver@1.11.1 want: 1.11.1
2259 silly placeDep ROOT @unrs/resolver-binding-linux-x64-musl@1.11.1 OK for: unrs-resolver@1.11.1 want: 1.11.1
2260 silly placeDep ROOT @unrs/resolver-binding-wasm32-wasi@1.11.1 OK for: unrs-resolver@1.11.1 want: 1.11.1
2261 silly placeDep ROOT @unrs/resolver-binding-win32-arm64-msvc@1.11.1 OK for: unrs-resolver@1.11.1 want: 1.11.1
2262 silly placeDep ROOT @unrs/resolver-binding-win32-ia32-msvc@1.11.1 OK for: unrs-resolver@1.11.1 want: 1.11.1
2263 silly placeDep ROOT @unrs/resolver-binding-win32-x64-msvc@1.11.1 OK for: unrs-resolver@1.11.1 want: 1.11.1
2264 silly placeDep ROOT napi-postinstall@0.3.4 OK for: unrs-resolver@1.11.1 want: ^0.3.0
2265 silly fetch manifest @napi-rs/wasm-runtime@^0.2.11
2266 silly packumentCache full:https://registry.npmmirror.com/@napi-rs%2fwasm-runtime cache-miss
2267 http fetch GET 200 https://registry.npmmirror.com/@napi-rs%2fwasm-runtime 292ms (cache miss)
2268 silly packumentCache full:https://registry.npmmirror.com/@napi-rs%2fwasm-runtime set size:11638 disposed:false
2269 silly placeDep ROOT @napi-rs/wasm-runtime@0.2.12 OK for: @unrs/resolver-binding-wasm32-wasi@1.11.1 want: ^0.2.11
2270 silly fetch manifest @emnapi/core@^1.4.3
2271 silly packumentCache full:https://registry.npmmirror.com/@emnapi%2fcore cache-miss
2272 silly fetch manifest @tybys/wasm-util@^0.10.0
2273 silly packumentCache full:https://registry.npmmirror.com/@tybys%2fwasm-util cache-miss
2274 http fetch GET 200 https://registry.npmmirror.com/@tybys%2fwasm-util 320ms (cache miss)
2275 silly packumentCache full:https://registry.npmmirror.com/@tybys%2fwasm-util set size:15999 disposed:false
2276 http fetch GET 200 https://registry.npmmirror.com/@emnapi%2fcore 357ms (cache miss)
2277 silly packumentCache full:https://registry.npmmirror.com/@emnapi%2fcore set size:24563 disposed:false
2278 silly placeDep ROOT @emnapi/core@1.8.1 OK for: @napi-rs/wasm-runtime@0.2.12 want: ^1.4.3
2279 silly placeDep ROOT @tybys/wasm-util@0.10.1 OK for: @napi-rs/wasm-runtime@0.2.12 want: ^0.10.0
2280 silly fetch manifest @emnapi/wasi-threads@1.1.0
2281 silly packumentCache full:https://registry.npmmirror.com/@emnapi%2fwasi-threads cache-miss
2282 http fetch GET 200 https://registry.npmmirror.com/@emnapi%2fwasi-threads 297ms (cache miss)
2283 silly packumentCache full:https://registry.npmmirror.com/@emnapi%2fwasi-threads set size:5274 disposed:false
2284 silly placeDep ROOT @emnapi/wasi-threads@1.1.0 OK for: @emnapi/core@1.8.1 want: 1.1.0
2285 silly placeDep ROOT escalade@3.2.0 OK for: update-browserslist-db@1.2.3 want: ^3.2.0
2286 silly placeDep ROOT punycode@2.3.1 OK for: uri-js@4.4.1 want: ^2.1.0
2287 silly placeDep ROOT isexe@2.0.0 OK for: which@2.0.2 want: ^2.0.0
2288 silly placeDep ROOT is-bigint@1.1.0 OK for: which-boxed-primitive@1.1.1 want: ^1.1.0
2289 silly placeDep ROOT is-boolean-object@1.2.2 OK for: which-boxed-primitive@1.1.1 want: ^1.2.1
2290 silly placeDep ROOT is-number-object@1.1.1 OK for: which-boxed-primitive@1.1.1 want: ^1.1.1
2291 silly placeDep ROOT is-async-function@2.1.1 OK for: which-builtin-type@1.2.1 want: ^2.0.0
2292 silly placeDep ROOT is-finalizationregistry@1.1.1 OK for: which-builtin-type@1.2.1 want: ^1.1.0
2293 silly placeDep ROOT is-generator-function@1.1.2 OK for: which-builtin-type@1.2.1 want: ^1.0.10
2294 silly placeDep ROOT which-collection@1.0.2 OK for: which-builtin-type@1.2.1 want: ^1.0.2
2295 silly fetch manifest async-function@^1.0.0
2296 silly packumentCache full:https://registry.npmmirror.com/async-function cache-miss
2297 silly fetch manifest generator-function@^2.0.0
2298 silly packumentCache full:https://registry.npmmirror.com/generator-function cache-miss
2299 silly fetch manifest is-map@^2.0.3
2300 silly packumentCache full:https://registry.npmmirror.com/is-map cache-miss
2301 silly fetch manifest is-weakmap@^2.0.2
2302 silly packumentCache full:https://registry.npmmirror.com/is-weakmap cache-miss
2303 silly fetch manifest is-weakset@^2.0.3
2304 silly packumentCache full:https://registry.npmmirror.com/is-weakset cache-miss
2305 http fetch GET 200 https://registry.npmmirror.com/generator-function 288ms (cache miss)
2306 silly packumentCache full:https://registry.npmmirror.com/generator-function set size:3383 disposed:false
2307 http fetch GET 200 https://registry.npmmirror.com/is-weakmap 291ms (cache miss)
2308 silly packumentCache full:https://registry.npmmirror.com/is-weakmap set size:4107 disposed:false
2309 http fetch GET 200 https://registry.npmmirror.com/async-function 307ms (cache miss)
2310 silly packumentCache full:https://registry.npmmirror.com/async-function set size:2930 disposed:false
2311 http fetch GET 200 https://registry.npmmirror.com/is-map 308ms (cache miss)
2312 silly packumentCache full:https://registry.npmmirror.com/is-map set size:4390 disposed:false
2313 http fetch GET 200 https://registry.npmmirror.com/is-weakset 495ms (cache miss)
2314 silly packumentCache full:https://registry.npmmirror.com/is-weakset set size:5795 disposed:false
2315 silly placeDep ROOT async-function@1.0.0 OK for: is-async-function@2.1.1 want: ^1.0.0
2316 silly placeDep ROOT generator-function@2.0.1 OK for: is-generator-function@1.1.2 want: ^2.0.0
2317 silly placeDep ROOT is-map@2.0.3 OK for: which-collection@1.0.2 want: ^2.0.3
2318 silly placeDep ROOT is-weakmap@2.0.2 OK for: which-collection@1.0.2 want: ^2.0.2
2319 silly placeDep ROOT is-weakset@2.0.4 OK for: which-collection@1.0.2 want: ^2.0.3
2320 silly placeDep node_modules/@typescript-eslint/typescript-estree brace-expansion@2.0.2 OK for: minimatch@9.0.5 want: ^2.0.1
2321 silly reify moves {}
2322 silly audit bulk request {
2322 silly audit   '@tailwindcss/postcss': [ '4.1.18' ],
2322 silly audit   '@types/node': [ '20.19.33' ],
2322 silly audit   '@types/react': [ '19.2.14' ],
2322 silly audit   '@types/react-dom': [ '19.2.3' ],
2322 silly audit   eslint: [ '9.39.2' ],
2322 silly audit   'eslint-config-next': [ '16.1.6' ],
2322 silly audit   next: [ '16.1.6' ],
2322 silly audit   react: [ '19.2.3' ],
2322 silly audit   'react-dom': [ '19.2.3' ],
2322 silly audit   tailwindcss: [ '4.1.18' ],
2322 silly audit   typescript: [ '5.9.3' ],
2322 silly audit   '@alloc/quick-lru': [ '5.2.0' ],
2322 silly audit   '@tailwindcss/node': [ '4.1.18' ],
2322 silly audit   '@tailwindcss/oxide': [ '4.1.18' ],
2322 silly audit   postcss: [ '8.5.6', '8.4.31' ],
2322 silly audit   '@jridgewell/remapping': [ '2.3.5' ],
2322 silly audit   'enhanced-resolve': [ '5.19.0' ],
2322 silly audit   jiti: [ '2.6.1' ],
2322 silly audit   lightningcss: [ '1.30.2' ],
2322 silly audit   'magic-string': [ '0.30.21' ],
2322 silly audit   'source-map-js': [ '1.2.1' ],
2322 silly audit   '@jridgewell/gen-mapping': [ '0.3.13' ],
2322 silly audit   '@jridgewell/trace-mapping': [ '0.3.31' ],
2322 silly audit   '@jridgewell/sourcemap-codec': [ '1.5.5' ],
2322 silly audit   '@jridgewell/resolve-uri': [ '3.1.2' ],
2322 silly audit   '@tailwindcss/oxide-android-arm64': [ '4.1.18' ],
2322 silly audit   '@tailwindcss/oxide-darwin-arm64': [ '4.1.18' ],
2322 silly audit   '@tailwindcss/oxide-darwin-x64': [ '4.1.18' ],
2322 silly audit   '@tailwindcss/oxide-freebsd-x64': [ '4.1.18' ],
2322 silly audit   '@tailwindcss/oxide-linux-arm-gnueabihf': [ '4.1.18' ],
2322 silly audit   '@tailwindcss/oxide-linux-arm64-gnu': [ '4.1.18' ],
2322 silly audit   '@tailwindcss/oxide-linux-arm64-musl': [ '4.1.18' ],
2322 silly audit   '@tailwindcss/oxide-linux-x64-gnu': [ '4.1.18' ],
2322 silly audit   '@tailwindcss/oxide-linux-x64-musl': [ '4.1.18' ],
2322 silly audit   '@tailwindcss/oxide-wasm32-wasi': [ '4.1.18' ],
2322 silly audit   '@tailwindcss/oxide-win32-arm64-msvc': [ '4.1.18' ],
2322 silly audit   '@tailwindcss/oxide-win32-x64-msvc': [ '4.1.18' ],
2322 silly audit   'undici-types': [ '6.21.0' ],
2322 silly audit   csstype: [ '3.2.3' ],
2322 silly audit   'graceful-fs': [ '4.2.11' ],
2322 silly audit   tapable: [ '2.3.0' ],
2322 silly audit   '@eslint-community/eslint-utils': [ '4.9.1' ],
2322 silly audit   '@eslint-community/regexpp': [ '4.12.2' ],
2322 silly audit   '@eslint/config-array': [ '0.21.1' ],
2322 silly audit   '@eslint/config-helpers': [ '0.4.2' ],
2322 silly audit   '@eslint/core': [ '0.17.0' ],
2322 silly audit   '@eslint/eslintrc': [ '3.3.3' ],
2322 silly audit   '@eslint/js': [ '9.39.2' ],
2322 silly audit   '@eslint/plugin-kit': [ '0.4.1' ],
2322 silly audit   '@humanfs/node': [ '0.16.7' ],
2322 silly audit   '@humanwhocodes/module-importer': [ '1.0.1' ],
2322 silly audit   '@humanwhocodes/retry': [ '0.4.3' ],
2322 silly audit   '@types/estree': [ '1.0.8' ],
2322 silly audit   ajv: [ '6.12.6' ],
2322 silly audit   chalk: [ '4.1.2' ],
2322 silly audit   'cross-spawn': [ '7.0.6' ],
2322 silly audit   debug: [ '4.4.3', '3.2.7' ],
2322 silly audit   'escape-string-regexp': [ '4.0.0' ],
2322 silly audit   'eslint-scope': [ '8.4.0' ],
2322 silly audit   'eslint-visitor-keys': [ '4.2.1', '3.4.3' ],
2322 silly audit   espree: [ '10.4.0' ],
2322 silly audit   esquery: [ '1.7.0' ],
2322 silly audit   esutils: [ '2.0.3' ],
2322 silly audit   'fast-deep-equal': [ '3.1.3' ],
2322 silly audit   'file-entry-cache': [ '8.0.0' ],
2322 silly audit   'find-up': [ '5.0.0' ],
2322 silly audit   'glob-parent': [ '6.0.2', '5.1.2' ],
2322 silly audit   ignore: [ '5.3.2', '7.0.5' ],
2322 silly audit   imurmurhash: [ '0.1.4' ],
2322 silly audit   'is-glob': [ '4.0.3' ],
2322 silly audit   'json-stable-stringify-without-jsonify': [ '1.0.1' ],
2322 silly audit   'lodash.merge': [ '4.6.2' ],
2322 silly audit   minimatch: [ '3.1.2', '9.0.5' ],
2322 silly audit   'natural-compare': [ '1.4.0' ],
2322 silly audit   optionator: [ '0.9.4' ],
2322 silly audit   '@eslint/object-schema': [ '2.1.7' ],
2322 silly audit   '@types/json-schema': [ '7.0.15' ],
2322 silly audit   globals: [ '14.0.0', '16.4.0' ],
2322 silly audit   'import-fresh': [ '3.3.1' ],
2322 silly audit   'js-yaml': [ '4.1.1' ],
2322 silly audit   'strip-json-comments': [ '3.1.1' ],
2322 silly audit   levn: [ '0.4.1' ],
2322 silly audit   '@humanfs/core': [ '0.19.1' ],
2322 silly audit   'fast-json-stable-stringify': [ '2.1.0' ],
2322 silly audit   'json-schema-traverse': [ '0.4.1' ],
2322 silly audit   'uri-js': [ '4.4.1' ],
2322 silly audit   'ansi-styles': [ '4.3.0' ],
2322 silly audit   'supports-color': [ '7.2.0' ],
2322 silly audit   'color-convert': [ '2.0.1' ],
2322 silly audit   'color-name': [ '1.1.4' ],
2322 silly audit   'path-key': [ '3.1.1' ],
2322 silly audit   'shebang-command': [ '2.0.0' ],
2322 silly audit   which: [ '2.0.2' ],
2322 silly audit   ms: [ '2.1.3' ],
2322 silly audit   '@next/eslint-plugin-next': [ '16.1.6' ],
2322 silly audit   'eslint-import-resolver-node': [ '0.3.9' ],
2322 silly audit   'eslint-import-resolver-typescript': [ '3.10.1' ],
2322 silly audit   'eslint-plugin-import': [ '2.32.0' ],
2322 silly audit   'eslint-plugin-jsx-a11y': [ '6.10.2' ],
2322 silly audit   'eslint-plugin-react': [ '7.37.5' ],
2322 silly audit   'eslint-plugin-react-hooks': [ '7.0.1' ],
2322 silly audit   'typescript-eslint': [ '8.55.0' ],
2322 silly audit   'fast-glob': [ '3.3.1' ],
2322 silly audit   'is-core-module': [ '2.16.1' ],
2322 silly audit   resolve: [ '1.22.11', '2.0.0-next.5' ],
2322 silly audit   '@nolyfill/is-core-module': [ '1.0.39' ],
2322 silly audit   'get-tsconfig': [ '4.13.6' ],
2322 silly audit   'is-bun-module': [ '2.0.0' ],
2322 silly audit   'stable-hash': [ '0.0.5' ],
2322 silly audit   tinyglobby: [ '0.2.15' ],
2322 silly audit   'unrs-resolver': [ '1.11.1' ],
2322 silly audit   '@rtsao/scc': [ '1.1.0' ],
2322 silly audit   'array-includes': [ '3.1.9' ],
2322 silly audit   'array.prototype.findlastindex': [ '1.2.6' ],
2322 silly audit   'array.prototype.flat': [ '1.3.3' ],
2322 silly audit   'array.prototype.flatmap': [ '1.3.3' ],
2322 silly audit   doctrine: [ '2.1.0' ],
2322 silly audit   'eslint-module-utils': [ '2.12.1' ],
2322 silly audit   hasown: [ '2.0.2' ],
2322 silly audit   'object.fromentries': [ '2.0.8' ],
2322 silly audit   'object.groupby': [ '1.0.3' ],
2322 silly audit   'object.values': [ '1.2.1' ],
2322 silly audit   semver: [ '6.3.1', '7.7.4' ],
2322 silly audit   'string.prototype.trimend': [ '1.0.9' ],
2322 silly audit   'tsconfig-paths': [ '3.15.0' ],
2322 silly audit   'call-bind': [ '1.0.8' ],
2322 silly audit   'call-bound': [ '1.0.4' ],
2322 silly audit   'define-properties': [ '1.2.1' ],
2322 silly audit   'es-abstract': [ '1.24.1' ],
2322 silly audit   'es-object-atoms': [ '1.1.1' ],
2322 silly audit   'get-intrinsic': [ '1.3.0' ],
2322 silly audit   'is-string': [ '1.1.1' ],
2322 silly audit   'math-intrinsics': [ '1.1.0' ],
2322 silly audit   'es-errors': [ '1.3.0' ],
2322 silly audit   'es-shim-unscopables': [ '1.1.0' ],
2322 silly audit   'call-bind-apply-helpers': [ '1.0.2' ],
2322 silly audit   'es-define-property': [ '1.0.1' ],
2322 silly audit   'set-function-length': [ '1.2.2' ],
2322 silly audit   'function-bind': [ '1.1.2' ],
2322 silly audit   'define-data-property': [ '1.1.4' ],
2322 silly audit   'has-property-descriptors': [ '1.0.2' ],
2322 silly audit   'object-keys': [ '1.1.1' ],
2322 silly audit   gopd: [ '1.2.0' ],
2322 silly audit   'array-buffer-byte-length': [ '1.0.2' ],
2322 silly audit   'arraybuffer.prototype.slice': [ '1.0.4' ],
2322 silly audit   'available-typed-arrays': [ '1.0.7' ],
2322 silly audit   'data-view-buffer': [ '1.0.2' ],
2322 silly audit   'data-view-byte-length': [ '1.0.2' ],
2322 silly audit   'data-view-byte-offset': [ '1.0.1' ],
2322 silly audit   'es-set-tostringtag': [ '2.1.0' ],
2322 silly audit   'es-to-primitive': [ '1.3.0' ],
2322 silly audit   'function.prototype.name': [ '1.1.8' ],
2322 silly audit   'get-proto': [ '1.0.1' ],
2322 silly audit   'get-symbol-description': [ '1.1.0' ],
2322 silly audit   globalthis: [ '1.0.4' ],
2322 silly audit   'has-proto': [ '1.2.0' ],
2322 silly audit   'has-symbols': [ '1.1.0' ],
2322 silly audit   'internal-slot': [ '1.1.0' ],
2322 silly audit   'is-array-buffer': [ '3.0.5' ],
2322 silly audit   'is-callable': [ '1.2.7' ],
2322 silly audit   'is-data-view': [ '1.0.2' ],
2322 silly audit   'is-negative-zero': [ '2.0.3' ],
2322 silly audit   'is-regex': [ '1.2.1' ],
2322 silly audit   'is-set': [ '2.0.3' ],
2322 silly audit   'is-shared-array-buffer': [ '1.0.4' ],
2322 silly audit   'is-typed-array': [ '1.1.15' ],
2322 silly audit   'is-weakref': [ '1.1.1' ],
2322 silly audit   'object-inspect': [ '1.13.4' ],
2322 silly audit   'object.assign': [ '4.1.7' ],
2322 silly audit   'own-keys': [ '1.0.1' ],
2322 silly audit   'regexp.prototype.flags': [ '1.5.4' ],
2322 silly audit   'safe-array-concat': [ '1.1.3' ],
2322 silly audit   'safe-push-apply': [ '1.0.0' ],
2322 silly audit   'safe-regex-test': [ '1.1.0' ],
2322 silly audit   'set-proto': [ '1.0.0' ],
2322 silly audit   'stop-iteration-iterator': [ '1.1.0' ],
2322 silly audit   'string.prototype.trim': [ '1.2.10' ],
2322 silly audit   'string.prototype.trimstart': [ '1.0.8' ],
2322 silly audit   'typed-array-buffer': [ '1.0.3' ],
2322 silly audit   'typed-array-byte-length': [ '1.0.3' ],
2322 silly audit   'typed-array-byte-offset': [ '1.0.4' ],
2322 silly audit   'typed-array-length': [ '1.0.7' ],
2322 silly audit   'unbox-primitive': [ '1.1.0' ],
2322 silly audit   'which-typed-array': [ '1.1.20' ],
2322 silly audit   'possible-typed-array-names': [ '1.1.0' ],
2322 silly audit   'has-tostringtag': [ '1.0.2' ],
2322 silly audit   'is-date-object': [ '1.1.0' ],
2322 silly audit   'is-symbol': [ '1.1.1' ],
2322 silly audit   'aria-query': [ '5.3.2' ],
2322 silly audit   'ast-types-flow': [ '0.0.8' ],
2322 silly audit   'axe-core': [ '4.11.1' ],
2322 silly audit   'axobject-query': [ '4.1.0' ],
2322 silly audit   'damerau-levenshtein': [ '1.0.8' ],
2322 silly audit   'emoji-regex': [ '9.2.2' ],
2322 silly audit   'jsx-ast-utils': [ '3.3.5' ],
2322 silly audit   'language-tags': [ '1.0.9' ],
2322 silly audit   'string.prototype.includes': [ '2.0.1' ],
2322 silly audit   'array.prototype.findlast': [ '1.2.5' ],
2322 silly audit   'array.prototype.tosorted': [ '1.1.4' ],
2322 silly audit   'es-iterator-helpers': [ '1.2.2' ],
2322 silly audit   estraverse: [ '5.3.0' ],
2322 silly audit   'object.entries': [ '1.1.9' ],
2322 silly audit   'prop-types': [ '15.8.1' ],
2322 silly audit   'string.prototype.matchall': [ '4.0.12' ],
2322 silly audit   'string.prototype.repeat': [ '1.0.0' ],
2322 silly audit   'iterator.prototype': [ '1.1.5' ],
2322 silly audit   '@babel/core': [ '7.29.0' ],
2322 silly audit   '@babel/parser': [ '7.29.0' ],
2322 silly audit   'hermes-parser': [ '0.25.1' ],
2322 silly audit   zod: [ '4.3.6' ],
2322 silly audit   'zod-validation-error': [ '4.0.2' ],
2322 silly audit   '@babel/code-frame': [ '7.29.0' ],
2322 silly audit   '@babel/generator': [ '7.29.1' ],
2322 silly audit   '@babel/helper-compilation-targets': [ '7.28.6' ],
2322 silly audit   '@babel/helper-module-transforms': [ '7.28.6' ],
2322 silly audit   '@babel/helpers': [ '7.28.6' ],
2322 silly audit   '@babel/template': [ '7.28.6' ],
2322 silly audit   '@babel/traverse': [ '7.29.0' ],
2322 silly audit   '@babel/types': [ '7.29.0' ],
2322 silly audit   'convert-source-map': [ '2.0.0' ],
2322 silly audit   gensync: [ '1.0.0-beta.2' ],
2322 silly audit   json5: [ '2.2.3', '1.0.2' ],
2322 silly audit   '@babel/helper-validator-identifier': [ '7.28.5' ],
2322 silly audit   'js-tokens': [ '4.0.0' ],
2322 silly audit   picocolors: [ '1.1.1' ],
2322 silly audit   jsesc: [ '3.1.0' ],
2322 silly audit   '@babel/compat-data': [ '7.29.0' ],
2322 silly audit   '@babel/helper-validator-option': [ '7.27.1' ],
2322 silly audit   browserslist: [ '4.28.1' ],
2322 silly audit   'lru-cache': [ '5.1.1' ],
2322 silly audit   '@babel/helper-module-imports': [ '7.28.6' ],
2322 silly audit   '@babel/helper-globals': [ '7.28.0' ],
2322 silly audit   '@babel/helper-string-parser': [ '7.27.1' ],
2322 silly audit   'baseline-browser-mapping': [ '2.9.19' ],
2322 silly audit   'caniuse-lite': [ '1.0.30001769' ],
2322 silly audit   'electron-to-chromium': [ '1.5.286' ],
2322 silly audit   'node-releases': [ '2.0.27' ],
2322 silly audit   'update-browserslist-db': [ '1.2.3' ],
2322 silly audit   esrecurse: [ '4.3.0' ],
2322 silly audit   acorn: [ '8.15.0' ],
2322 silly audit   'acorn-jsx': [ '5.3.2' ],
2322 silly audit   '@nodelib/fs.stat': [ '2.0.5' ],
2322 silly audit   '@nodelib/fs.walk': [ '1.2.8' ],
2322 silly audit   merge2: [ '1.4.1' ],
2322 silly audit   micromatch: [ '4.0.8' ],
2322 silly audit   '@nodelib/fs.scandir': [ '2.1.5' ],
2322 silly audit   fastq: [ '1.20.1' ],
2322 silly audit   'run-parallel': [ '1.2.0' ],
2322 silly audit   reusify: [ '1.1.0' ],
2322 silly audit   'flat-cache': [ '4.0.1' ],
2322 silly audit   'locate-path': [ '6.0.0' ],
2322 silly audit   'path-exists': [ '4.0.0' ],
2322 silly audit   flatted: [ '3.3.3' ],
2322 silly audit   keyv: [ '4.5.4' ],
2322 silly audit   'functions-have-names': [ '1.2.3' ],
2322 silly audit   'dunder-proto': [ '1.0.1' ],
2322 silly audit   'resolve-pkg-maps': [ '1.0.0' ],
2322 silly audit   'hermes-estree': [ '0.25.1' ],
2322 silly audit   'parent-module': [ '1.0.1' ],
2322 silly audit   'resolve-from': [ '4.0.0' ],
2322 silly audit   'side-channel': [ '1.1.0' ],
2322 silly audit   'is-extglob': [ '2.1.1' ],
2322 silly audit   'set-function-name': [ '2.0.2' ],
2322 silly audit   argparse: [ '2.0.1' ],
2322 silly audit   'json-buffer': [ '3.0.1' ],
2322 silly audit   'language-subtag-registry': [ '0.3.23' ],
2322 silly audit   'prelude-ls': [ '1.2.1' ],
2322 silly audit   'type-check': [ '0.4.0' ],
2322 silly audit   'detect-libc': [ '2.1.2' ],
2322 silly audit   'lightningcss-android-arm64': [ '1.30.2' ],
2322 silly audit   'lightningcss-darwin-arm64': [ '1.30.2' ],
2322 silly audit   'lightningcss-darwin-x64': [ '1.30.2' ],
2322 silly audit   'lightningcss-freebsd-x64': [ '1.30.2' ],
2322 silly audit   'lightningcss-linux-arm-gnueabihf': [ '1.30.2' ],
2322 silly audit   'lightningcss-linux-arm64-gnu': [ '1.30.2' ],
2322 silly audit   'lightningcss-linux-arm64-musl': [ '1.30.2' ],
2322 silly audit   'lightningcss-linux-x64-gnu': [ '1.30.2' ],
2322 silly audit   'lightningcss-linux-x64-musl': [ '1.30.2' ],
2322 silly audit   'lightningcss-win32-arm64-msvc': [ '1.30.2' ],
2322 silly audit   'lightningcss-win32-x64-msvc': [ '1.30.2' ],
2322 silly audit   'p-locate': [ '5.0.0' ],
2322 silly audit   yallist: [ '3.1.1' ],
2322 silly audit   braces: [ '3.0.3' ],
2322 silly audit   picomatch: [ '2.3.1', '4.0.3' ],
2322 silly audit   'fill-range': [ '7.1.1' ],
2322 silly audit   'to-regex-range': [ '5.0.1' ],
2322 silly audit   'brace-expansion': [ '1.1.12', '2.0.2' ],
2322 silly audit   'balanced-match': [ '1.0.2' ],
2322 silly audit   'concat-map': [ '0.0.1' ],
2322 silly audit   '@next/env': [ '16.1.6' ],
2322 silly audit   '@next/swc-darwin-arm64': [ '16.1.6' ],
2322 silly audit   '@next/swc-darwin-x64': [ '16.1.6' ],
2322 silly audit   '@next/swc-linux-arm64-gnu': [ '16.1.6' ],
2322 silly audit   '@next/swc-linux-arm64-musl': [ '16.1.6' ],
2322 silly audit   '@next/swc-linux-x64-gnu': [ '16.1.6' ],
2322 silly audit   '@next/swc-linux-x64-musl': [ '16.1.6' ],
2322 silly audit   '@next/swc-win32-arm64-msvc': [ '16.1.6' ],
2322 silly audit   '@next/swc-win32-x64-msvc': [ '16.1.6' ],
2322 silly audit   '@swc/helpers': [ '0.5.15' ],
2322 silly audit   sharp: [ '0.34.5' ],
2322 silly audit   'styled-jsx': [ '5.1.6' ],
2322 silly audit   tslib: [ '2.8.1' ],
2322 silly audit   'deep-is': [ '0.1.4' ],
2322 silly audit   'fast-levenshtein': [ '2.0.6' ],
2322 silly audit   'word-wrap': [ '1.2.5' ],
2322 silly audit   'p-limit': [ '3.1.0' ],
2322 silly audit   'yocto-queue': [ '0.1.0' ],
2322 silly audit   callsites: [ '3.1.0' ],
2322 silly audit   nanoid: [ '3.3.11' ],
2322 silly audit   'loose-envify': [ '1.4.0' ],
2322 silly audit   'object-assign': [ '4.1.1' ],
2322 silly audit   'react-is': [ '16.13.1' ],
2322 silly audit   scheduler: [ '0.27.0' ],
2322 silly audit   'path-parse': [ '1.0.7' ],
2322 silly audit   'supports-preserve-symlinks-flag': [ '1.0.0' ],
2322 silly audit   'queue-microtask': [ '1.2.3' ],
2322 silly audit   isarray: [ '2.0.5' ],
2322 silly audit   '@img/colour': [ '1.0.0' ],
2322 silly audit   '@img/sharp-darwin-arm64': [ '0.34.5' ],
2322 silly audit   '@img/sharp-darwin-x64': [ '0.34.5' ],
2322 silly audit   '@img/sharp-libvips-darwin-arm64': [ '1.2.4' ],
2322 silly audit   '@img/sharp-libvips-darwin-x64': [ '1.2.4' ],
2322 silly audit   '@img/sharp-libvips-linux-arm': [ '1.2.4' ],
2322 silly audit   '@img/sharp-libvips-linux-arm64': [ '1.2.4' ],
2322 silly audit   '@img/sharp-libvips-linux-ppc64': [ '1.2.4' ],
2322 silly audit   '@img/sharp-libvips-linux-riscv64': [ '1.2.4' ],
2322 silly audit   '@img/sharp-libvips-linux-s390x': [ '1.2.4' ],
2322 silly audit   '@img/sharp-libvips-linux-x64': [ '1.2.4' ],
2322 silly audit   '@img/sharp-libvips-linuxmusl-arm64': [ '1.2.4' ],
2322 silly audit   '@img/sharp-libvips-linuxmusl-x64': [ '1.2.4' ],
2322 silly audit   '@img/sharp-linux-arm': [ '0.34.5' ],
2322 silly audit   '@img/sharp-linux-arm64': [ '0.34.5' ],
2322 silly audit   '@img/sharp-linux-ppc64': [ '0.34.5' ],
2322 silly audit   '@img/sharp-linux-riscv64': [ '0.34.5' ],
2322 silly audit   '@img/sharp-linux-s390x': [ '0.34.5' ],
2322 silly audit   '@img/sharp-linux-x64': [ '0.34.5' ],
2322 silly audit   '@img/sharp-linuxmusl-arm64': [ '0.34.5' ],
2322 silly audit   '@img/sharp-linuxmusl-x64': [ '0.34.5' ],
2322 silly audit   '@img/sharp-wasm32': [ '0.34.5' ],
2322 silly audit   '@img/sharp-win32-arm64': [ '0.34.5' ],
2322 silly audit   '@img/sharp-win32-ia32': [ '0.34.5' ],
2322 silly audit   '@img/sharp-win32-x64': [ '0.34.5' ],
2322 silly audit   '@emnapi/runtime': [ '1.8.1' ],
2322 silly audit   'shebang-regex': [ '3.0.0' ],
2322 silly audit   'side-channel-list': [ '1.0.0' ],
2322 silly audit   'side-channel-map': [ '1.0.1' ],
2322 silly audit   'side-channel-weakmap': [ '1.0.2' ],
2322 silly audit   'client-only': [ '0.0.1' ],
2322 silly audit   'has-flag': [ '4.0.0' ],
2322 silly audit   fdir: [ '6.5.0' ],
2322 silly audit   'is-number': [ '7.0.0' ],
2322 silly audit   '@types/json5': [ '0.0.29' ],
2322 silly audit   minimist: [ '1.2.8' ],
2322 silly audit   'strip-bom': [ '3.0.0' ],
2322 silly audit   'for-each': [ '0.3.5' ],
2322 silly audit   'reflect.getprototypeof': [ '1.0.10' ],
2322 silly audit   'which-builtin-type': [ '1.2.1' ],
2322 silly audit   '@typescript-eslint/eslint-plugin': [ '8.55.0' ],
2322 silly audit   '@typescript-eslint/parser': [ '8.55.0' ],
2322 silly audit   '@typescript-eslint/typescript-estree': [ '8.55.0' ],
2322 silly audit   '@typescript-eslint/utils': [ '8.55.0' ],
2322 silly audit   '@typescript-eslint/scope-manager': [ '8.55.0' ],
2322 silly audit   '@typescript-eslint/type-utils': [ '8.55.0' ],
2322 silly audit   '@typescript-eslint/visitor-keys': [ '8.55.0' ],
2322 silly audit   'ts-api-utils': [ '2.4.0' ],
2322 silly audit   '@typescript-eslint/types': [ '8.55.0' ],
2322 silly audit   '@typescript-eslint/project-service': [ '8.55.0' ],
2322 silly audit   '@typescript-eslint/tsconfig-utils': [ '8.55.0' ],
2322 silly audit   'has-bigints': [ '1.1.0' ],
2322 silly audit   'which-boxed-primitive': [ '1.1.1' ],
2322 silly audit   '@unrs/resolver-binding-android-arm-eabi': [ '1.11.1' ],
2322 silly audit   '@unrs/resolver-binding-android-arm64': [ '1.11.1' ],
2322 silly audit   '@unrs/resolver-binding-darwin-arm64': [ '1.11.1' ],
2322 silly audit   '@unrs/resolver-binding-darwin-x64': [ '1.11.1' ],
2322 silly audit   '@unrs/resolver-binding-freebsd-x64': [ '1.11.1' ],
2322 silly audit   '@unrs/resolver-binding-linux-arm-gnueabihf': [ '1.11.1' ],
2322 silly audit   '@unrs/resolver-binding-linux-arm-musleabihf': [ '1.11.1' ],
2322 silly audit   '@unrs/resolver-binding-linux-arm64-gnu': [ '1.11.1' ],
2322 silly audit   '@unrs/resolver-binding-linux-arm64-musl': [ '1.11.1' ],
2322 silly audit   '@unrs/resolver-binding-linux-ppc64-gnu': [ '1.11.1' ],
2322 silly audit   '@unrs/resolver-binding-linux-riscv64-gnu': [ '1.11.1' ],
2322 silly audit   '@unrs/resolver-binding-linux-riscv64-musl': [ '1.11.1' ],
2322 silly audit   '@unrs/resolver-binding-linux-s390x-gnu': [ '1.11.1' ],
2322 silly audit   '@unrs/resolver-binding-linux-x64-gnu': [ '1.11.1' ],
2322 silly audit   '@unrs/resolver-binding-linux-x64-musl': [ '1.11.1' ],
2322 silly audit   '@unrs/resolver-binding-wasm32-wasi': [ '1.11.1' ],
2322 silly audit   '@unrs/resolver-binding-win32-arm64-msvc': [ '1.11.1' ],
2322 silly audit   '@unrs/resolver-binding-win32-ia32-msvc': [ '1.11.1' ],
2322 silly audit   '@unrs/resolver-binding-win32-x64-msvc': [ '1.11.1' ],
2322 silly audit   'napi-postinstall': [ '0.3.4' ],
2322 silly audit   '@napi-rs/wasm-runtime': [ '0.2.12' ],
2322 silly audit   '@emnapi/core': [ '1.8.1' ],
2322 silly audit   '@tybys/wasm-util': [ '0.10.1' ],
2322 silly audit   '@emnapi/wasi-threads': [ '1.1.0' ],
2322 silly audit   escalade: [ '3.2.0' ],
2322 silly audit   punycode: [ '2.3.1' ],
2322 silly audit   isexe: [ '2.0.0' ],
2322 silly audit   'is-bigint': [ '1.1.0' ],
2322 silly audit   'is-boolean-object': [ '1.2.2' ],
2322 silly audit   'is-number-object': [ '1.1.1' ],
2322 silly audit   'is-async-function': [ '2.1.1' ],
2322 silly audit   'is-finalizationregistry': [ '1.1.1' ],
2322 silly audit   'is-generator-function': [ '1.1.2' ],
2322 silly audit   'which-collection': [ '1.0.2' ],
2322 silly audit   'async-function': [ '1.0.0' ],
2322 silly audit   'generator-function': [ '2.0.1' ],
2322 silly audit   'is-map': [ '2.0.3' ],
2322 silly audit   'is-weakmap': [ '2.0.2' ],
2322 silly audit   'is-weakset': [ '2.0.4' ]
2322 silly audit }
2323 http cache is-weakset@https://registry.npmmirror.com/is-weakset/-/is-weakset-2.0.4.tgz 0ms (cache hit)
2324 http cache is-weakmap@https://registry.npmmirror.com/is-weakmap/-/is-weakmap-2.0.2.tgz 0ms (cache hit)
2325 http cache is-map@https://registry.npmmirror.com/is-map/-/is-map-2.0.3.tgz 0ms (cache hit)
2326 http cache generator-function@https://registry.npmmirror.com/generator-function/-/generator-function-2.0.1.tgz 0ms (cache hit)
2327 http cache async-function@https://registry.npmmirror.com/async-function/-/async-function-1.0.0.tgz 0ms (cache hit)
2328 http cache which-collection@https://registry.npmmirror.com/which-collection/-/which-collection-1.0.2.tgz 0ms (cache hit)
2329 http cache is-generator-function@https://registry.npmmirror.com/is-generator-function/-/is-generator-function-1.1.2.tgz 0ms (cache hit)
2330 http cache is-finalizationregistry@https://registry.npmmirror.com/is-finalizationregistry/-/is-finalizationregistry-1.1.1.tgz 0ms (cache hit)
2331 http cache is-async-function@https://registry.npmmirror.com/is-async-function/-/is-async-function-2.1.1.tgz 0ms (cache hit)
2332 http cache is-number-object@https://registry.npmmirror.com/is-number-object/-/is-number-object-1.1.1.tgz 0ms (cache hit)
2333 http cache is-boolean-object@https://registry.npmmirror.com/is-boolean-object/-/is-boolean-object-1.2.2.tgz 0ms (cache hit)
2334 http cache is-bigint@https://registry.npmmirror.com/is-bigint/-/is-bigint-1.1.0.tgz 0ms (cache hit)
2335 http cache isexe@https://registry.npmmirror.com/isexe/-/isexe-2.0.0.tgz 0ms (cache hit)
2336 http cache punycode@https://registry.npmmirror.com/punycode/-/punycode-2.3.1.tgz 0ms (cache hit)
2337 http cache escalade@https://registry.npmmirror.com/escalade/-/escalade-3.2.0.tgz 0ms (cache hit)
2338 http cache @emnapi/wasi-threads@https://registry.npmmirror.com/@emnapi/wasi-threads/-/wasi-threads-1.1.0.tgz 0ms (cache hit)
2339 http cache @tybys/wasm-util@https://registry.npmmirror.com/@tybys/wasm-util/-/wasm-util-0.10.1.tgz 0ms (cache hit)
2340 http cache @emnapi/core@https://registry.npmmirror.com/@emnapi/core/-/core-1.8.1.tgz 0ms (cache hit)
2341 http cache @napi-rs/wasm-runtime@https://registry.npmmirror.com/@napi-rs/wasm-runtime/-/wasm-runtime-0.2.12.tgz 0ms (cache hit)
2342 http cache napi-postinstall@https://registry.npmmirror.com/napi-postinstall/-/napi-postinstall-0.3.4.tgz 0ms (cache hit)
2343 http cache @unrs/resolver-binding-darwin-arm64@https://registry.npmmirror.com/@unrs/resolver-binding-darwin-arm64/-/resolver-binding-darwin-arm64-1.11.1.tgz 0ms (cache hit)
2344 http cache has-bigints@https://registry.npmmirror.com/has-bigints/-/has-bigints-1.1.0.tgz 0ms (cache hit)
2345 http cache @typescript-eslint/tsconfig-utils@https://registry.npmmirror.com/@typescript-eslint/tsconfig-utils/-/tsconfig-utils-8.55.0.tgz 0ms (cache hit)
2346 http cache @typescript-eslint/project-service@https://registry.npmmirror.com/@typescript-eslint/project-service/-/project-service-8.55.0.tgz 0ms (cache hit)
2347 http cache @typescript-eslint/types@https://registry.npmmirror.com/@typescript-eslint/types/-/types-8.55.0.tgz 0ms (cache hit)
2348 http cache @typescript-eslint/visitor-keys@https://registry.npmmirror.com/@typescript-eslint/visitor-keys/-/visitor-keys-8.55.0.tgz 0ms (cache hit)
2349 http cache @typescript-eslint/scope-manager@https://registry.npmmirror.com/@typescript-eslint/scope-manager/-/scope-manager-8.55.0.tgz 0ms (cache hit)
2350 http cache @typescript-eslint/utils@https://registry.npmmirror.com/@typescript-eslint/utils/-/utils-8.55.0.tgz 0ms (cache hit)
2351 http cache ts-api-utils@https://registry.npmmirror.com/ts-api-utils/-/ts-api-utils-2.4.0.tgz 0ms (cache hit)
2352 http cache @typescript-eslint/parser@https://registry.npmmirror.com/@typescript-eslint/parser/-/parser-8.55.0.tgz 0ms (cache hit)
2353 http cache @typescript-eslint/type-utils@https://registry.npmmirror.com/@typescript-eslint/type-utils/-/type-utils-8.55.0.tgz 0ms (cache hit)
2354 http cache which-builtin-type@https://registry.npmmirror.com/which-builtin-type/-/which-builtin-type-1.2.1.tgz 0ms (cache hit)
2355 http cache @typescript-eslint/eslint-plugin@https://registry.npmmirror.com/@typescript-eslint/eslint-plugin/-/eslint-plugin-8.55.0.tgz 0ms (cache hit)
2356 http cache reflect.getprototypeof@https://registry.npmmirror.com/reflect.getprototypeof/-/reflect.getprototypeof-1.0.10.tgz 0ms (cache hit)
2357 http cache for-each@https://registry.npmmirror.com/for-each/-/for-each-0.3.5.tgz 0ms (cache hit)
2358 http cache strip-bom@https://registry.npmmirror.com/strip-bom/-/strip-bom-3.0.0.tgz 0ms (cache hit)
2359 http cache minimist@https://registry.npmmirror.com/minimist/-/minimist-1.2.8.tgz 0ms (cache hit)
2360 http cache @types/json5@https://registry.npmmirror.com/@types/json5/-/json5-0.0.29.tgz 0ms (cache hit)
2361 http cache @typescript-eslint/typescript-estree@https://registry.npmmirror.com/@typescript-eslint/typescript-estree/-/typescript-estree-8.55.0.tgz 0ms (cache hit)
2362 http cache has-flag@https://registry.npmmirror.com/has-flag/-/has-flag-4.0.0.tgz 0ms (cache hit)
2363 http cache is-number@https://registry.npmmirror.com/is-number/-/is-number-7.0.0.tgz 0ms (cache hit)
2364 http cache client-only@https://registry.npmmirror.com/client-only/-/client-only-0.0.1.tgz 0ms (cache hit)
2365 http cache side-channel-weakmap@https://registry.npmmirror.com/side-channel-weakmap/-/side-channel-weakmap-1.0.2.tgz 0ms (cache hit)
2366 http cache side-channel-map@https://registry.npmmirror.com/side-channel-map/-/side-channel-map-1.0.1.tgz 0ms (cache hit)
2367 http cache shebang-regex@https://registry.npmmirror.com/shebang-regex/-/shebang-regex-3.0.0.tgz 0ms (cache hit)
2368 http cache @emnapi/runtime@https://registry.npmmirror.com/@emnapi/runtime/-/runtime-1.8.1.tgz 0ms (cache hit)
2369 http cache @img/sharp-libvips-darwin-arm64@https://registry.npmmirror.com/@img/sharp-libvips-darwin-arm64/-/sharp-libvips-darwin-arm64-1.2.4.tgz 0ms (cache hit)
2370 http cache @img/sharp-darwin-arm64@https://registry.npmmirror.com/@img/sharp-darwin-arm64/-/sharp-darwin-arm64-0.34.5.tgz 0ms (cache hit)
2371 http cache side-channel-list@https://registry.npmmirror.com/side-channel-list/-/side-channel-list-1.0.0.tgz 0ms (cache hit)
2372 http cache @img/colour@https://registry.npmmirror.com/@img/colour/-/colour-1.0.0.tgz 0ms (cache hit)
2373 http cache isarray@https://registry.npmmirror.com/isarray/-/isarray-2.0.5.tgz 0ms (cache hit)
2374 http cache queue-microtask@https://registry.npmmirror.com/queue-microtask/-/queue-microtask-1.2.3.tgz 0ms (cache hit)
2375 http cache supports-preserve-symlinks-flag@https://registry.npmmirror.com/supports-preserve-symlinks-flag/-/supports-preserve-symlinks-flag-1.0.0.tgz 0ms (cache hit)
2376 http cache path-parse@https://registry.npmmirror.com/path-parse/-/path-parse-1.0.7.tgz 0ms (cache hit)
2377 http cache loose-envify@https://registry.npmmirror.com/loose-envify/-/loose-envify-1.4.0.tgz 0ms (cache hit)
2378 http cache object-assign@https://registry.npmmirror.com/object-assign/-/object-assign-4.1.1.tgz 0ms (cache hit)
2379 http cache scheduler@https://registry.npmmirror.com/scheduler/-/scheduler-0.27.0.tgz 0ms (cache hit)
2380 http cache nanoid@https://registry.npmmirror.com/nanoid/-/nanoid-3.3.11.tgz 0ms (cache hit)
2381 http cache react-is@https://registry.npmmirror.com/react-is/-/react-is-16.13.1.tgz 0ms (cache hit)
2382 http cache callsites@https://registry.npmmirror.com/callsites/-/callsites-3.1.0.tgz 0ms (cache hit)
2383 http cache yocto-queue@https://registry.npmmirror.com/yocto-queue/-/yocto-queue-0.1.0.tgz 0ms (cache hit)
2384 http cache word-wrap@https://registry.npmmirror.com/word-wrap/-/word-wrap-1.2.5.tgz 0ms (cache hit)
2385 http cache p-limit@https://registry.npmmirror.com/p-limit/-/p-limit-3.1.0.tgz 0ms (cache hit)
2386 http cache fast-levenshtein@https://registry.npmmirror.com/fast-levenshtein/-/fast-levenshtein-2.0.6.tgz 0ms (cache hit)
2387 http cache deep-is@https://registry.npmmirror.com/deep-is/-/deep-is-0.1.4.tgz 0ms (cache hit)
2388 http cache tslib@https://registry.npmmirror.com/tslib/-/tslib-2.8.1.tgz 0ms (cache hit)
2389 http cache styled-jsx@https://registry.npmmirror.com/styled-jsx/-/styled-jsx-5.1.6.tgz 0ms (cache hit)
2390 http cache sharp@https://registry.npmmirror.com/sharp/-/sharp-0.34.5.tgz 0ms (cache hit)
2391 http cache @swc/helpers@https://registry.npmmirror.com/@swc/helpers/-/helpers-0.5.15.tgz 0ms (cache hit)
2392 http cache @next/swc-darwin-arm64@https://registry.npmmirror.com/@next/swc-darwin-arm64/-/swc-darwin-arm64-16.1.6.tgz 0ms (cache hit)
2393 http cache concat-map@https://registry.npmmirror.com/concat-map/-/concat-map-0.0.1.tgz 0ms (cache hit)
2394 http cache to-regex-range@https://registry.npmmirror.com/to-regex-range/-/to-regex-range-5.0.1.tgz 0ms (cache hit)
2395 http cache @next/env@https://registry.npmmirror.com/@next/env/-/env-16.1.6.tgz 0ms (cache hit)
2396 http cache brace-expansion@https://registry.npmmirror.com/brace-expansion/-/brace-expansion-1.1.12.tgz 0ms (cache hit)
2397 http cache balanced-match@https://registry.npmmirror.com/balanced-match/-/balanced-match-1.0.2.tgz 0ms (cache hit)
2398 http cache braces@https://registry.npmmirror.com/braces/-/braces-3.0.3.tgz 0ms (cache hit)
2399 http cache fill-range@https://registry.npmmirror.com/fill-range/-/fill-range-7.1.1.tgz 0ms (cache hit)
2400 http cache picomatch@https://registry.npmmirror.com/picomatch/-/picomatch-2.3.1.tgz 0ms (cache hit)
2401 http cache yallist@https://registry.npmmirror.com/yallist/-/yallist-3.1.1.tgz 0ms (cache hit)
2402 http cache which-boxed-primitive@https://registry.npmmirror.com/which-boxed-primitive/-/which-boxed-primitive-1.1.1.tgz 0ms (cache hit)
2403 http cache p-locate@https://registry.npmmirror.com/p-locate/-/p-locate-5.0.0.tgz 0ms (cache hit)
2404 http cache detect-libc@https://registry.npmmirror.com/detect-libc/-/detect-libc-2.1.2.tgz 0ms (cache hit)
2405 http cache language-subtag-registry@https://registry.npmmirror.com/language-subtag-registry/-/language-subtag-registry-0.3.23.tgz 0ms (cache hit)
2406 http cache json-buffer@https://registry.npmmirror.com/json-buffer/-/json-buffer-3.0.1.tgz 0ms (cache hit)
2407 http cache argparse@https://registry.npmmirror.com/argparse/-/argparse-2.0.1.tgz 0ms (cache hit)
2408 http cache lightningcss-darwin-arm64@https://registry.npmmirror.com/lightningcss-darwin-arm64/-/lightningcss-darwin-arm64-1.30.2.tgz 0ms (cache hit)
2409 http cache set-function-name@https://registry.npmmirror.com/set-function-name/-/set-function-name-2.0.2.tgz 0ms (cache hit)
2410 http cache type-check@https://registry.npmmirror.com/type-check/-/type-check-0.4.0.tgz 0ms (cache hit)
2411 http cache resolve-from@https://registry.npmmirror.com/resolve-from/-/resolve-from-4.0.0.tgz 0ms (cache hit)
2412 http cache side-channel@https://registry.npmmirror.com/side-channel/-/side-channel-1.1.0.tgz 0ms (cache hit)
2413 http cache parent-module@https://registry.npmmirror.com/parent-module/-/parent-module-1.0.1.tgz 0ms (cache hit)
2414 http cache hermes-estree@https://registry.npmmirror.com/hermes-estree/-/hermes-estree-0.25.1.tgz 0ms (cache hit)
2415 http cache is-extglob@https://registry.npmmirror.com/is-extglob/-/is-extglob-2.1.1.tgz 0ms (cache hit)
2416 http cache dunder-proto@https://registry.npmmirror.com/dunder-proto/-/dunder-proto-1.0.1.tgz 0ms (cache hit)
2417 http cache functions-have-names@https://registry.npmmirror.com/functions-have-names/-/functions-have-names-1.2.3.tgz 0ms (cache hit)
2418 http cache keyv@https://registry.npmmirror.com/keyv/-/keyv-4.5.4.tgz 0ms (cache hit)
2419 http cache flatted@https://registry.npmmirror.com/flatted/-/flatted-3.3.3.tgz 0ms (cache hit)
2420 http cache path-exists@https://registry.npmmirror.com/path-exists/-/path-exists-4.0.0.tgz 0ms (cache hit)
2421 http cache locate-path@https://registry.npmmirror.com/locate-path/-/locate-path-6.0.0.tgz 0ms (cache hit)
2422 http cache prelude-ls@https://registry.npmmirror.com/prelude-ls/-/prelude-ls-1.2.1.tgz 0ms (cache hit)
2423 http cache flat-cache@https://registry.npmmirror.com/flat-cache/-/flat-cache-4.0.1.tgz 0ms (cache hit)
2424 http cache reusify@https://registry.npmmirror.com/reusify/-/reusify-1.1.0.tgz 0ms (cache hit)
2425 http cache @nodelib/fs.scandir@https://registry.npmmirror.com/@nodelib/fs.scandir/-/fs.scandir-2.1.5.tgz 0ms (cache hit)
2426 http cache micromatch@https://registry.npmmirror.com/micromatch/-/micromatch-4.0.8.tgz 0ms (cache hit)
2427 http cache run-parallel@https://registry.npmmirror.com/run-parallel/-/run-parallel-1.2.0.tgz 0ms (cache hit)
2428 http cache fastq@https://registry.npmmirror.com/fastq/-/fastq-1.20.1.tgz 0ms (cache hit)
2429 http cache @nodelib/fs.stat@https://registry.npmmirror.com/@nodelib/fs.stat/-/fs.stat-2.0.5.tgz 0ms (cache hit)
2430 http cache @nodelib/fs.walk@https://registry.npmmirror.com/@nodelib/fs.walk/-/fs.walk-1.2.8.tgz 0ms (cache hit)
2431 http cache acorn-jsx@https://registry.npmmirror.com/acorn-jsx/-/acorn-jsx-5.3.2.tgz 0ms (cache hit)
2432 http cache acorn@https://registry.npmmirror.com/acorn/-/acorn-8.15.0.tgz 0ms (cache hit)
2433 http cache node-releases@https://registry.npmmirror.com/node-releases/-/node-releases-2.0.27.tgz 0ms (cache hit)
2434 http cache merge2@https://registry.npmmirror.com/merge2/-/merge2-1.4.1.tgz 0ms (cache hit)
2435 http cache update-browserslist-db@https://registry.npmmirror.com/update-browserslist-db/-/update-browserslist-db-1.2.3.tgz 0ms (cache hit)
2436 http cache esrecurse@https://registry.npmmirror.com/esrecurse/-/esrecurse-4.3.0.tgz 0ms (cache hit)
2437 http cache caniuse-lite@https://registry.npmmirror.com/caniuse-lite/-/caniuse-lite-1.0.30001769.tgz 0ms (cache hit)
2438 http cache @babel/helper-globals@https://registry.npmmirror.com/@babel/helper-globals/-/helper-globals-7.28.0.tgz 0ms (cache hit)
2439 http cache electron-to-chromium@https://registry.npmmirror.com/electron-to-chromium/-/electron-to-chromium-1.5.286.tgz 0ms (cache hit)
2440 http cache @babel/helper-module-imports@https://registry.npmmirror.com/@babel/helper-module-imports/-/helper-module-imports-7.28.6.tgz 0ms (cache hit)
2441 http cache lru-cache@https://registry.npmmirror.com/lru-cache/-/lru-cache-5.1.1.tgz 0ms (cache hit)
2442 http cache @babel/helper-string-parser@https://registry.npmmirror.com/@babel/helper-string-parser/-/helper-string-parser-7.27.1.tgz 0ms (cache hit)
2443 http cache browserslist@https://registry.npmmirror.com/browserslist/-/browserslist-4.28.1.tgz 0ms (cache hit)
2444 http cache baseline-browser-mapping@https://registry.npmmirror.com/baseline-browser-mapping/-/baseline-browser-mapping-2.9.19.tgz 0ms (cache hit)
2445 http cache @babel/helper-validator-option@https://registry.npmmirror.com/@babel/helper-validator-option/-/helper-validator-option-7.27.1.tgz 0ms (cache hit)
2446 http cache @babel/compat-data@https://registry.npmmirror.com/@babel/compat-data/-/compat-data-7.29.0.tgz 0ms (cache hit)
2447 http cache jsesc@https://registry.npmmirror.com/jsesc/-/jsesc-3.1.0.tgz 0ms (cache hit)
2448 http cache picocolors@https://registry.npmmirror.com/picocolors/-/picocolors-1.1.1.tgz 0ms (cache hit)
2449 http cache js-tokens@https://registry.npmmirror.com/js-tokens/-/js-tokens-4.0.0.tgz 0ms (cache hit)
2450 http cache @babel/helper-validator-identifier@https://registry.npmmirror.com/@babel/helper-validator-identifier/-/helper-validator-identifier-7.28.5.tgz 0ms (cache hit)
2451 http cache json5@https://registry.npmmirror.com/json5/-/json5-2.2.3.tgz 0ms (cache hit)
2452 http cache gensync@https://registry.npmmirror.com/gensync/-/gensync-1.0.0-beta.2.tgz 0ms (cache hit)
2453 http cache convert-source-map@https://registry.npmmirror.com/convert-source-map/-/convert-source-map-2.0.0.tgz 0ms (cache hit)
2454 http cache @babel/traverse@https://registry.npmmirror.com/@babel/traverse/-/traverse-7.29.0.tgz 0ms (cache hit)
2455 http cache @babel/template@https://registry.npmmirror.com/@babel/template/-/template-7.28.6.tgz 0ms (cache hit)
2456 http cache @babel/types@https://registry.npmmirror.com/@babel/types/-/types-7.29.0.tgz 0ms (cache hit)
2457 http cache @babel/helpers@https://registry.npmmirror.com/@babel/helpers/-/helpers-7.28.6.tgz 0ms (cache hit)
2458 http cache @babel/helper-module-transforms@https://registry.npmmirror.com/@babel/helper-module-transforms/-/helper-module-transforms-7.28.6.tgz 0ms (cache hit)
2459 http cache @babel/helper-compilation-targets@https://registry.npmmirror.com/@babel/helper-compilation-targets/-/helper-compilation-targets-7.28.6.tgz 0ms (cache hit)
2460 http cache @babel/code-frame@https://registry.npmmirror.com/@babel/code-frame/-/code-frame-7.29.0.tgz 0ms (cache hit)
2461 http cache zod@https://registry.npmmirror.com/zod/-/zod-4.3.6.tgz 0ms (cache hit)
2462 http cache hermes-parser@https://registry.npmmirror.com/hermes-parser/-/hermes-parser-0.25.1.tgz 0ms (cache hit)
2463 http cache zod-validation-error@https://registry.npmmirror.com/zod-validation-error/-/zod-validation-error-4.0.2.tgz 0ms (cache hit)
2464 http cache @babel/parser@https://registry.npmmirror.com/@babel/parser/-/parser-7.29.0.tgz 0ms (cache hit)
2465 http cache @babel/core@https://registry.npmmirror.com/@babel/core/-/core-7.29.0.tgz 0ms (cache hit)
2466 http cache @babel/generator@https://registry.npmmirror.com/@babel/generator/-/generator-7.29.1.tgz 0ms (cache hit)
2467 http cache iterator.prototype@https://registry.npmmirror.com/iterator.prototype/-/iterator.prototype-1.1.5.tgz 0ms (cache hit)
2468 http cache string.prototype.repeat@https://registry.npmmirror.com/string.prototype.repeat/-/string.prototype.repeat-1.0.0.tgz 0ms (cache hit)
2469 http cache string.prototype.matchall@https://registry.npmmirror.com/string.prototype.matchall/-/string.prototype.matchall-4.0.12.tgz 0ms (cache hit)
2470 http cache object.entries@https://registry.npmmirror.com/object.entries/-/object.entries-1.1.9.tgz 0ms (cache hit)
2471 http cache estraverse@https://registry.npmmirror.com/estraverse/-/estraverse-5.3.0.tgz 0ms (cache hit)
2472 http cache es-iterator-helpers@https://registry.npmmirror.com/es-iterator-helpers/-/es-iterator-helpers-1.2.2.tgz 0ms (cache hit)
2473 http cache prop-types@https://registry.npmmirror.com/prop-types/-/prop-types-15.8.1.tgz 0ms (cache hit)
2474 http cache array.prototype.tosorted@https://registry.npmmirror.com/array.prototype.tosorted/-/array.prototype.tosorted-1.1.4.tgz 0ms (cache hit)
2475 http cache array.prototype.findlast@https://registry.npmmirror.com/array.prototype.findlast/-/array.prototype.findlast-1.2.5.tgz 0ms (cache hit)
2476 http cache string.prototype.includes@https://registry.npmmirror.com/string.prototype.includes/-/string.prototype.includes-2.0.1.tgz 0ms (cache hit)
2477 http cache language-tags@https://registry.npmmirror.com/language-tags/-/language-tags-1.0.9.tgz 0ms (cache hit)
2478 http cache jsx-ast-utils@https://registry.npmmirror.com/jsx-ast-utils/-/jsx-ast-utils-3.3.5.tgz 0ms (cache hit)
2479 http cache emoji-regex@https://registry.npmmirror.com/emoji-regex/-/emoji-regex-9.2.2.tgz 0ms (cache hit)
2480 http cache damerau-levenshtein@https://registry.npmmirror.com/damerau-levenshtein/-/damerau-levenshtein-1.0.8.tgz 0ms (cache hit)
2481 http cache axobject-query@https://registry.npmmirror.com/axobject-query/-/axobject-query-4.1.0.tgz 0ms (cache hit)
2482 http cache axe-core@https://registry.npmmirror.com/axe-core/-/axe-core-4.11.1.tgz 0ms (cache hit)
2483 http cache ast-types-flow@https://registry.npmmirror.com/ast-types-flow/-/ast-types-flow-0.0.8.tgz 0ms (cache hit)
2484 http cache aria-query@https://registry.npmmirror.com/aria-query/-/aria-query-5.3.2.tgz 0ms (cache hit)
2485 http cache is-symbol@https://registry.npmmirror.com/is-symbol/-/is-symbol-1.1.1.tgz 0ms (cache hit)
2486 http cache is-date-object@https://registry.npmmirror.com/is-date-object/-/is-date-object-1.1.0.tgz 0ms (cache hit)
2487 http cache has-tostringtag@https://registry.npmmirror.com/has-tostringtag/-/has-tostringtag-1.0.2.tgz 0ms (cache hit)
2488 http cache possible-typed-array-names@https://registry.npmmirror.com/possible-typed-array-names/-/possible-typed-array-names-1.1.0.tgz 0ms (cache hit)
2489 http cache which-typed-array@https://registry.npmmirror.com/which-typed-array/-/which-typed-array-1.1.20.tgz 0ms (cache hit)
2490 http cache unbox-primitive@https://registry.npmmirror.com/unbox-primitive/-/unbox-primitive-1.1.0.tgz 0ms (cache hit)
2491 http cache typed-array-length@https://registry.npmmirror.com/typed-array-length/-/typed-array-length-1.0.7.tgz 0ms (cache hit)
2492 http cache typed-array-byte-length@https://registry.npmmirror.com/typed-array-byte-length/-/typed-array-byte-length-1.0.3.tgz 0ms (cache hit)
2493 http cache typed-array-byte-offset@https://registry.npmmirror.com/typed-array-byte-offset/-/typed-array-byte-offset-1.0.4.tgz 0ms (cache hit)
2494 http cache typed-array-buffer@https://registry.npmmirror.com/typed-array-buffer/-/typed-array-buffer-1.0.3.tgz 0ms (cache hit)
2495 http cache string.prototype.trimstart@https://registry.npmmirror.com/string.prototype.trimstart/-/string.prototype.trimstart-1.0.8.tgz 0ms (cache hit)
2496 http cache string.prototype.trim@https://registry.npmmirror.com/string.prototype.trim/-/string.prototype.trim-1.2.10.tgz 0ms (cache hit)
2497 http cache stop-iteration-iterator@https://registry.npmmirror.com/stop-iteration-iterator/-/stop-iteration-iterator-1.1.0.tgz 0ms (cache hit)
2498 http cache set-proto@https://registry.npmmirror.com/set-proto/-/set-proto-1.0.0.tgz 0ms (cache hit)
2499 http cache safe-regex-test@https://registry.npmmirror.com/safe-regex-test/-/safe-regex-test-1.1.0.tgz 0ms (cache hit)
2500 http cache safe-push-apply@https://registry.npmmirror.com/safe-push-apply/-/safe-push-apply-1.0.0.tgz 0ms (cache hit)
2501 http cache safe-array-concat@https://registry.npmmirror.com/safe-array-concat/-/safe-array-concat-1.1.3.tgz 0ms (cache hit)
2502 http cache regexp.prototype.flags@https://registry.npmmirror.com/regexp.prototype.flags/-/regexp.prototype.flags-1.5.4.tgz 0ms (cache hit)
2503 http cache own-keys@https://registry.npmmirror.com/own-keys/-/own-keys-1.0.1.tgz 0ms (cache hit)
2504 http cache object.assign@https://registry.npmmirror.com/object.assign/-/object.assign-4.1.7.tgz 0ms (cache hit)
2505 http cache object-inspect@https://registry.npmmirror.com/object-inspect/-/object-inspect-1.13.4.tgz 0ms (cache hit)
2506 http cache is-weakref@https://registry.npmmirror.com/is-weakref/-/is-weakref-1.1.1.tgz 0ms (cache hit)
2507 http cache is-typed-array@https://registry.npmmirror.com/is-typed-array/-/is-typed-array-1.1.15.tgz 0ms (cache hit)
2508 http cache is-shared-array-buffer@https://registry.npmmirror.com/is-shared-array-buffer/-/is-shared-array-buffer-1.0.4.tgz 0ms (cache hit)
2509 http cache is-set@https://registry.npmmirror.com/is-set/-/is-set-2.0.3.tgz 0ms (cache hit)
2510 http cache is-regex@https://registry.npmmirror.com/is-regex/-/is-regex-1.2.1.tgz 0ms (cache hit)
2511 http cache is-negative-zero@https://registry.npmmirror.com/is-negative-zero/-/is-negative-zero-2.0.3.tgz 0ms (cache hit)
2512 http cache is-data-view@https://registry.npmmirror.com/is-data-view/-/is-data-view-1.0.2.tgz 0ms (cache hit)
2513 http cache is-callable@https://registry.npmmirror.com/is-callable/-/is-callable-1.2.7.tgz 0ms (cache hit)
2514 http cache is-array-buffer@https://registry.npmmirror.com/is-array-buffer/-/is-array-buffer-3.0.5.tgz 0ms (cache hit)
2515 http cache internal-slot@https://registry.npmmirror.com/internal-slot/-/internal-slot-1.1.0.tgz 0ms (cache hit)
2516 http cache has-symbols@https://registry.npmmirror.com/has-symbols/-/has-symbols-1.1.0.tgz 0ms (cache hit)
2517 http cache has-proto@https://registry.npmmirror.com/has-proto/-/has-proto-1.2.0.tgz 0ms (cache hit)
2518 http cache globalthis@https://registry.npmmirror.com/globalthis/-/globalthis-1.0.4.tgz 0ms (cache hit)
2519 http cache get-symbol-description@https://registry.npmmirror.com/get-symbol-description/-/get-symbol-description-1.1.0.tgz 0ms (cache hit)
2520 http cache get-proto@https://registry.npmmirror.com/get-proto/-/get-proto-1.0.1.tgz 0ms (cache hit)
2521 http cache function.prototype.name@https://registry.npmmirror.com/function.prototype.name/-/function.prototype.name-1.1.8.tgz 0ms (cache hit)
2522 http cache es-to-primitive@https://registry.npmmirror.com/es-to-primitive/-/es-to-primitive-1.3.0.tgz 0ms (cache hit)
2523 http cache es-set-tostringtag@https://registry.npmmirror.com/es-set-tostringtag/-/es-set-tostringtag-2.1.0.tgz 0ms (cache hit)
2524 http cache data-view-byte-length@https://registry.npmmirror.com/data-view-byte-length/-/data-view-byte-length-1.0.2.tgz 0ms (cache hit)
2525 http cache data-view-byte-offset@https://registry.npmmirror.com/data-view-byte-offset/-/data-view-byte-offset-1.0.1.tgz 0ms (cache hit)
2526 http cache available-typed-arrays@https://registry.npmmirror.com/available-typed-arrays/-/available-typed-arrays-1.0.7.tgz 0ms (cache hit)
2527 http cache arraybuffer.prototype.slice@https://registry.npmmirror.com/arraybuffer.prototype.slice/-/arraybuffer.prototype.slice-1.0.4.tgz 0ms (cache hit)
2528 http cache array-buffer-byte-length@https://registry.npmmirror.com/array-buffer-byte-length/-/array-buffer-byte-length-1.0.2.tgz 0ms (cache hit)
2529 http cache data-view-buffer@https://registry.npmmirror.com/data-view-buffer/-/data-view-buffer-1.0.2.tgz 0ms (cache hit)
2530 http cache gopd@https://registry.npmmirror.com/gopd/-/gopd-1.2.0.tgz 0ms (cache hit)
2531 http cache object-keys@https://registry.npmmirror.com/object-keys/-/object-keys-1.1.1.tgz 0ms (cache hit)
2532 http cache has-property-descriptors@https://registry.npmmirror.com/has-property-descriptors/-/has-property-descriptors-1.0.2.tgz 0ms (cache hit)
2533 http cache function-bind@https://registry.npmmirror.com/function-bind/-/function-bind-1.1.2.tgz 0ms (cache hit)
2534 http cache define-data-property@https://registry.npmmirror.com/define-data-property/-/define-data-property-1.1.4.tgz 0ms (cache hit)
2535 http cache es-define-property@https://registry.npmmirror.com/es-define-property/-/es-define-property-1.0.1.tgz 0ms (cache hit)
2536 http cache call-bind-apply-helpers@https://registry.npmmirror.com/call-bind-apply-helpers/-/call-bind-apply-helpers-1.0.2.tgz 0ms (cache hit)
2537 http cache es-shim-unscopables@https://registry.npmmirror.com/es-shim-unscopables/-/es-shim-unscopables-1.1.0.tgz 0ms (cache hit)
2538 http cache set-function-length@https://registry.npmmirror.com/set-function-length/-/set-function-length-1.2.2.tgz 0ms (cache hit)
2539 http cache es-errors@https://registry.npmmirror.com/es-errors/-/es-errors-1.3.0.tgz 0ms (cache hit)
2540 http cache math-intrinsics@https://registry.npmmirror.com/math-intrinsics/-/math-intrinsics-1.1.0.tgz 0ms (cache hit)
2541 http cache is-string@https://registry.npmmirror.com/is-string/-/is-string-1.1.1.tgz 0ms (cache hit)
2542 http cache get-intrinsic@https://registry.npmmirror.com/get-intrinsic/-/get-intrinsic-1.3.0.tgz 0ms (cache hit)
2543 http cache resolve-pkg-maps@https://registry.npmmirror.com/resolve-pkg-maps/-/resolve-pkg-maps-1.0.0.tgz 0ms (cache hit)
2544 http cache es-abstract@https://registry.npmmirror.com/es-abstract/-/es-abstract-1.24.1.tgz 0ms (cache hit)
2545 http cache es-object-atoms@https://registry.npmmirror.com/es-object-atoms/-/es-object-atoms-1.1.1.tgz 0ms (cache hit)
2546 http cache define-properties@https://registry.npmmirror.com/define-properties/-/define-properties-1.2.1.tgz 0ms (cache hit)
2547 http cache call-bound@https://registry.npmmirror.com/call-bound/-/call-bound-1.0.4.tgz 0ms (cache hit)
2548 http cache call-bind@https://registry.npmmirror.com/call-bind/-/call-bind-1.0.8.tgz 0ms (cache hit)
2549 http cache tsconfig-paths@https://registry.npmmirror.com/tsconfig-paths/-/tsconfig-paths-3.15.0.tgz 0ms (cache hit)
2550 http cache string.prototype.trimend@https://registry.npmmirror.com/string.prototype.trimend/-/string.prototype.trimend-1.0.9.tgz 0ms (cache hit)
2551 http cache semver@https://registry.npmmirror.com/semver/-/semver-6.3.1.tgz 0ms (cache hit)
2552 http cache object.values@https://registry.npmmirror.com/object.values/-/object.values-1.2.1.tgz 0ms (cache hit)
2553 http cache object.groupby@https://registry.npmmirror.com/object.groupby/-/object.groupby-1.0.3.tgz 0ms (cache hit)
2554 http cache hasown@https://registry.npmmirror.com/hasown/-/hasown-2.0.2.tgz 0ms (cache hit)
2555 http cache eslint-module-utils@https://registry.npmmirror.com/eslint-module-utils/-/eslint-module-utils-2.12.1.tgz 0ms (cache hit)
2556 http cache doctrine@https://registry.npmmirror.com/doctrine/-/doctrine-2.1.0.tgz 0ms (cache hit)
2557 http cache array.prototype.flatmap@https://registry.npmmirror.com/array.prototype.flatmap/-/array.prototype.flatmap-1.3.3.tgz 0ms (cache hit)
2558 http cache array.prototype.flat@https://registry.npmmirror.com/array.prototype.flat/-/array.prototype.flat-1.3.3.tgz 0ms (cache hit)
2559 http cache array.prototype.findlastindex@https://registry.npmmirror.com/array.prototype.findlastindex/-/array.prototype.findlastindex-1.2.6.tgz 0ms (cache hit)
2560 http cache object.fromentries@https://registry.npmmirror.com/object.fromentries/-/object.fromentries-2.0.8.tgz 0ms (cache hit)
2561 http cache array-includes@https://registry.npmmirror.com/array-includes/-/array-includes-3.1.9.tgz 0ms (cache hit)
2562 http cache @rtsao/scc@https://registry.npmmirror.com/@rtsao/scc/-/scc-1.1.0.tgz 0ms (cache hit)
2563 http cache unrs-resolver@https://registry.npmmirror.com/unrs-resolver/-/unrs-resolver-1.11.1.tgz 0ms (cache hit)
2564 http cache tinyglobby@https://registry.npmmirror.com/tinyglobby/-/tinyglobby-0.2.15.tgz 0ms (cache hit)
2565 http cache is-bun-module@https://registry.npmmirror.com/is-bun-module/-/is-bun-module-2.0.0.tgz 0ms (cache hit)
2566 http cache @nolyfill/is-core-module@https://registry.npmmirror.com/@nolyfill/is-core-module/-/is-core-module-1.0.39.tgz 0ms (cache hit)
2567 http cache stable-hash@https://registry.npmmirror.com/stable-hash/-/stable-hash-0.0.5.tgz 0ms (cache hit)
2568 http cache is-core-module@https://registry.npmmirror.com/is-core-module/-/is-core-module-2.16.1.tgz 0ms (cache hit)
2569 http cache resolve@https://registry.npmmirror.com/resolve/-/resolve-1.22.11.tgz 0ms (cache hit)
2570 http cache fast-glob@https://registry.npmmirror.com/fast-glob/-/fast-glob-3.3.1.tgz 0ms (cache hit)
2571 http cache typescript-eslint@https://registry.npmmirror.com/typescript-eslint/-/typescript-eslint-8.55.0.tgz 0ms (cache hit)
2572 http cache eslint-plugin-react-hooks@https://registry.npmmirror.com/eslint-plugin-react-hooks/-/eslint-plugin-react-hooks-7.0.1.tgz 0ms (cache hit)
2573 http cache get-tsconfig@https://registry.npmmirror.com/get-tsconfig/-/get-tsconfig-4.13.6.tgz 0ms (cache hit)
2574 http cache eslint-plugin-react@https://registry.npmmirror.com/eslint-plugin-react/-/eslint-plugin-react-7.37.5.tgz 0ms (cache hit)
2575 http cache eslint-plugin-jsx-a11y@https://registry.npmmirror.com/eslint-plugin-jsx-a11y/-/eslint-plugin-jsx-a11y-6.10.2.tgz 0ms (cache hit)
2576 http cache eslint-import-resolver-typescript@https://registry.npmmirror.com/eslint-import-resolver-typescript/-/eslint-import-resolver-typescript-3.10.1.tgz 0ms (cache hit)
2577 http cache @next/eslint-plugin-next@https://registry.npmmirror.com/@next/eslint-plugin-next/-/eslint-plugin-next-16.1.6.tgz 0ms (cache hit)
2578 http cache eslint-import-resolver-node@https://registry.npmmirror.com/eslint-import-resolver-node/-/eslint-import-resolver-node-0.3.9.tgz 0ms (cache hit)
2579 http cache ms@https://registry.npmmirror.com/ms/-/ms-2.1.3.tgz 0ms (cache hit)
2580 http cache eslint-plugin-import@https://registry.npmmirror.com/eslint-plugin-import/-/eslint-plugin-import-2.32.0.tgz 0ms (cache hit)
2581 http cache which@https://registry.npmmirror.com/which/-/which-2.0.2.tgz 0ms (cache hit)
2582 http cache shebang-command@https://registry.npmmirror.com/shebang-command/-/shebang-command-2.0.0.tgz 0ms (cache hit)
2583 http cache path-key@https://registry.npmmirror.com/path-key/-/path-key-3.1.1.tgz 0ms (cache hit)
2584 http cache color-name@https://registry.npmmirror.com/color-name/-/color-name-1.1.4.tgz 0ms (cache hit)
2585 http cache color-convert@https://registry.npmmirror.com/color-convert/-/color-convert-2.0.1.tgz 0ms (cache hit)
2586 http cache supports-color@https://registry.npmmirror.com/supports-color/-/supports-color-7.2.0.tgz 0ms (cache hit)
2587 http cache ansi-styles@https://registry.npmmirror.com/ansi-styles/-/ansi-styles-4.3.0.tgz 0ms (cache hit)
2588 http cache uri-js@https://registry.npmmirror.com/uri-js/-/uri-js-4.4.1.tgz 0ms (cache hit)
2589 http cache fast-json-stable-stringify@https://registry.npmmirror.com/fast-json-stable-stringify/-/fast-json-stable-stringify-2.1.0.tgz 0ms (cache hit)
2590 http cache json-schema-traverse@https://registry.npmmirror.com/json-schema-traverse/-/json-schema-traverse-0.4.1.tgz 0ms (cache hit)
2591 http cache levn@https://registry.npmmirror.com/levn/-/levn-0.4.1.tgz 0ms (cache hit)
2592 http cache @humanfs/core@https://registry.npmmirror.com/@humanfs/core/-/core-0.19.1.tgz 0ms (cache hit)
2593 http cache js-yaml@https://registry.npmmirror.com/js-yaml/-/js-yaml-4.1.1.tgz 0ms (cache hit)
2594 http cache globals@https://registry.npmmirror.com/globals/-/globals-14.0.0.tgz 0ms (cache hit)
2595 http cache @types/json-schema@https://registry.npmmirror.com/@types/json-schema/-/json-schema-7.0.15.tgz 0ms (cache hit)
2596 http cache @eslint/object-schema@https://registry.npmmirror.com/@eslint/object-schema/-/object-schema-2.1.7.tgz 0ms (cache hit)
2597 http cache optionator@https://registry.npmmirror.com/optionator/-/optionator-0.9.4.tgz 0ms (cache hit)
2598 http cache strip-json-comments@https://registry.npmmirror.com/strip-json-comments/-/strip-json-comments-3.1.1.tgz 0ms (cache hit)
2599 http cache natural-compare@https://registry.npmmirror.com/natural-compare/-/natural-compare-1.4.0.tgz 0ms (cache hit)
2600 http cache json-stable-stringify-without-jsonify@https://registry.npmmirror.com/json-stable-stringify-without-jsonify/-/json-stable-stringify-without-jsonify-1.0.1.tgz 0ms (cache hit)
2601 http cache lodash.merge@https://registry.npmmirror.com/lodash.merge/-/lodash.merge-4.6.2.tgz 0ms (cache hit)
2602 http cache is-glob@https://registry.npmmirror.com/is-glob/-/is-glob-4.0.3.tgz 0ms (cache hit)
2603 http cache imurmurhash@https://registry.npmmirror.com/imurmurhash/-/imurmurhash-0.1.4.tgz 0ms (cache hit)
2604 http cache minimatch@https://registry.npmmirror.com/minimatch/-/minimatch-3.1.2.tgz 0ms (cache hit)
2605 http cache glob-parent@https://registry.npmmirror.com/glob-parent/-/glob-parent-6.0.2.tgz 0ms (cache hit)
2606 http cache ignore@https://registry.npmmirror.com/ignore/-/ignore-5.3.2.tgz 0ms (cache hit)
2607 http cache find-up@https://registry.npmmirror.com/find-up/-/find-up-5.0.0.tgz 0ms (cache hit)
2608 http cache file-entry-cache@https://registry.npmmirror.com/file-entry-cache/-/file-entry-cache-8.0.0.tgz 0ms (cache hit)
2609 http cache fast-deep-equal@https://registry.npmmirror.com/fast-deep-equal/-/fast-deep-equal-3.1.3.tgz 0ms (cache hit)
2610 http cache esutils@https://registry.npmmirror.com/esutils/-/esutils-2.0.3.tgz 0ms (cache hit)
2611 http cache espree@https://registry.npmmirror.com/espree/-/espree-10.4.0.tgz 0ms (cache hit)
2612 http cache esquery@https://registry.npmmirror.com/esquery/-/esquery-1.7.0.tgz 0ms (cache hit)
2613 http cache eslint-visitor-keys@https://registry.npmmirror.com/eslint-visitor-keys/-/eslint-visitor-keys-4.2.1.tgz 0ms (cache hit)
2614 http cache eslint-scope@https://registry.npmmirror.com/eslint-scope/-/eslint-scope-8.4.0.tgz 0ms (cache hit)
2615 http cache escape-string-regexp@https://registry.npmmirror.com/escape-string-regexp/-/escape-string-regexp-4.0.0.tgz 0ms (cache hit)
2616 http cache debug@https://registry.npmmirror.com/debug/-/debug-4.4.3.tgz 0ms (cache hit)
2617 http cache cross-spawn@https://registry.npmmirror.com/cross-spawn/-/cross-spawn-7.0.6.tgz 0ms (cache hit)
2618 http cache chalk@https://registry.npmmirror.com/chalk/-/chalk-4.1.2.tgz 0ms (cache hit)
2619 http cache ajv@https://registry.npmmirror.com/ajv/-/ajv-6.12.6.tgz 0ms (cache hit)
2620 http cache @humanwhocodes/retry@https://registry.npmmirror.com/@humanwhocodes/retry/-/retry-0.4.3.tgz 0ms (cache hit)
2621 http cache @types/estree@https://registry.npmmirror.com/@types/estree/-/estree-1.0.8.tgz 0ms (cache hit)
2622 http cache @humanwhocodes/module-importer@https://registry.npmmirror.com/@humanwhocodes/module-importer/-/module-importer-1.0.1.tgz 0ms (cache hit)
2623 http cache @humanfs/node@https://registry.npmmirror.com/@humanfs/node/-/node-0.16.7.tgz 0ms (cache hit)
2624 http cache @eslint/plugin-kit@https://registry.npmmirror.com/@eslint/plugin-kit/-/plugin-kit-0.4.1.tgz 0ms (cache hit)
2625 http cache @eslint/eslintrc@https://registry.npmmirror.com/@eslint/eslintrc/-/eslintrc-3.3.3.tgz 0ms (cache hit)
2626 http cache @eslint/js@https://registry.npmmirror.com/@eslint/js/-/js-9.39.2.tgz 0ms (cache hit)
2627 http cache @eslint/core@https://registry.npmmirror.com/@eslint/core/-/core-0.17.0.tgz 0ms (cache hit)
2628 http cache @eslint/config-helpers@https://registry.npmmirror.com/@eslint/config-helpers/-/config-helpers-0.4.2.tgz 0ms (cache hit)
2629 http cache @eslint/config-array@https://registry.npmmirror.com/@eslint/config-array/-/config-array-0.21.1.tgz 0ms (cache hit)
2630 http cache @eslint-community/regexpp@https://registry.npmmirror.com/@eslint-community/regexpp/-/regexpp-4.12.2.tgz 0ms (cache hit)
2631 http cache tapable@https://registry.npmmirror.com/tapable/-/tapable-2.3.0.tgz 0ms (cache hit)
2632 http cache graceful-fs@https://registry.npmmirror.com/graceful-fs/-/graceful-fs-4.2.11.tgz 0ms (cache hit)
2633 http cache csstype@https://registry.npmmirror.com/csstype/-/csstype-3.2.3.tgz 0ms (cache hit)
2634 http cache undici-types@https://registry.npmmirror.com/undici-types/-/undici-types-6.21.0.tgz 0ms (cache hit)
2635 http cache @jridgewell/resolve-uri@https://registry.npmmirror.com/@jridgewell/resolve-uri/-/resolve-uri-3.1.2.tgz 0ms (cache hit)
2636 http cache @eslint-community/eslint-utils@https://registry.npmmirror.com/@eslint-community/eslint-utils/-/eslint-utils-4.9.1.tgz 0ms (cache hit)
2637 http cache @jridgewell/sourcemap-codec@https://registry.npmmirror.com/@jridgewell/sourcemap-codec/-/sourcemap-codec-1.5.5.tgz 0ms (cache hit)
2638 http cache @tailwindcss/oxide-darwin-arm64@https://registry.npmmirror.com/@tailwindcss/oxide-darwin-arm64/-/oxide-darwin-arm64-4.1.18.tgz 0ms (cache hit)
2639 http cache @jridgewell/trace-mapping@https://registry.npmmirror.com/@jridgewell/trace-mapping/-/trace-mapping-0.3.31.tgz 0ms (cache hit)
2640 http cache @jridgewell/gen-mapping@https://registry.npmmirror.com/@jridgewell/gen-mapping/-/gen-mapping-0.3.13.tgz 0ms (cache hit)
2641 http cache source-map-js@https://registry.npmmirror.com/source-map-js/-/source-map-js-1.2.1.tgz 0ms (cache hit)
2642 http cache magic-string@https://registry.npmmirror.com/magic-string/-/magic-string-0.30.21.tgz 0ms (cache hit)
2643 http cache lightningcss@https://registry.npmmirror.com/lightningcss/-/lightningcss-1.30.2.tgz 0ms (cache hit)
2644 http cache jiti@https://registry.npmmirror.com/jiti/-/jiti-2.6.1.tgz 0ms (cache hit)
2645 http cache enhanced-resolve@https://registry.npmmirror.com/enhanced-resolve/-/enhanced-resolve-5.19.0.tgz 0ms (cache hit)
2646 http cache @jridgewell/remapping@https://registry.npmmirror.com/@jridgewell/remapping/-/remapping-2.3.5.tgz 0ms (cache hit)
2647 http cache postcss@https://registry.npmmirror.com/postcss/-/postcss-8.5.6.tgz 0ms (cache hit)
2648 http cache @tailwindcss/oxide@https://registry.npmmirror.com/@tailwindcss/oxide/-/oxide-4.1.18.tgz 0ms (cache hit)
2649 http cache @tailwindcss/node@https://registry.npmmirror.com/@tailwindcss/node/-/node-4.1.18.tgz 0ms (cache hit)
2650 http cache @alloc/quick-lru@https://registry.npmmirror.com/@alloc/quick-lru/-/quick-lru-5.2.0.tgz 0ms (cache hit)
2651 http cache typescript@https://registry.npmmirror.com/typescript/-/typescript-5.9.3.tgz 0ms (cache hit)
2652 http cache tailwindcss@https://registry.npmmirror.com/tailwindcss/-/tailwindcss-4.1.18.tgz 0ms (cache hit)
2653 http cache react-dom@https://registry.npmmirror.com/react-dom/-/react-dom-19.2.3.tgz 0ms (cache hit)
2654 http cache react@https://registry.npmmirror.com/react/-/react-19.2.3.tgz 0ms (cache hit)
2655 http cache next@https://registry.npmmirror.com/next/-/next-16.1.6.tgz 0ms (cache hit)
2656 http cache eslint-config-next@https://registry.npmmirror.com/eslint-config-next/-/eslint-config-next-16.1.6.tgz 0ms (cache hit)
2657 http cache eslint@https://registry.npmmirror.com/eslint/-/eslint-9.39.2.tgz 0ms (cache hit)
2658 http cache @types/react-dom@https://registry.npmmirror.com/@types/react-dom/-/react-dom-19.2.3.tgz 0ms (cache hit)
2659 http cache @types/react@https://registry.npmmirror.com/@types/react/-/react-19.2.14.tgz 0ms (cache hit)
2660 http cache @types/node@https://registry.npmmirror.com/@types/node/-/node-20.19.33.tgz 0ms (cache hit)
2661 http cache @tailwindcss/postcss@https://registry.npmmirror.com/@tailwindcss/postcss/-/postcss-4.1.18.tgz 0ms (cache hit)
2662 http cache brace-expansion@https://registry.npmmirror.com/brace-expansion/-/brace-expansion-2.0.2.tgz 0ms (cache hit)
2663 http cache minimatch@https://registry.npmmirror.com/minimatch/-/minimatch-9.0.5.tgz 0ms (cache hit)
2664 http cache ignore@https://registry.npmmirror.com/ignore/-/ignore-7.0.5.tgz 0ms (cache hit)
2665 http cache json5@https://registry.npmmirror.com/json5/-/json5-1.0.2.tgz 0ms (cache hit)
2666 http cache semver@https://registry.npmmirror.com/semver/-/semver-7.7.4.tgz 0ms (cache hit)
2667 http cache debug@https://registry.npmmirror.com/debug/-/debug-3.2.7.tgz 0ms (cache hit)
2668 http cache semver@https://registry.npmmirror.com/semver/-/semver-7.7.4.tgz 0ms (cache hit)
2669 http cache semver@https://registry.npmmirror.com/semver/-/semver-7.7.4.tgz 0ms (cache hit)
2670 http cache glob-parent@https://registry.npmmirror.com/glob-parent/-/glob-parent-5.1.2.tgz 0ms (cache hit)
2671 http cache resolve@https://registry.npmmirror.com/resolve/-/resolve-2.0.0-next.5.tgz 0ms (cache hit)
2672 http cache fdir@https://registry.npmmirror.com/fdir/-/fdir-6.5.0.tgz 0ms (cache hit)
2673 http cache picomatch@https://registry.npmmirror.com/picomatch/-/picomatch-4.0.3.tgz 1ms (cache hit)
2674 http cache debug@https://registry.npmmirror.com/debug/-/debug-3.2.7.tgz 0ms (cache hit)
2675 http cache eslint-visitor-keys@https://registry.npmmirror.com/eslint-visitor-keys/-/eslint-visitor-keys-3.4.3.tgz 0ms (cache hit)
2676 http cache postcss@https://registry.npmmirror.com/postcss/-/postcss-8.4.31.tgz 0ms (cache hit)
2677 http cache import-fresh@https://registry.npmmirror.com/import-fresh/-/import-fresh-3.3.1.tgz 0ms (cache hit)
2678 http cache globals@https://registry.npmmirror.com/globals/-/globals-16.4.0.tgz 0ms (cache hit)
2679 http cache debug@https://registry.npmmirror.com/debug/-/debug-3.2.7.tgz 0ms (cache hit)
2680 silly tarball no local data for is-weakset@https://registry.npmmirror.com/is-weakset/-/is-weakset-2.0.4.tgz. Extracting by manifest.
2681 silly tarball no local data for is-weakmap@https://registry.npmmirror.com/is-weakmap/-/is-weakmap-2.0.2.tgz. Extracting by manifest.
2682 silly tarball no local data for is-map@https://registry.npmmirror.com/is-map/-/is-map-2.0.3.tgz. Extracting by manifest.
2683 silly tarball no local data for generator-function@https://registry.npmmirror.com/generator-function/-/generator-function-2.0.1.tgz. Extracting by manifest.
2684 silly tarball no local data for async-function@https://registry.npmmirror.com/async-function/-/async-function-1.0.0.tgz. Extracting by manifest.
2685 silly tarball no local data for which-collection@https://registry.npmmirror.com/which-collection/-/which-collection-1.0.2.tgz. Extracting by manifest.
2686 silly tarball no local data for is-generator-function@https://registry.npmmirror.com/is-generator-function/-/is-generator-function-1.1.2.tgz. Extracting by manifest.
2687 silly tarball no local data for is-finalizationregistry@https://registry.npmmirror.com/is-finalizationregistry/-/is-finalizationregistry-1.1.1.tgz. Extracting by manifest.
2688 silly tarball no local data for is-async-function@https://registry.npmmirror.com/is-async-function/-/is-async-function-2.1.1.tgz. Extracting by manifest.
2689 silly tarball no local data for is-number-object@https://registry.npmmirror.com/is-number-object/-/is-number-object-1.1.1.tgz. Extracting by manifest.
2690 silly tarball no local data for is-boolean-object@https://registry.npmmirror.com/is-boolean-object/-/is-boolean-object-1.2.2.tgz. Extracting by manifest.
2691 silly tarball no local data for is-bigint@https://registry.npmmirror.com/is-bigint/-/is-bigint-1.1.0.tgz. Extracting by manifest.
2692 silly tarball no local data for isexe@https://registry.npmmirror.com/isexe/-/isexe-2.0.0.tgz. Extracting by manifest.
2693 silly tarball no local data for punycode@https://registry.npmmirror.com/punycode/-/punycode-2.3.1.tgz. Extracting by manifest.
2694 silly tarball no local data for escalade@https://registry.npmmirror.com/escalade/-/escalade-3.2.0.tgz. Extracting by manifest.
2695 silly tarball no local data for @emnapi/wasi-threads@https://registry.npmmirror.com/@emnapi/wasi-threads/-/wasi-threads-1.1.0.tgz. Extracting by manifest.
2696 silly tarball no local data for @tybys/wasm-util@https://registry.npmmirror.com/@tybys/wasm-util/-/wasm-util-0.10.1.tgz. Extracting by manifest.
2697 silly tarball no local data for @emnapi/core@https://registry.npmmirror.com/@emnapi/core/-/core-1.8.1.tgz. Extracting by manifest.
2698 silly tarball no local data for @napi-rs/wasm-runtime@https://registry.npmmirror.com/@napi-rs/wasm-runtime/-/wasm-runtime-0.2.12.tgz. Extracting by manifest.
2699 silly tarball no local data for napi-postinstall@https://registry.npmmirror.com/napi-postinstall/-/napi-postinstall-0.3.4.tgz. Extracting by manifest.
2700 silly tarball no local data for @unrs/resolver-binding-darwin-arm64@https://registry.npmmirror.com/@unrs/resolver-binding-darwin-arm64/-/resolver-binding-darwin-arm64-1.11.1.tgz. Extracting by manifest.
2701 silly tarball no local data for has-bigints@https://registry.npmmirror.com/has-bigints/-/has-bigints-1.1.0.tgz. Extracting by manifest.
2702 silly tarball no local data for @typescript-eslint/tsconfig-utils@https://registry.npmmirror.com/@typescript-eslint/tsconfig-utils/-/tsconfig-utils-8.55.0.tgz. Extracting by manifest.
2703 silly tarball no local data for @typescript-eslint/project-service@https://registry.npmmirror.com/@typescript-eslint/project-service/-/project-service-8.55.0.tgz. Extracting by manifest.
2704 silly tarball no local data for @typescript-eslint/types@https://registry.npmmirror.com/@typescript-eslint/types/-/types-8.55.0.tgz. Extracting by manifest.
2705 silly tarball no local data for @typescript-eslint/visitor-keys@https://registry.npmmirror.com/@typescript-eslint/visitor-keys/-/visitor-keys-8.55.0.tgz. Extracting by manifest.
2706 silly tarball no local data for @typescript-eslint/scope-manager@https://registry.npmmirror.com/@typescript-eslint/scope-manager/-/scope-manager-8.55.0.tgz. Extracting by manifest.
2707 silly tarball no local data for @typescript-eslint/utils@https://registry.npmmirror.com/@typescript-eslint/utils/-/utils-8.55.0.tgz. Extracting by manifest.
2708 silly tarball no local data for ts-api-utils@https://registry.npmmirror.com/ts-api-utils/-/ts-api-utils-2.4.0.tgz. Extracting by manifest.
2709 silly tarball no local data for @typescript-eslint/parser@https://registry.npmmirror.com/@typescript-eslint/parser/-/parser-8.55.0.tgz. Extracting by manifest.
2710 silly tarball no local data for @typescript-eslint/type-utils@https://registry.npmmirror.com/@typescript-eslint/type-utils/-/type-utils-8.55.0.tgz. Extracting by manifest.
2711 silly tarball no local data for which-builtin-type@https://registry.npmmirror.com/which-builtin-type/-/which-builtin-type-1.2.1.tgz. Extracting by manifest.
2712 silly tarball no local data for @typescript-eslint/eslint-plugin@https://registry.npmmirror.com/@typescript-eslint/eslint-plugin/-/eslint-plugin-8.55.0.tgz. Extracting by manifest.
2713 silly tarball no local data for reflect.getprototypeof@https://registry.npmmirror.com/reflect.getprototypeof/-/reflect.getprototypeof-1.0.10.tgz. Extracting by manifest.
2714 silly tarball no local data for for-each@https://registry.npmmirror.com/for-each/-/for-each-0.3.5.tgz. Extracting by manifest.
2715 silly tarball no local data for strip-bom@https://registry.npmmirror.com/strip-bom/-/strip-bom-3.0.0.tgz. Extracting by manifest.
2716 silly tarball no local data for minimist@https://registry.npmmirror.com/minimist/-/minimist-1.2.8.tgz. Extracting by manifest.
2717 silly tarball no local data for @types/json5@https://registry.npmmirror.com/@types/json5/-/json5-0.0.29.tgz. Extracting by manifest.
2718 silly tarball no local data for @typescript-eslint/typescript-estree@https://registry.npmmirror.com/@typescript-eslint/typescript-estree/-/typescript-estree-8.55.0.tgz. Extracting by manifest.
2719 silly tarball no local data for has-flag@https://registry.npmmirror.com/has-flag/-/has-flag-4.0.0.tgz. Extracting by manifest.
2720 silly tarball no local data for is-number@https://registry.npmmirror.com/is-number/-/is-number-7.0.0.tgz. Extracting by manifest.
2721 silly tarball no local data for client-only@https://registry.npmmirror.com/client-only/-/client-only-0.0.1.tgz. Extracting by manifest.
2722 silly tarball no local data for side-channel-weakmap@https://registry.npmmirror.com/side-channel-weakmap/-/side-channel-weakmap-1.0.2.tgz. Extracting by manifest.
2723 silly tarball no local data for side-channel-map@https://registry.npmmirror.com/side-channel-map/-/side-channel-map-1.0.1.tgz. Extracting by manifest.
2724 silly tarball no local data for shebang-regex@https://registry.npmmirror.com/shebang-regex/-/shebang-regex-3.0.0.tgz. Extracting by manifest.
2725 silly tarball no local data for @emnapi/runtime@https://registry.npmmirror.com/@emnapi/runtime/-/runtime-1.8.1.tgz. Extracting by manifest.
2726 silly tarball no local data for @img/sharp-libvips-darwin-arm64@https://registry.npmmirror.com/@img/sharp-libvips-darwin-arm64/-/sharp-libvips-darwin-arm64-1.2.4.tgz. Extracting by manifest.
2727 silly tarball no local data for @img/sharp-darwin-arm64@https://registry.npmmirror.com/@img/sharp-darwin-arm64/-/sharp-darwin-arm64-0.34.5.tgz. Extracting by manifest.
2728 silly tarball no local data for side-channel-list@https://registry.npmmirror.com/side-channel-list/-/side-channel-list-1.0.0.tgz. Extracting by manifest.
2729 silly tarball no local data for @img/colour@https://registry.npmmirror.com/@img/colour/-/colour-1.0.0.tgz. Extracting by manifest.
2730 silly tarball no local data for isarray@https://registry.npmmirror.com/isarray/-/isarray-2.0.5.tgz. Extracting by manifest.
2731 silly tarball no local data for queue-microtask@https://registry.npmmirror.com/queue-microtask/-/queue-microtask-1.2.3.tgz. Extracting by manifest.
2732 silly tarball no local data for supports-preserve-symlinks-flag@https://registry.npmmirror.com/supports-preserve-symlinks-flag/-/supports-preserve-symlinks-flag-1.0.0.tgz. Extracting by manifest.
2733 silly tarball no local data for path-parse@https://registry.npmmirror.com/path-parse/-/path-parse-1.0.7.tgz. Extracting by manifest.
2734 silly tarball no local data for loose-envify@https://registry.npmmirror.com/loose-envify/-/loose-envify-1.4.0.tgz. Extracting by manifest.
2735 silly tarball no local data for object-assign@https://registry.npmmirror.com/object-assign/-/object-assign-4.1.1.tgz. Extracting by manifest.
2736 silly tarball no local data for scheduler@https://registry.npmmirror.com/scheduler/-/scheduler-0.27.0.tgz. Extracting by manifest.
2737 silly tarball no local data for nanoid@https://registry.npmmirror.com/nanoid/-/nanoid-3.3.11.tgz. Extracting by manifest.
2738 silly tarball no local data for react-is@https://registry.npmmirror.com/react-is/-/react-is-16.13.1.tgz. Extracting by manifest.
2739 silly tarball no local data for callsites@https://registry.npmmirror.com/callsites/-/callsites-3.1.0.tgz. Extracting by manifest.
2740 silly tarball no local data for yocto-queue@https://registry.npmmirror.com/yocto-queue/-/yocto-queue-0.1.0.tgz. Extracting by manifest.
2741 silly tarball no local data for word-wrap@https://registry.npmmirror.com/word-wrap/-/word-wrap-1.2.5.tgz. Extracting by manifest.
2742 silly tarball no local data for p-limit@https://registry.npmmirror.com/p-limit/-/p-limit-3.1.0.tgz. Extracting by manifest.
2743 silly tarball no local data for fast-levenshtein@https://registry.npmmirror.com/fast-levenshtein/-/fast-levenshtein-2.0.6.tgz. Extracting by manifest.
2744 silly tarball no local data for deep-is@https://registry.npmmirror.com/deep-is/-/deep-is-0.1.4.tgz. Extracting by manifest.
2745 silly tarball no local data for tslib@https://registry.npmmirror.com/tslib/-/tslib-2.8.1.tgz. Extracting by manifest.
2746 silly tarball no local data for styled-jsx@https://registry.npmmirror.com/styled-jsx/-/styled-jsx-5.1.6.tgz. Extracting by manifest.
2747 silly tarball no local data for sharp@https://registry.npmmirror.com/sharp/-/sharp-0.34.5.tgz. Extracting by manifest.
2748 silly tarball no local data for @swc/helpers@https://registry.npmmirror.com/@swc/helpers/-/helpers-0.5.15.tgz. Extracting by manifest.
2749 silly tarball no local data for @next/swc-darwin-arm64@https://registry.npmmirror.com/@next/swc-darwin-arm64/-/swc-darwin-arm64-16.1.6.tgz. Extracting by manifest.
2750 silly tarball no local data for concat-map@https://registry.npmmirror.com/concat-map/-/concat-map-0.0.1.tgz. Extracting by manifest.
2751 silly tarball no local data for to-regex-range@https://registry.npmmirror.com/to-regex-range/-/to-regex-range-5.0.1.tgz. Extracting by manifest.
2752 silly tarball no local data for @next/env@https://registry.npmmirror.com/@next/env/-/env-16.1.6.tgz. Extracting by manifest.
2753 silly tarball no local data for brace-expansion@https://registry.npmmirror.com/brace-expansion/-/brace-expansion-1.1.12.tgz. Extracting by manifest.
2754 silly tarball no local data for balanced-match@https://registry.npmmirror.com/balanced-match/-/balanced-match-1.0.2.tgz. Extracting by manifest.
2755 silly tarball no local data for braces@https://registry.npmmirror.com/braces/-/braces-3.0.3.tgz. Extracting by manifest.
2756 silly tarball no local data for fill-range@https://registry.npmmirror.com/fill-range/-/fill-range-7.1.1.tgz. Extracting by manifest.
2757 silly tarball no local data for picomatch@https://registry.npmmirror.com/picomatch/-/picomatch-2.3.1.tgz. Extracting by manifest.
2758 silly tarball no local data for yallist@https://registry.npmmirror.com/yallist/-/yallist-3.1.1.tgz. Extracting by manifest.
2759 silly tarball no local data for which-boxed-primitive@https://registry.npmmirror.com/which-boxed-primitive/-/which-boxed-primitive-1.1.1.tgz. Extracting by manifest.
2760 silly tarball no local data for p-locate@https://registry.npmmirror.com/p-locate/-/p-locate-5.0.0.tgz. Extracting by manifest.
2761 silly tarball no local data for detect-libc@https://registry.npmmirror.com/detect-libc/-/detect-libc-2.1.2.tgz. Extracting by manifest.
2762 silly tarball no local data for language-subtag-registry@https://registry.npmmirror.com/language-subtag-registry/-/language-subtag-registry-0.3.23.tgz. Extracting by manifest.
2763 silly tarball no local data for json-buffer@https://registry.npmmirror.com/json-buffer/-/json-buffer-3.0.1.tgz. Extracting by manifest.
2764 silly tarball no local data for argparse@https://registry.npmmirror.com/argparse/-/argparse-2.0.1.tgz. Extracting by manifest.
2765 silly tarball no local data for lightningcss-darwin-arm64@https://registry.npmmirror.com/lightningcss-darwin-arm64/-/lightningcss-darwin-arm64-1.30.2.tgz. Extracting by manifest.
2766 silly tarball no local data for set-function-name@https://registry.npmmirror.com/set-function-name/-/set-function-name-2.0.2.tgz. Extracting by manifest.
2767 silly tarball no local data for type-check@https://registry.npmmirror.com/type-check/-/type-check-0.4.0.tgz. Extracting by manifest.
2768 silly tarball no local data for resolve-from@https://registry.npmmirror.com/resolve-from/-/resolve-from-4.0.0.tgz. Extracting by manifest.
2769 silly tarball no local data for side-channel@https://registry.npmmirror.com/side-channel/-/side-channel-1.1.0.tgz. Extracting by manifest.
2770 silly tarball no local data for parent-module@https://registry.npmmirror.com/parent-module/-/parent-module-1.0.1.tgz. Extracting by manifest.
2771 silly tarball no local data for hermes-estree@https://registry.npmmirror.com/hermes-estree/-/hermes-estree-0.25.1.tgz. Extracting by manifest.
2772 silly tarball no local data for is-extglob@https://registry.npmmirror.com/is-extglob/-/is-extglob-2.1.1.tgz. Extracting by manifest.
2773 silly tarball no local data for dunder-proto@https://registry.npmmirror.com/dunder-proto/-/dunder-proto-1.0.1.tgz. Extracting by manifest.
2774 silly tarball no local data for functions-have-names@https://registry.npmmirror.com/functions-have-names/-/functions-have-names-1.2.3.tgz. Extracting by manifest.
2775 silly tarball no local data for keyv@https://registry.npmmirror.com/keyv/-/keyv-4.5.4.tgz. Extracting by manifest.
2776 silly tarball no local data for flatted@https://registry.npmmirror.com/flatted/-/flatted-3.3.3.tgz. Extracting by manifest.
2777 silly tarball no local data for path-exists@https://registry.npmmirror.com/path-exists/-/path-exists-4.0.0.tgz. Extracting by manifest.
2778 silly tarball no local data for locate-path@https://registry.npmmirror.com/locate-path/-/locate-path-6.0.0.tgz. Extracting by manifest.
2779 silly tarball no local data for prelude-ls@https://registry.npmmirror.com/prelude-ls/-/prelude-ls-1.2.1.tgz. Extracting by manifest.
2780 silly tarball no local data for flat-cache@https://registry.npmmirror.com/flat-cache/-/flat-cache-4.0.1.tgz. Extracting by manifest.
2781 silly tarball no local data for reusify@https://registry.npmmirror.com/reusify/-/reusify-1.1.0.tgz. Extracting by manifest.
2782 silly tarball no local data for @nodelib/fs.scandir@https://registry.npmmirror.com/@nodelib/fs.scandir/-/fs.scandir-2.1.5.tgz. Extracting by manifest.
2783 silly tarball no local data for micromatch@https://registry.npmmirror.com/micromatch/-/micromatch-4.0.8.tgz. Extracting by manifest.
2784 silly tarball no local data for run-parallel@https://registry.npmmirror.com/run-parallel/-/run-parallel-1.2.0.tgz. Extracting by manifest.
2785 silly tarball no local data for fastq@https://registry.npmmirror.com/fastq/-/fastq-1.20.1.tgz. Extracting by manifest.
2786 silly tarball no local data for @nodelib/fs.stat@https://registry.npmmirror.com/@nodelib/fs.stat/-/fs.stat-2.0.5.tgz. Extracting by manifest.
2787 silly tarball no local data for @nodelib/fs.walk@https://registry.npmmirror.com/@nodelib/fs.walk/-/fs.walk-1.2.8.tgz. Extracting by manifest.
2788 silly tarball no local data for acorn-jsx@https://registry.npmmirror.com/acorn-jsx/-/acorn-jsx-5.3.2.tgz. Extracting by manifest.
2789 silly tarball no local data for acorn@https://registry.npmmirror.com/acorn/-/acorn-8.15.0.tgz. Extracting by manifest.
2790 silly tarball no local data for node-releases@https://registry.npmmirror.com/node-releases/-/node-releases-2.0.27.tgz. Extracting by manifest.
2791 silly tarball no local data for merge2@https://registry.npmmirror.com/merge2/-/merge2-1.4.1.tgz. Extracting by manifest.
2792 silly tarball no local data for update-browserslist-db@https://registry.npmmirror.com/update-browserslist-db/-/update-browserslist-db-1.2.3.tgz. Extracting by manifest.
2793 silly tarball no local data for esrecurse@https://registry.npmmirror.com/esrecurse/-/esrecurse-4.3.0.tgz. Extracting by manifest.
2794 silly tarball no local data for caniuse-lite@https://registry.npmmirror.com/caniuse-lite/-/caniuse-lite-1.0.30001769.tgz. Extracting by manifest.
2795 silly tarball no local data for @babel/helper-globals@https://registry.npmmirror.com/@babel/helper-globals/-/helper-globals-7.28.0.tgz. Extracting by manifest.
2796 silly tarball no local data for electron-to-chromium@https://registry.npmmirror.com/electron-to-chromium/-/electron-to-chromium-1.5.286.tgz. Extracting by manifest.
2797 silly tarball no local data for @babel/helper-module-imports@https://registry.npmmirror.com/@babel/helper-module-imports/-/helper-module-imports-7.28.6.tgz. Extracting by manifest.
2798 silly tarball no local data for lru-cache@https://registry.npmmirror.com/lru-cache/-/lru-cache-5.1.1.tgz. Extracting by manifest.
2799 silly tarball no local data for @babel/helper-string-parser@https://registry.npmmirror.com/@babel/helper-string-parser/-/helper-string-parser-7.27.1.tgz. Extracting by manifest.
2800 silly tarball no local data for browserslist@https://registry.npmmirror.com/browserslist/-/browserslist-4.28.1.tgz. Extracting by manifest.
2801 silly tarball no local data for baseline-browser-mapping@https://registry.npmmirror.com/baseline-browser-mapping/-/baseline-browser-mapping-2.9.19.tgz. Extracting by manifest.
2802 silly tarball no local data for @babel/helper-validator-option@https://registry.npmmirror.com/@babel/helper-validator-option/-/helper-validator-option-7.27.1.tgz. Extracting by manifest.
2803 silly tarball no local data for @babel/compat-data@https://registry.npmmirror.com/@babel/compat-data/-/compat-data-7.29.0.tgz. Extracting by manifest.
2804 silly tarball no local data for jsesc@https://registry.npmmirror.com/jsesc/-/jsesc-3.1.0.tgz. Extracting by manifest.
2805 silly tarball no local data for picocolors@https://registry.npmmirror.com/picocolors/-/picocolors-1.1.1.tgz. Extracting by manifest.
2806 silly tarball no local data for js-tokens@https://registry.npmmirror.com/js-tokens/-/js-tokens-4.0.0.tgz. Extracting by manifest.
2807 silly tarball no local data for @babel/helper-validator-identifier@https://registry.npmmirror.com/@babel/helper-validator-identifier/-/helper-validator-identifier-7.28.5.tgz. Extracting by manifest.
2808 silly tarball no local data for json5@https://registry.npmmirror.com/json5/-/json5-2.2.3.tgz. Extracting by manifest.
2809 silly tarball no local data for gensync@https://registry.npmmirror.com/gensync/-/gensync-1.0.0-beta.2.tgz. Extracting by manifest.
2810 silly tarball no local data for convert-source-map@https://registry.npmmirror.com/convert-source-map/-/convert-source-map-2.0.0.tgz. Extracting by manifest.
2811 silly tarball no local data for @babel/traverse@https://registry.npmmirror.com/@babel/traverse/-/traverse-7.29.0.tgz. Extracting by manifest.
2812 silly tarball no local data for @babel/template@https://registry.npmmirror.com/@babel/template/-/template-7.28.6.tgz. Extracting by manifest.
2813 silly tarball no local data for @babel/types@https://registry.npmmirror.com/@babel/types/-/types-7.29.0.tgz. Extracting by manifest.
2814 silly tarball no local data for @babel/helpers@https://registry.npmmirror.com/@babel/helpers/-/helpers-7.28.6.tgz. Extracting by manifest.
2815 silly tarball no local data for @babel/helper-module-transforms@https://registry.npmmirror.com/@babel/helper-module-transforms/-/helper-module-transforms-7.28.6.tgz. Extracting by manifest.
2816 silly tarball no local data for @babel/helper-compilation-targets@https://registry.npmmirror.com/@babel/helper-compilation-targets/-/helper-compilation-targets-7.28.6.tgz. Extracting by manifest.
2817 silly tarball no local data for @babel/code-frame@https://registry.npmmirror.com/@babel/code-frame/-/code-frame-7.29.0.tgz. Extracting by manifest.
2818 silly tarball no local data for zod@https://registry.npmmirror.com/zod/-/zod-4.3.6.tgz. Extracting by manifest.
2819 silly tarball no local data for hermes-parser@https://registry.npmmirror.com/hermes-parser/-/hermes-parser-0.25.1.tgz. Extracting by manifest.
2820 silly tarball no local data for zod-validation-error@https://registry.npmmirror.com/zod-validation-error/-/zod-validation-error-4.0.2.tgz. Extracting by manifest.
2821 silly tarball no local data for @babel/parser@https://registry.npmmirror.com/@babel/parser/-/parser-7.29.0.tgz. Extracting by manifest.
2822 silly tarball no local data for @babel/core@https://registry.npmmirror.com/@babel/core/-/core-7.29.0.tgz. Extracting by manifest.
2823 silly tarball no local data for @babel/generator@https://registry.npmmirror.com/@babel/generator/-/generator-7.29.1.tgz. Extracting by manifest.
2824 silly tarball no local data for iterator.prototype@https://registry.npmmirror.com/iterator.prototype/-/iterator.prototype-1.1.5.tgz. Extracting by manifest.
2825 silly tarball no local data for string.prototype.repeat@https://registry.npmmirror.com/string.prototype.repeat/-/string.prototype.repeat-1.0.0.tgz. Extracting by manifest.
2826 silly tarball no local data for string.prototype.matchall@https://registry.npmmirror.com/string.prototype.matchall/-/string.prototype.matchall-4.0.12.tgz. Extracting by manifest.
2827 silly tarball no local data for object.entries@https://registry.npmmirror.com/object.entries/-/object.entries-1.1.9.tgz. Extracting by manifest.
2828 silly tarball no local data for estraverse@https://registry.npmmirror.com/estraverse/-/estraverse-5.3.0.tgz. Extracting by manifest.
2829 silly tarball no local data for es-iterator-helpers@https://registry.npmmirror.com/es-iterator-helpers/-/es-iterator-helpers-1.2.2.tgz. Extracting by manifest.
2830 silly tarball no local data for prop-types@https://registry.npmmirror.com/prop-types/-/prop-types-15.8.1.tgz. Extracting by manifest.
2831 silly tarball no local data for array.prototype.tosorted@https://registry.npmmirror.com/array.prototype.tosorted/-/array.prototype.tosorted-1.1.4.tgz. Extracting by manifest.
2832 silly tarball no local data for array.prototype.findlast@https://registry.npmmirror.com/array.prototype.findlast/-/array.prototype.findlast-1.2.5.tgz. Extracting by manifest.
2833 silly tarball no local data for string.prototype.includes@https://registry.npmmirror.com/string.prototype.includes/-/string.prototype.includes-2.0.1.tgz. Extracting by manifest.
2834 silly tarball no local data for language-tags@https://registry.npmmirror.com/language-tags/-/language-tags-1.0.9.tgz. Extracting by manifest.
2835 silly tarball no local data for jsx-ast-utils@https://registry.npmmirror.com/jsx-ast-utils/-/jsx-ast-utils-3.3.5.tgz. Extracting by manifest.
2836 silly tarball no local data for emoji-regex@https://registry.npmmirror.com/emoji-regex/-/emoji-regex-9.2.2.tgz. Extracting by manifest.
2837 silly tarball no local data for damerau-levenshtein@https://registry.npmmirror.com/damerau-levenshtein/-/damerau-levenshtein-1.0.8.tgz. Extracting by manifest.
2838 silly tarball no local data for axobject-query@https://registry.npmmirror.com/axobject-query/-/axobject-query-4.1.0.tgz. Extracting by manifest.
2839 silly tarball no local data for axe-core@https://registry.npmmirror.com/axe-core/-/axe-core-4.11.1.tgz. Extracting by manifest.
2840 silly tarball no local data for ast-types-flow@https://registry.npmmirror.com/ast-types-flow/-/ast-types-flow-0.0.8.tgz. Extracting by manifest.
2841 silly tarball no local data for aria-query@https://registry.npmmirror.com/aria-query/-/aria-query-5.3.2.tgz. Extracting by manifest.
2842 silly tarball no local data for is-symbol@https://registry.npmmirror.com/is-symbol/-/is-symbol-1.1.1.tgz. Extracting by manifest.
2843 silly tarball no local data for is-date-object@https://registry.npmmirror.com/is-date-object/-/is-date-object-1.1.0.tgz. Extracting by manifest.
2844 silly tarball no local data for has-tostringtag@https://registry.npmmirror.com/has-tostringtag/-/has-tostringtag-1.0.2.tgz. Extracting by manifest.
2845 silly tarball no local data for possible-typed-array-names@https://registry.npmmirror.com/possible-typed-array-names/-/possible-typed-array-names-1.1.0.tgz. Extracting by manifest.
2846 silly tarball no local data for which-typed-array@https://registry.npmmirror.com/which-typed-array/-/which-typed-array-1.1.20.tgz. Extracting by manifest.
2847 silly tarball no local data for unbox-primitive@https://registry.npmmirror.com/unbox-primitive/-/unbox-primitive-1.1.0.tgz. Extracting by manifest.
2848 silly tarball no local data for typed-array-length@https://registry.npmmirror.com/typed-array-length/-/typed-array-length-1.0.7.tgz. Extracting by manifest.
2849 silly tarball no local data for typed-array-byte-length@https://registry.npmmirror.com/typed-array-byte-length/-/typed-array-byte-length-1.0.3.tgz. Extracting by manifest.
2850 silly tarball no local data for typed-array-byte-offset@https://registry.npmmirror.com/typed-array-byte-offset/-/typed-array-byte-offset-1.0.4.tgz. Extracting by manifest.
2851 silly tarball no local data for typed-array-buffer@https://registry.npmmirror.com/typed-array-buffer/-/typed-array-buffer-1.0.3.tgz. Extracting by manifest.
2852 silly tarball no local data for string.prototype.trimstart@https://registry.npmmirror.com/string.prototype.trimstart/-/string.prototype.trimstart-1.0.8.tgz. Extracting by manifest.
2853 silly tarball no local data for string.prototype.trim@https://registry.npmmirror.com/string.prototype.trim/-/string.prototype.trim-1.2.10.tgz. Extracting by manifest.
2854 silly tarball no local data for stop-iteration-iterator@https://registry.npmmirror.com/stop-iteration-iterator/-/stop-iteration-iterator-1.1.0.tgz. Extracting by manifest.
2855 silly tarball no local data for set-proto@https://registry.npmmirror.com/set-proto/-/set-proto-1.0.0.tgz. Extracting by manifest.
2856 silly tarball no local data for safe-regex-test@https://registry.npmmirror.com/safe-regex-test/-/safe-regex-test-1.1.0.tgz. Extracting by manifest.
2857 silly tarball no local data for safe-push-apply@https://registry.npmmirror.com/safe-push-apply/-/safe-push-apply-1.0.0.tgz. Extracting by manifest.
2858 silly tarball no local data for safe-array-concat@https://registry.npmmirror.com/safe-array-concat/-/safe-array-concat-1.1.3.tgz. Extracting by manifest.
2859 silly tarball no local data for regexp.prototype.flags@https://registry.npmmirror.com/regexp.prototype.flags/-/regexp.prototype.flags-1.5.4.tgz. Extracting by manifest.
2860 silly tarball no local data for own-keys@https://registry.npmmirror.com/own-keys/-/own-keys-1.0.1.tgz. Extracting by manifest.
2861 silly tarball no local data for object.assign@https://registry.npmmirror.com/object.assign/-/object.assign-4.1.7.tgz. Extracting by manifest.
2862 silly tarball no local data for object-inspect@https://registry.npmmirror.com/object-inspect/-/object-inspect-1.13.4.tgz. Extracting by manifest.
2863 silly tarball no local data for is-weakref@https://registry.npmmirror.com/is-weakref/-/is-weakref-1.1.1.tgz. Extracting by manifest.
2864 silly tarball no local data for is-typed-array@https://registry.npmmirror.com/is-typed-array/-/is-typed-array-1.1.15.tgz. Extracting by manifest.
2865 silly tarball no local data for is-shared-array-buffer@https://registry.npmmirror.com/is-shared-array-buffer/-/is-shared-array-buffer-1.0.4.tgz. Extracting by manifest.
2866 silly tarball no local data for is-set@https://registry.npmmirror.com/is-set/-/is-set-2.0.3.tgz. Extracting by manifest.
2867 silly tarball no local data for is-regex@https://registry.npmmirror.com/is-regex/-/is-regex-1.2.1.tgz. Extracting by manifest.
2868 silly tarball no local data for is-negative-zero@https://registry.npmmirror.com/is-negative-zero/-/is-negative-zero-2.0.3.tgz. Extracting by manifest.
2869 silly tarball no local data for is-data-view@https://registry.npmmirror.com/is-data-view/-/is-data-view-1.0.2.tgz. Extracting by manifest.
2870 silly tarball no local data for is-callable@https://registry.npmmirror.com/is-callable/-/is-callable-1.2.7.tgz. Extracting by manifest.
2871 silly tarball no local data for is-array-buffer@https://registry.npmmirror.com/is-array-buffer/-/is-array-buffer-3.0.5.tgz. Extracting by manifest.
2872 silly tarball no local data for internal-slot@https://registry.npmmirror.com/internal-slot/-/internal-slot-1.1.0.tgz. Extracting by manifest.
2873 silly tarball no local data for has-symbols@https://registry.npmmirror.com/has-symbols/-/has-symbols-1.1.0.tgz. Extracting by manifest.
2874 silly tarball no local data for has-proto@https://registry.npmmirror.com/has-proto/-/has-proto-1.2.0.tgz. Extracting by manifest.
2875 silly tarball no local data for globalthis@https://registry.npmmirror.com/globalthis/-/globalthis-1.0.4.tgz. Extracting by manifest.
2876 silly tarball no local data for get-symbol-description@https://registry.npmmirror.com/get-symbol-description/-/get-symbol-description-1.1.0.tgz. Extracting by manifest.
2877 silly tarball no local data for get-proto@https://registry.npmmirror.com/get-proto/-/get-proto-1.0.1.tgz. Extracting by manifest.
2878 silly tarball no local data for function.prototype.name@https://registry.npmmirror.com/function.prototype.name/-/function.prototype.name-1.1.8.tgz. Extracting by manifest.
2879 silly tarball no local data for es-to-primitive@https://registry.npmmirror.com/es-to-primitive/-/es-to-primitive-1.3.0.tgz. Extracting by manifest.
2880 silly tarball no local data for es-set-tostringtag@https://registry.npmmirror.com/es-set-tostringtag/-/es-set-tostringtag-2.1.0.tgz. Extracting by manifest.
2881 silly tarball no local data for data-view-byte-length@https://registry.npmmirror.com/data-view-byte-length/-/data-view-byte-length-1.0.2.tgz. Extracting by manifest.
2882 silly tarball no local data for data-view-byte-offset@https://registry.npmmirror.com/data-view-byte-offset/-/data-view-byte-offset-1.0.1.tgz. Extracting by manifest.
2883 silly tarball no local data for available-typed-arrays@https://registry.npmmirror.com/available-typed-arrays/-/available-typed-arrays-1.0.7.tgz. Extracting by manifest.
2884 silly tarball no local data for arraybuffer.prototype.slice@https://registry.npmmirror.com/arraybuffer.prototype.slice/-/arraybuffer.prototype.slice-1.0.4.tgz. Extracting by manifest.
2885 silly tarball no local data for array-buffer-byte-length@https://registry.npmmirror.com/array-buffer-byte-length/-/array-buffer-byte-length-1.0.2.tgz. Extracting by manifest.
2886 silly tarball no local data for data-view-buffer@https://registry.npmmirror.com/data-view-buffer/-/data-view-buffer-1.0.2.tgz. Extracting by manifest.
2887 silly tarball no local data for gopd@https://registry.npmmirror.com/gopd/-/gopd-1.2.0.tgz. Extracting by manifest.
2888 silly tarball no local data for object-keys@https://registry.npmmirror.com/object-keys/-/object-keys-1.1.1.tgz. Extracting by manifest.
2889 silly tarball no local data for has-property-descriptors@https://registry.npmmirror.com/has-property-descriptors/-/has-property-descriptors-1.0.2.tgz. Extracting by manifest.
2890 silly tarball no local data for function-bind@https://registry.npmmirror.com/function-bind/-/function-bind-1.1.2.tgz. Extracting by manifest.
2891 silly tarball no local data for define-data-property@https://registry.npmmirror.com/define-data-property/-/define-data-property-1.1.4.tgz. Extracting by manifest.
2892 silly tarball no local data for es-define-property@https://registry.npmmirror.com/es-define-property/-/es-define-property-1.0.1.tgz. Extracting by manifest.
2893 silly tarball no local data for call-bind-apply-helpers@https://registry.npmmirror.com/call-bind-apply-helpers/-/call-bind-apply-helpers-1.0.2.tgz. Extracting by manifest.
2894 silly tarball no local data for es-shim-unscopables@https://registry.npmmirror.com/es-shim-unscopables/-/es-shim-unscopables-1.1.0.tgz. Extracting by manifest.
2895 silly tarball no local data for set-function-length@https://registry.npmmirror.com/set-function-length/-/set-function-length-1.2.2.tgz. Extracting by manifest.
2896 silly tarball no local data for es-errors@https://registry.npmmirror.com/es-errors/-/es-errors-1.3.0.tgz. Extracting by manifest.
2897 silly tarball no local data for math-intrinsics@https://registry.npmmirror.com/math-intrinsics/-/math-intrinsics-1.1.0.tgz. Extracting by manifest.
2898 silly tarball no local data for is-string@https://registry.npmmirror.com/is-string/-/is-string-1.1.1.tgz. Extracting by manifest.
2899 silly tarball no local data for get-intrinsic@https://registry.npmmirror.com/get-intrinsic/-/get-intrinsic-1.3.0.tgz. Extracting by manifest.
2900 silly tarball no local data for resolve-pkg-maps@https://registry.npmmirror.com/resolve-pkg-maps/-/resolve-pkg-maps-1.0.0.tgz. Extracting by manifest.
2901 silly tarball no local data for es-abstract@https://registry.npmmirror.com/es-abstract/-/es-abstract-1.24.1.tgz. Extracting by manifest.
2902 silly tarball no local data for es-object-atoms@https://registry.npmmirror.com/es-object-atoms/-/es-object-atoms-1.1.1.tgz. Extracting by manifest.
2903 silly tarball no local data for define-properties@https://registry.npmmirror.com/define-properties/-/define-properties-1.2.1.tgz. Extracting by manifest.
2904 silly tarball no local data for call-bound@https://registry.npmmirror.com/call-bound/-/call-bound-1.0.4.tgz. Extracting by manifest.
2905 silly tarball no local data for call-bind@https://registry.npmmirror.com/call-bind/-/call-bind-1.0.8.tgz. Extracting by manifest.
2906 silly tarball no local data for tsconfig-paths@https://registry.npmmirror.com/tsconfig-paths/-/tsconfig-paths-3.15.0.tgz. Extracting by manifest.
2907 silly tarball no local data for string.prototype.trimend@https://registry.npmmirror.com/string.prototype.trimend/-/string.prototype.trimend-1.0.9.tgz. Extracting by manifest.
2908 silly tarball no local data for semver@https://registry.npmmirror.com/semver/-/semver-6.3.1.tgz. Extracting by manifest.
2909 silly tarball no local data for object.values@https://registry.npmmirror.com/object.values/-/object.values-1.2.1.tgz. Extracting by manifest.
2910 silly tarball no local data for object.groupby@https://registry.npmmirror.com/object.groupby/-/object.groupby-1.0.3.tgz. Extracting by manifest.
2911 silly tarball no local data for hasown@https://registry.npmmirror.com/hasown/-/hasown-2.0.2.tgz. Extracting by manifest.
2912 silly tarball no local data for eslint-module-utils@https://registry.npmmirror.com/eslint-module-utils/-/eslint-module-utils-2.12.1.tgz. Extracting by manifest.
2913 silly tarball no local data for doctrine@https://registry.npmmirror.com/doctrine/-/doctrine-2.1.0.tgz. Extracting by manifest.
2914 silly tarball no local data for array.prototype.flatmap@https://registry.npmmirror.com/array.prototype.flatmap/-/array.prototype.flatmap-1.3.3.tgz. Extracting by manifest.
2915 silly tarball no local data for array.prototype.flat@https://registry.npmmirror.com/array.prototype.flat/-/array.prototype.flat-1.3.3.tgz. Extracting by manifest.
2916 silly tarball no local data for array.prototype.findlastindex@https://registry.npmmirror.com/array.prototype.findlastindex/-/array.prototype.findlastindex-1.2.6.tgz. Extracting by manifest.
2917 silly tarball no local data for object.fromentries@https://registry.npmmirror.com/object.fromentries/-/object.fromentries-2.0.8.tgz. Extracting by manifest.
2918 silly tarball no local data for array-includes@https://registry.npmmirror.com/array-includes/-/array-includes-3.1.9.tgz. Extracting by manifest.
2919 silly tarball no local data for @rtsao/scc@https://registry.npmmirror.com/@rtsao/scc/-/scc-1.1.0.tgz. Extracting by manifest.
2920 silly tarball no local data for unrs-resolver@https://registry.npmmirror.com/unrs-resolver/-/unrs-resolver-1.11.1.tgz. Extracting by manifest.
2921 silly tarball no local data for tinyglobby@https://registry.npmmirror.com/tinyglobby/-/tinyglobby-0.2.15.tgz. Extracting by manifest.
2922 silly tarball no local data for is-bun-module@https://registry.npmmirror.com/is-bun-module/-/is-bun-module-2.0.0.tgz. Extracting by manifest.
2923 silly tarball no local data for @nolyfill/is-core-module@https://registry.npmmirror.com/@nolyfill/is-core-module/-/is-core-module-1.0.39.tgz. Extracting by manifest.
2924 silly tarball no local data for stable-hash@https://registry.npmmirror.com/stable-hash/-/stable-hash-0.0.5.tgz. Extracting by manifest.
2925 silly tarball no local data for is-core-module@https://registry.npmmirror.com/is-core-module/-/is-core-module-2.16.1.tgz. Extracting by manifest.
2926 silly tarball no local data for resolve@https://registry.npmmirror.com/resolve/-/resolve-1.22.11.tgz. Extracting by manifest.
2927 silly tarball no local data for fast-glob@https://registry.npmmirror.com/fast-glob/-/fast-glob-3.3.1.tgz. Extracting by manifest.
2928 silly tarball no local data for typescript-eslint@https://registry.npmmirror.com/typescript-eslint/-/typescript-eslint-8.55.0.tgz. Extracting by manifest.
2929 silly tarball no local data for eslint-plugin-react-hooks@https://registry.npmmirror.com/eslint-plugin-react-hooks/-/eslint-plugin-react-hooks-7.0.1.tgz. Extracting by manifest.
2930 silly tarball no local data for get-tsconfig@https://registry.npmmirror.com/get-tsconfig/-/get-tsconfig-4.13.6.tgz. Extracting by manifest.
2931 silly tarball no local data for eslint-plugin-react@https://registry.npmmirror.com/eslint-plugin-react/-/eslint-plugin-react-7.37.5.tgz. Extracting by manifest.
2932 silly tarball no local data for eslint-plugin-jsx-a11y@https://registry.npmmirror.com/eslint-plugin-jsx-a11y/-/eslint-plugin-jsx-a11y-6.10.2.tgz. Extracting by manifest.
2933 silly tarball no local data for eslint-import-resolver-typescript@https://registry.npmmirror.com/eslint-import-resolver-typescript/-/eslint-import-resolver-typescript-3.10.1.tgz. Extracting by manifest.
2934 silly tarball no local data for @next/eslint-plugin-next@https://registry.npmmirror.com/@next/eslint-plugin-next/-/eslint-plugin-next-16.1.6.tgz. Extracting by manifest.
2935 silly tarball no local data for eslint-import-resolver-node@https://registry.npmmirror.com/eslint-import-resolver-node/-/eslint-import-resolver-node-0.3.9.tgz. Extracting by manifest.
2936 silly tarball no local data for ms@https://registry.npmmirror.com/ms/-/ms-2.1.3.tgz. Extracting by manifest.
2937 silly tarball no local data for eslint-plugin-import@https://registry.npmmirror.com/eslint-plugin-import/-/eslint-plugin-import-2.32.0.tgz. Extracting by manifest.
2938 silly tarball no local data for which@https://registry.npmmirror.com/which/-/which-2.0.2.tgz. Extracting by manifest.
2939 silly tarball no local data for shebang-command@https://registry.npmmirror.com/shebang-command/-/shebang-command-2.0.0.tgz. Extracting by manifest.
2940 silly tarball no local data for path-key@https://registry.npmmirror.com/path-key/-/path-key-3.1.1.tgz. Extracting by manifest.
2941 silly tarball no local data for color-name@https://registry.npmmirror.com/color-name/-/color-name-1.1.4.tgz. Extracting by manifest.
2942 silly tarball no local data for color-convert@https://registry.npmmirror.com/color-convert/-/color-convert-2.0.1.tgz. Extracting by manifest.
2943 silly tarball no local data for supports-color@https://registry.npmmirror.com/supports-color/-/supports-color-7.2.0.tgz. Extracting by manifest.
2944 silly tarball no local data for ansi-styles@https://registry.npmmirror.com/ansi-styles/-/ansi-styles-4.3.0.tgz. Extracting by manifest.
2945 silly tarball no local data for uri-js@https://registry.npmmirror.com/uri-js/-/uri-js-4.4.1.tgz. Extracting by manifest.
2946 silly tarball no local data for fast-json-stable-stringify@https://registry.npmmirror.com/fast-json-stable-stringify/-/fast-json-stable-stringify-2.1.0.tgz. Extracting by manifest.
2947 silly tarball no local data for json-schema-traverse@https://registry.npmmirror.com/json-schema-traverse/-/json-schema-traverse-0.4.1.tgz. Extracting by manifest.
2948 silly tarball no local data for levn@https://registry.npmmirror.com/levn/-/levn-0.4.1.tgz. Extracting by manifest.
2949 silly tarball no local data for @humanfs/core@https://registry.npmmirror.com/@humanfs/core/-/core-0.19.1.tgz. Extracting by manifest.
2950 silly tarball no local data for js-yaml@https://registry.npmmirror.com/js-yaml/-/js-yaml-4.1.1.tgz. Extracting by manifest.
2951 silly tarball no local data for globals@https://registry.npmmirror.com/globals/-/globals-14.0.0.tgz. Extracting by manifest.
2952 silly tarball no local data for @types/json-schema@https://registry.npmmirror.com/@types/json-schema/-/json-schema-7.0.15.tgz. Extracting by manifest.
2953 silly tarball no local data for @eslint/object-schema@https://registry.npmmirror.com/@eslint/object-schema/-/object-schema-2.1.7.tgz. Extracting by manifest.
2954 silly tarball no local data for optionator@https://registry.npmmirror.com/optionator/-/optionator-0.9.4.tgz. Extracting by manifest.
2955 silly tarball no local data for strip-json-comments@https://registry.npmmirror.com/strip-json-comments/-/strip-json-comments-3.1.1.tgz. Extracting by manifest.
2956 silly tarball no local data for natural-compare@https://registry.npmmirror.com/natural-compare/-/natural-compare-1.4.0.tgz. Extracting by manifest.
2957 silly tarball no local data for json-stable-stringify-without-jsonify@https://registry.npmmirror.com/json-stable-stringify-without-jsonify/-/json-stable-stringify-without-jsonify-1.0.1.tgz. Extracting by manifest.
2958 silly tarball no local data for lodash.merge@https://registry.npmmirror.com/lodash.merge/-/lodash.merge-4.6.2.tgz. Extracting by manifest.
2959 silly tarball no local data for is-glob@https://registry.npmmirror.com/is-glob/-/is-glob-4.0.3.tgz. Extracting by manifest.
2960 silly tarball no local data for imurmurhash@https://registry.npmmirror.com/imurmurhash/-/imurmurhash-0.1.4.tgz. Extracting by manifest.
2961 silly tarball no local data for minimatch@https://registry.npmmirror.com/minimatch/-/minimatch-3.1.2.tgz. Extracting by manifest.
2962 silly tarball no local data for glob-parent@https://registry.npmmirror.com/glob-parent/-/glob-parent-6.0.2.tgz. Extracting by manifest.
2963 silly tarball no local data for ignore@https://registry.npmmirror.com/ignore/-/ignore-5.3.2.tgz. Extracting by manifest.
2964 silly tarball no local data for find-up@https://registry.npmmirror.com/find-up/-/find-up-5.0.0.tgz. Extracting by manifest.
2965 silly tarball no local data for file-entry-cache@https://registry.npmmirror.com/file-entry-cache/-/file-entry-cache-8.0.0.tgz. Extracting by manifest.
2966 silly tarball no local data for fast-deep-equal@https://registry.npmmirror.com/fast-deep-equal/-/fast-deep-equal-3.1.3.tgz. Extracting by manifest.
2967 silly tarball no local data for esutils@https://registry.npmmirror.com/esutils/-/esutils-2.0.3.tgz. Extracting by manifest.
2968 silly tarball no local data for espree@https://registry.npmmirror.com/espree/-/espree-10.4.0.tgz. Extracting by manifest.
2969 silly tarball no local data for esquery@https://registry.npmmirror.com/esquery/-/esquery-1.7.0.tgz. Extracting by manifest.
2970 silly tarball no local data for eslint-visitor-keys@https://registry.npmmirror.com/eslint-visitor-keys/-/eslint-visitor-keys-4.2.1.tgz. Extracting by manifest.
2971 silly tarball no local data for eslint-scope@https://registry.npmmirror.com/eslint-scope/-/eslint-scope-8.4.0.tgz. Extracting by manifest.
2972 silly tarball no local data for escape-string-regexp@https://registry.npmmirror.com/escape-string-regexp/-/escape-string-regexp-4.0.0.tgz. Extracting by manifest.
2973 silly tarball no local data for debug@https://registry.npmmirror.com/debug/-/debug-4.4.3.tgz. Extracting by manifest.
2974 silly tarball no local data for cross-spawn@https://registry.npmmirror.com/cross-spawn/-/cross-spawn-7.0.6.tgz. Extracting by manifest.
2975 silly tarball no local data for chalk@https://registry.npmmirror.com/chalk/-/chalk-4.1.2.tgz. Extracting by manifest.
2976 silly tarball no local data for ajv@https://registry.npmmirror.com/ajv/-/ajv-6.12.6.tgz. Extracting by manifest.
2977 silly tarball no local data for @humanwhocodes/retry@https://registry.npmmirror.com/@humanwhocodes/retry/-/retry-0.4.3.tgz. Extracting by manifest.
2978 silly tarball no local data for @types/estree@https://registry.npmmirror.com/@types/estree/-/estree-1.0.8.tgz. Extracting by manifest.
2979 silly tarball no local data for @humanwhocodes/module-importer@https://registry.npmmirror.com/@humanwhocodes/module-importer/-/module-importer-1.0.1.tgz. Extracting by manifest.
2980 silly tarball no local data for @humanfs/node@https://registry.npmmirror.com/@humanfs/node/-/node-0.16.7.tgz. Extracting by manifest.
2981 silly tarball no local data for @eslint/plugin-kit@https://registry.npmmirror.com/@eslint/plugin-kit/-/plugin-kit-0.4.1.tgz. Extracting by manifest.
2982 silly tarball no local data for @eslint/eslintrc@https://registry.npmmirror.com/@eslint/eslintrc/-/eslintrc-3.3.3.tgz. Extracting by manifest.
2983 silly tarball no local data for @eslint/js@https://registry.npmmirror.com/@eslint/js/-/js-9.39.2.tgz. Extracting by manifest.
2984 silly tarball no local data for @eslint/core@https://registry.npmmirror.com/@eslint/core/-/core-0.17.0.tgz. Extracting by manifest.
2985 silly tarball no local data for @eslint/config-helpers@https://registry.npmmirror.com/@eslint/config-helpers/-/config-helpers-0.4.2.tgz. Extracting by manifest.
2986 silly tarball no local data for @eslint/config-array@https://registry.npmmirror.com/@eslint/config-array/-/config-array-0.21.1.tgz. Extracting by manifest.
2987 silly tarball no local data for @eslint-community/regexpp@https://registry.npmmirror.com/@eslint-community/regexpp/-/regexpp-4.12.2.tgz. Extracting by manifest.
2988 silly tarball no local data for tapable@https://registry.npmmirror.com/tapable/-/tapable-2.3.0.tgz. Extracting by manifest.
2989 silly tarball no local data for graceful-fs@https://registry.npmmirror.com/graceful-fs/-/graceful-fs-4.2.11.tgz. Extracting by manifest.
2990 silly tarball no local data for csstype@https://registry.npmmirror.com/csstype/-/csstype-3.2.3.tgz. Extracting by manifest.
2991 silly tarball no local data for undici-types@https://registry.npmmirror.com/undici-types/-/undici-types-6.21.0.tgz. Extracting by manifest.
2992 silly tarball no local data for @jridgewell/resolve-uri@https://registry.npmmirror.com/@jridgewell/resolve-uri/-/resolve-uri-3.1.2.tgz. Extracting by manifest.
2993 silly tarball no local data for @eslint-community/eslint-utils@https://registry.npmmirror.com/@eslint-community/eslint-utils/-/eslint-utils-4.9.1.tgz. Extracting by manifest.
2994 silly tarball no local data for @jridgewell/sourcemap-codec@https://registry.npmmirror.com/@jridgewell/sourcemap-codec/-/sourcemap-codec-1.5.5.tgz. Extracting by manifest.
2995 silly tarball no local data for @tailwindcss/oxide-darwin-arm64@https://registry.npmmirror.com/@tailwindcss/oxide-darwin-arm64/-/oxide-darwin-arm64-4.1.18.tgz. Extracting by manifest.
2996 silly tarball no local data for @jridgewell/trace-mapping@https://registry.npmmirror.com/@jridgewell/trace-mapping/-/trace-mapping-0.3.31.tgz. Extracting by manifest.
2997 silly tarball no local data for @jridgewell/gen-mapping@https://registry.npmmirror.com/@jridgewell/gen-mapping/-/gen-mapping-0.3.13.tgz. Extracting by manifest.
2998 silly tarball no local data for source-map-js@https://registry.npmmirror.com/source-map-js/-/source-map-js-1.2.1.tgz. Extracting by manifest.
2999 silly tarball no local data for magic-string@https://registry.npmmirror.com/magic-string/-/magic-string-0.30.21.tgz. Extracting by manifest.
3000 silly tarball no local data for lightningcss@https://registry.npmmirror.com/lightningcss/-/lightningcss-1.30.2.tgz. Extracting by manifest.
3001 silly tarball no local data for jiti@https://registry.npmmirror.com/jiti/-/jiti-2.6.1.tgz. Extracting by manifest.
3002 silly tarball no local data for enhanced-resolve@https://registry.npmmirror.com/enhanced-resolve/-/enhanced-resolve-5.19.0.tgz. Extracting by manifest.
3003 silly tarball no local data for @jridgewell/remapping@https://registry.npmmirror.com/@jridgewell/remapping/-/remapping-2.3.5.tgz. Extracting by manifest.
3004 silly tarball no local data for postcss@https://registry.npmmirror.com/postcss/-/postcss-8.5.6.tgz. Extracting by manifest.
3005 silly tarball no local data for @tailwindcss/oxide@https://registry.npmmirror.com/@tailwindcss/oxide/-/oxide-4.1.18.tgz. Extracting by manifest.
3006 silly tarball no local data for @tailwindcss/node@https://registry.npmmirror.com/@tailwindcss/node/-/node-4.1.18.tgz. Extracting by manifest.
3007 silly tarball no local data for @alloc/quick-lru@https://registry.npmmirror.com/@alloc/quick-lru/-/quick-lru-5.2.0.tgz. Extracting by manifest.
3008 silly tarball no local data for typescript@https://registry.npmmirror.com/typescript/-/typescript-5.9.3.tgz. Extracting by manifest.
3009 silly tarball no local data for tailwindcss@https://registry.npmmirror.com/tailwindcss/-/tailwindcss-4.1.18.tgz. Extracting by manifest.
3010 silly tarball no local data for react-dom@https://registry.npmmirror.com/react-dom/-/react-dom-19.2.3.tgz. Extracting by manifest.
3011 silly tarball no local data for react@https://registry.npmmirror.com/react/-/react-19.2.3.tgz. Extracting by manifest.
3012 silly tarball no local data for next@https://registry.npmmirror.com/next/-/next-16.1.6.tgz. Extracting by manifest.
3013 silly tarball no local data for eslint-config-next@https://registry.npmmirror.com/eslint-config-next/-/eslint-config-next-16.1.6.tgz. Extracting by manifest.
3014 silly tarball no local data for eslint@https://registry.npmmirror.com/eslint/-/eslint-9.39.2.tgz. Extracting by manifest.
3015 silly tarball no local data for @types/react-dom@https://registry.npmmirror.com/@types/react-dom/-/react-dom-19.2.3.tgz. Extracting by manifest.
3016 silly tarball no local data for @types/react@https://registry.npmmirror.com/@types/react/-/react-19.2.14.tgz. Extracting by manifest.
3017 silly tarball no local data for @types/node@https://registry.npmmirror.com/@types/node/-/node-20.19.33.tgz. Extracting by manifest.
3018 silly tarball no local data for @tailwindcss/postcss@https://registry.npmmirror.com/@tailwindcss/postcss/-/postcss-4.1.18.tgz. Extracting by manifest.
3019 silly tarball no local data for brace-expansion@https://registry.npmmirror.com/brace-expansion/-/brace-expansion-2.0.2.tgz. Extracting by manifest.
3020 silly tarball no local data for minimatch@https://registry.npmmirror.com/minimatch/-/minimatch-9.0.5.tgz. Extracting by manifest.
3021 silly tarball no local data for ignore@https://registry.npmmirror.com/ignore/-/ignore-7.0.5.tgz. Extracting by manifest.
3022 silly tarball no local data for json5@https://registry.npmmirror.com/json5/-/json5-1.0.2.tgz. Extracting by manifest.
3023 silly tarball no local data for semver@https://registry.npmmirror.com/semver/-/semver-7.7.4.tgz. Extracting by manifest.
3024 silly tarball no local data for debug@https://registry.npmmirror.com/debug/-/debug-3.2.7.tgz. Extracting by manifest.
3025 silly tarball no local data for semver@https://registry.npmmirror.com/semver/-/semver-7.7.4.tgz. Extracting by manifest.
3026 silly tarball no local data for semver@https://registry.npmmirror.com/semver/-/semver-7.7.4.tgz. Extracting by manifest.
3027 silly tarball no local data for glob-parent@https://registry.npmmirror.com/glob-parent/-/glob-parent-5.1.2.tgz. Extracting by manifest.
3028 silly tarball no local data for resolve@https://registry.npmmirror.com/resolve/-/resolve-2.0.0-next.5.tgz. Extracting by manifest.
3029 silly tarball no local data for fdir@https://registry.npmmirror.com/fdir/-/fdir-6.5.0.tgz. Extracting by manifest.
3030 silly tarball no local data for picomatch@https://registry.npmmirror.com/picomatch/-/picomatch-4.0.3.tgz. Extracting by manifest.
3031 silly tarball no local data for debug@https://registry.npmmirror.com/debug/-/debug-3.2.7.tgz. Extracting by manifest.
3032 silly tarball no local data for eslint-visitor-keys@https://registry.npmmirror.com/eslint-visitor-keys/-/eslint-visitor-keys-3.4.3.tgz. Extracting by manifest.
3033 silly tarball no local data for postcss@https://registry.npmmirror.com/postcss/-/postcss-8.4.31.tgz. Extracting by manifest.
3034 silly tarball no local data for import-fresh@https://registry.npmmirror.com/import-fresh/-/import-fresh-3.3.1.tgz. Extracting by manifest.
3035 silly tarball no local data for globals@https://registry.npmmirror.com/globals/-/globals-16.4.0.tgz. Extracting by manifest.
3036 silly tarball no local data for debug@https://registry.npmmirror.com/debug/-/debug-3.2.7.tgz. Extracting by manifest.
3037 http fetch POST 404 https://registry.npmmirror.com/-/npm/v1/security/advisories/bulk 303ms
3038 verbose audit error HttpErrorGeneral: 404 Not Found - POST https://registry.npmmirror.com/-/npm/v1/security/advisories/bulk - [NOT_IMPLEMENTED] /-/npm/v1/security/* not implemented yet
3038 verbose audit error     at /opt/homebrew/lib/node_modules/npm/node_modules/npm-registry-fetch/lib/check-response.js:103:15
3038 verbose audit error     at process.processTicksAndRejections (node:internal/process/task_queues:104:5)
3038 verbose audit error     at async #getReport (/opt/homebrew/lib/node_modules/npm/node_modules/@npmcli/arborist/lib/audit-report.js:275:19)
3038 verbose audit error     at async AuditReport.run (/opt/homebrew/lib/node_modules/npm/node_modules/@npmcli/arborist/lib/audit-report.js:100:19) {
3038 verbose audit error   headers: [Object: null prototype] {
3038 verbose audit error     server: [ 'Tengine' ],
3038 verbose audit error     date: [ 'Thu, 12 Feb 2026 07:52:41 GMT' ],
3038 verbose audit error     'content-type': [ 'application/json' ],
3038 verbose audit error     'transfer-encoding': [ 'chunked' ],
3038 verbose audit error     connection: [ 'keep-alive' ],
3038 verbose audit error     'strict-transport-security': [ 'max-age=5184000' ],
3038 verbose audit error     via: [ 'ens-cache10.us37[,404666]' ],
3038 verbose audit error     'timing-allow-origin': [ '*' ],
3038 verbose audit error     eagleid: [ '9b66829e17708827618354320e' ],
3038 verbose audit error     'x-fetch-attempts': [ '1' ]
3038 verbose audit error   },
3038 verbose audit error   statusCode: 404,
3038 verbose audit error   code: 'E404',
3038 verbose audit error   method: 'POST',
3038 verbose audit error   uri: 'https://registry.npmmirror.com/-/npm/v1/security/advisories/bulk',
3038 verbose audit error   body: {
3038 verbose audit error     error: '[NOT_IMPLEMENTED] /-/npm/v1/security/* not implemented yet'
3038 verbose audit error   },
3038 verbose audit error   pkgid: undefined
3038 verbose audit error }
3039 silly audit error [object Object]
3040 silly audit report null
3041 http fetch GET 200 https://cdn.npmmirror.com/packages/async-function/1.0.0/async-function-1.0.0.tgz 1899ms (cache miss)
3042 http fetch GET 200 https://cdn.npmmirror.com/packages/generator-function/2.0.1/generator-function-2.0.1.tgz 2139ms (cache miss)
3043 http fetch GET 200 https://cdn.npmmirror.com/packages/isexe/2.0.0/isexe-2.0.0.tgz 2191ms (cache miss)
3044 http fetch GET 200 https://cdn.npmmirror.com/packages/is-map/2.0.3/is-map-2.0.3.tgz 2230ms (cache miss)
3045 http fetch GET 200 https://cdn.npmmirror.com/packages/is-weakmap/2.0.2/is-weakmap-2.0.2.tgz 2251ms (cache miss)
3046 http fetch GET 200 https://cdn.npmmirror.com/packages/is-weakset/2.0.4/is-weakset-2.0.4.tgz 2309ms (cache miss)
3047 http fetch GET 200 https://cdn.npmmirror.com/packages/which-collection/1.0.2/which-collection-1.0.2.tgz 2308ms (cache miss)
3048 http fetch GET 200 https://cdn.npmmirror.com/packages/is-bigint/1.1.0/is-bigint-1.1.0.tgz 2439ms (cache miss)
3049 http fetch GET 200 https://cdn.npmmirror.com/packages/is-generator-function/1.1.2/is-generator-function-1.1.2.tgz 2517ms (cache miss)
3050 http fetch GET 200 https://cdn.npmmirror.com/packages/escalade/3.2.0/escalade-3.2.0.tgz 2520ms (cache miss)
3051 http fetch GET 200 https://cdn.npmmirror.com/packages/is-finalizationregistry/1.1.1/is-finalizationregistry-1.1.1.tgz 2528ms (cache miss)
3052 http fetch GET 200 https://cdn.npmmirror.com/packages/has-bigints/1.1.0/has-bigints-1.1.0.tgz 2563ms (cache miss)
3053 http fetch GET 200 https://cdn.npmmirror.com/packages/%40emnapi/wasi-threads/1.1.0/wasi-threads-1.1.0.tgz 2605ms (cache miss)
3054 http fetch GET 200 https://cdn.npmmirror.com/packages/%40typescript-eslint/tsconfig-utils/8.55.0/tsconfig-utils-8.55.0.tgz 2656ms (cache miss)
3055 http fetch GET 200 https://cdn.npmmirror.com/packages/%40typescript-eslint/project-service/8.55.0/project-service-8.55.0.tgz 2660ms (cache miss)
3056 http fetch GET 200 https://cdn.npmmirror.com/packages/punycode/2.3.1/punycode-2.3.1.tgz 2719ms (cache miss)
3057 http fetch GET 200 https://cdn.npmmirror.com/packages/is-number-object/1.1.1/is-number-object-1.1.1.tgz 2720ms (cache miss)
3058 http fetch GET 200 https://cdn.npmmirror.com/packages/is-async-function/2.1.1/is-async-function-2.1.1.tgz 2769ms (cache miss)
3059 http fetch GET 200 https://cdn.npmmirror.com/packages/%40tybys/wasm-util/0.10.1/wasm-util-0.10.1.tgz 2816ms (cache miss)
3060 http fetch GET 200 https://cdn.npmmirror.com/packages/napi-postinstall/0.3.4/napi-postinstall-0.3.4.tgz 2828ms (cache miss)
3061 http fetch GET 200 https://cdn.npmmirror.com/packages/is-boolean-object/1.2.2/is-boolean-object-1.2.2.tgz 2843ms (cache miss)
3062 http fetch GET 200 https://cdn.npmmirror.com/packages/%40typescript-eslint/visitor-keys/8.55.0/visitor-keys-8.55.0.tgz 2854ms (cache miss)
3063 http fetch GET 200 https://cdn.npmmirror.com/packages/%40typescript-eslint/types/8.55.0/types-8.55.0.tgz 2962ms (cache miss)
3064 http fetch GET 200 https://cdn.npmmirror.com/packages/strip-bom/3.0.0/strip-bom-3.0.0.tgz 2995ms (cache miss)
3065 http fetch GET 200 https://cdn.npmmirror.com/packages/which-builtin-type/1.2.1/which-builtin-type-1.2.1.tgz 3065ms (cache miss)
3066 http fetch GET 200 https://cdn.npmmirror.com/packages/%40typescript-eslint/type-utils/8.55.0/type-utils-8.55.0.tgz 3079ms (cache miss)
3067 http fetch GET 200 https://cdn.npmmirror.com/packages/for-each/0.3.5/for-each-0.3.5.tgz 3088ms (cache miss)
3068 http fetch GET 200 https://cdn.npmmirror.com/packages/ts-api-utils/2.4.0/ts-api-utils-2.4.0.tgz 3124ms (cache miss)
3069 http fetch GET 200 https://cdn.npmmirror.com/packages/reflect.getprototypeof/1.0.10/reflect.getprototypeof-1.0.10.tgz 3127ms (cache miss)
3070 http fetch GET 200 https://cdn.npmmirror.com/packages/%40typescript-eslint/scope-manager/8.55.0/scope-manager-8.55.0.tgz 3147ms (cache miss)
3071 http fetch GET 200 https://cdn.npmmirror.com/packages/%40typescript-eslint/utils/8.55.0/utils-8.55.0.tgz 3159ms (cache miss)
3072 http fetch GET 200 https://cdn.npmmirror.com/packages/minimist/1.2.8/minimist-1.2.8.tgz 3192ms (cache miss)
3073 http fetch GET 200 https://cdn.npmmirror.com/packages/%40typescript-eslint/parser/8.55.0/parser-8.55.0.tgz 3233ms (cache miss)
3074 http fetch GET 200 https://cdn.npmmirror.com/packages/%40types/json5/0.0.29/json5-0.0.29.tgz 3250ms (cache miss)
3075 http fetch GET 200 https://cdn.npmmirror.com/packages/has-flag/4.0.0/has-flag-4.0.0.tgz 3350ms (cache miss)
3076 http fetch GET 200 https://cdn.npmmirror.com/packages/is-number/7.0.0/is-number-7.0.0.tgz 3353ms (cache miss)
3077 http fetch GET 200 https://cdn.npmmirror.com/packages/client-only/0.0.1/client-only-0.0.1.tgz 3373ms (cache miss)
3078 http fetch GET 200 https://cdn.npmmirror.com/packages/%40emnapi/core/1.8.1/core-1.8.1.tgz 3386ms (cache miss)
3079 http fetch GET 200 https://cdn.npmmirror.com/packages/side-channel-weakmap/1.0.2/side-channel-weakmap-1.0.2.tgz 3397ms (cache miss)
3080 http fetch GET 200 https://cdn.npmmirror.com/packages/side-channel-map/1.0.1/side-channel-map-1.0.1.tgz 3400ms (cache miss)
3081 http fetch GET 200 https://cdn.npmmirror.com/packages/shebang-regex/3.0.0/shebang-regex-3.0.0.tgz 3471ms (cache miss)
3082 http fetch GET 200 https://cdn.npmmirror.com/packages/side-channel-list/1.0.0/side-channel-list-1.0.0.tgz 3476ms (cache miss)
3083 http fetch GET 200 https://cdn.npmmirror.com/packages/isarray/2.0.5/isarray-2.0.5.tgz 3621ms (cache miss)
3084 http fetch GET 200 https://cdn.npmmirror.com/packages/supports-preserve-symlinks-flag/1.0.0/supports-preserve-symlinks-flag-1.0.0.tgz 3645ms (cache miss)
3085 http fetch GET 200 https://cdn.npmmirror.com/packages/path-parse/1.0.7/path-parse-1.0.7.tgz 3649ms (cache miss)
3086 http fetch GET 200 https://cdn.npmmirror.com/packages/queue-microtask/1.2.3/queue-microtask-1.2.3.tgz 3663ms (cache miss)
3087 http fetch GET 200 https://cdn.npmmirror.com/packages/object-assign/4.1.1/object-assign-4.1.1.tgz 3674ms (cache miss)
3088 http fetch GET 200 https://cdn.npmmirror.com/packages/loose-envify/1.4.0/loose-envify-1.4.0.tgz 3681ms (cache miss)
3089 http fetch GET 200 https://cdn.npmmirror.com/packages/%40typescript-eslint/typescript-estree/8.55.0/typescript-estree-8.55.0.tgz 3686ms (cache miss)
3090 http fetch GET 200 https://cdn.npmmirror.com/packages/%40emnapi/runtime/1.8.1/runtime-1.8.1.tgz 3686ms (cache miss)
3091 http fetch GET 200 https://cdn.npmmirror.com/packages/%40typescript-eslint/eslint-plugin/8.55.0/eslint-plugin-8.55.0.tgz 3708ms (cache miss)
3092 http fetch GET 200 https://cdn.npmmirror.com/packages/scheduler/0.27.0/scheduler-0.27.0.tgz 3769ms (cache miss)
3093 http fetch GET 200 https://cdn.npmmirror.com/packages/nanoid/3.3.11/nanoid-3.3.11.tgz 3769ms (cache miss)
3094 http fetch GET 200 https://cdn.npmmirror.com/packages/%40unrs/resolver-binding-darwin-arm64/1.11.1/resolver-binding-darwin-arm64-1.11.1.tgz 3823ms (cache miss)
3095 http fetch GET 200 https://cdn.npmmirror.com/packages/%40img/sharp-darwin-arm64/0.34.5/sharp-darwin-arm64-0.34.5.tgz 3849ms (cache miss)
3096 http fetch GET 200 https://cdn.npmmirror.com/packages/react-is/16.13.1/react-is-16.13.1.tgz 3904ms (cache miss)
3097 http fetch GET 200 https://cdn.npmmirror.com/packages/callsites/3.1.0/callsites-3.1.0.tgz 3920ms (cache miss)
3098 http fetch GET 200 https://cdn.npmmirror.com/packages/yocto-queue/0.1.0/yocto-queue-0.1.0.tgz 3931ms (cache miss)
3099 http fetch GET 200 https://cdn.npmmirror.com/packages/%40img/colour/1.0.0/colour-1.0.0.tgz 3935ms (cache miss)
3100 http fetch GET 200 https://cdn.npmmirror.com/packages/fast-levenshtein/2.0.6/fast-levenshtein-2.0.6.tgz 3954ms (cache miss)
3101 http fetch GET 200 https://cdn.npmmirror.com/packages/deep-is/0.1.4/deep-is-0.1.4.tgz 3954ms (cache miss)
3102 http fetch GET 200 https://cdn.npmmirror.com/packages/p-limit/3.1.0/p-limit-3.1.0.tgz 3958ms (cache miss)
3103 http fetch GET 200 https://cdn.npmmirror.com/packages/tslib/2.8.1/tslib-2.8.1.tgz 4002ms (cache miss)
3104 http fetch GET 200 https://cdn.npmmirror.com/packages/sharp/0.34.5/sharp-0.34.5.tgz 4090ms (cache miss)
3105 http fetch GET 200 https://cdn.npmmirror.com/packages/concat-map/0.0.1/concat-map-0.0.1.tgz 4110ms (cache miss)
3106 http fetch GET 200 https://cdn.npmmirror.com/packages/%40napi-rs/wasm-runtime/0.2.12/wasm-runtime-0.2.12.tgz 4150ms (cache miss)
3107 http fetch GET 200 https://cdn.npmmirror.com/packages/to-regex-range/5.0.1/to-regex-range-5.0.1.tgz 4167ms (cache miss)
3108 http fetch GET 200 https://cdn.npmmirror.com/packages/brace-expansion/1.1.12/brace-expansion-1.1.12.tgz 4207ms (cache miss)
3109 http fetch GET 200 https://cdn.npmmirror.com/packages/%40next/env/16.1.6/env-16.1.6.tgz 4208ms (cache miss)
3110 http fetch GET 200 https://cdn.npmmirror.com/packages/word-wrap/1.2.5/word-wrap-1.2.5.tgz 4219ms (cache miss)
3111 http fetch GET 200 https://cdn.npmmirror.com/packages/%40swc/helpers/0.5.15/helpers-0.5.15.tgz 4222ms (cache miss)
3112 http fetch GET 200 https://cdn.npmmirror.com/packages/styled-jsx/5.1.6/styled-jsx-5.1.6.tgz 4230ms (cache miss)
3113 http fetch GET 200 https://cdn.npmmirror.com/packages/balanced-match/1.0.2/balanced-match-1.0.2.tgz 4230ms (cache miss)
3114 http fetch GET 200 https://cdn.npmmirror.com/packages/fill-range/7.1.1/fill-range-7.1.1.tgz 4264ms (cache miss)
3115 http fetch GET 200 https://cdn.npmmirror.com/packages/picomatch/2.3.1/picomatch-2.3.1.tgz 4266ms (cache miss)
3116 http fetch GET 200 https://cdn.npmmirror.com/packages/braces/3.0.3/braces-3.0.3.tgz 4285ms (cache miss)
3117 http fetch GET 200 https://cdn.npmmirror.com/packages/which-boxed-primitive/1.1.1/which-boxed-primitive-1.1.1.tgz 4360ms (cache miss)
3118 http fetch GET 200 https://cdn.npmmirror.com/packages/yallist/3.1.1/yallist-3.1.1.tgz 4376ms (cache miss)
3119 http fetch GET 200 https://cdn.npmmirror.com/packages/p-locate/5.0.0/p-locate-5.0.0.tgz 4398ms (cache miss)
3120 http fetch GET 200 https://cdn.npmmirror.com/packages/detect-libc/2.1.2/detect-libc-2.1.2.tgz 4446ms (cache miss)
3121 http fetch GET 200 https://cdn.npmmirror.com/packages/json-buffer/3.0.1/json-buffer-3.0.1.tgz 4480ms (cache miss)
3122 http fetch GET 200 https://cdn.npmmirror.com/packages/set-function-name/2.0.2/set-function-name-2.0.2.tgz 4518ms (cache miss)
3123 http fetch GET 200 https://cdn.npmmirror.com/packages/resolve-from/4.0.0/resolve-from-4.0.0.tgz 4522ms (cache miss)
3124 http fetch GET 200 https://cdn.npmmirror.com/packages/type-check/0.4.0/type-check-0.4.0.tgz 4542ms (cache miss)
3125 http fetch GET 200 https://cdn.npmmirror.com/packages/side-channel/1.1.0/side-channel-1.1.0.tgz 4561ms (cache miss)
3126 http fetch GET 200 https://cdn.npmmirror.com/packages/argparse/2.0.1/argparse-2.0.1.tgz 4642ms (cache miss)
3127 http fetch GET 200 https://cdn.npmmirror.com/packages/is-extglob/2.1.1/is-extglob-2.1.1.tgz 4665ms (cache miss)
3128 http fetch GET 200 https://cdn.npmmirror.com/packages/dunder-proto/1.0.1/dunder-proto-1.0.1.tgz 4665ms (cache miss)
3129 http fetch GET 200 https://cdn.npmmirror.com/packages/parent-module/1.0.1/parent-module-1.0.1.tgz 4666ms (cache miss)
3130 http fetch GET 200 https://cdn.npmmirror.com/packages/functions-have-names/1.2.3/functions-have-names-1.2.3.tgz 4728ms (cache miss)
3131 http fetch GET 200 https://cdn.npmmirror.com/packages/hermes-estree/0.25.1/hermes-estree-0.25.1.tgz 4770ms (cache miss)
3132 http fetch GET 200 https://cdn.npmmirror.com/packages/keyv/4.5.4/keyv-4.5.4.tgz 4772ms (cache miss)
3133 http fetch GET 200 https://cdn.npmmirror.com/packages/path-exists/4.0.0/path-exists-4.0.0.tgz 4785ms (cache miss)
3134 http fetch GET 200 https://cdn.npmmirror.com/packages/language-subtag-registry/0.3.23/language-subtag-registry-0.3.23.tgz 4815ms (cache miss)
3135 http fetch GET 200 https://cdn.npmmirror.com/packages/prelude-ls/1.2.1/prelude-ls-1.2.1.tgz 4820ms (cache miss)
3136 http fetch GET 200 https://cdn.npmmirror.com/packages/flatted/3.3.3/flatted-3.3.3.tgz 4823ms (cache miss)
3137 http fetch GET 200 https://cdn.npmmirror.com/packages/flat-cache/4.0.1/flat-cache-4.0.1.tgz 4861ms (cache miss)
3138 http fetch GET 200 https://cdn.npmmirror.com/packages/locate-path/6.0.0/locate-path-6.0.0.tgz 4948ms (cache miss)
3139 http fetch GET 200 https://cdn.npmmirror.com/packages/run-parallel/1.2.0/run-parallel-1.2.0.tgz 4949ms (cache miss)
3140 http fetch GET 200 https://cdn.npmmirror.com/packages/micromatch/4.0.8/micromatch-4.0.8.tgz 4951ms (cache miss)
3141 http fetch GET 200 https://cdn.npmmirror.com/packages/%40nodelib/fs.scandir/2.1.5/fs.scandir-2.1.5.tgz 4955ms (cache miss)
3142 http fetch GET 200 https://cdn.npmmirror.com/packages/fastq/1.20.1/fastq-1.20.1.tgz 5006ms (cache miss)
3143 http fetch GET 200 https://cdn.npmmirror.com/packages/acorn-jsx/5.3.2/acorn-jsx-5.3.2.tgz 5094ms (cache miss)
3144 http fetch GET 200 https://cdn.npmmirror.com/packages/merge2/1.4.1/merge2-1.4.1.tgz 5096ms (cache miss)
3145 http fetch GET 200 https://cdn.npmmirror.com/packages/%40nodelib/fs.stat/2.0.5/fs.stat-2.0.5.tgz 5099ms (cache miss)
3146 http fetch GET 200 https://cdn.npmmirror.com/packages/%40nodelib/fs.walk/1.2.8/fs.walk-1.2.8.tgz 5103ms (cache miss)
3147 http fetch GET 200 https://cdn.npmmirror.com/packages/node-releases/2.0.27/node-releases-2.0.27.tgz 5114ms (cache miss)
3148 http fetch GET 200 https://cdn.npmmirror.com/packages/reusify/1.1.0/reusify-1.1.0.tgz 5220ms (cache miss)
3149 http fetch GET 200 https://cdn.npmmirror.com/packages/%40babel/helper-globals/7.28.0/helper-globals-7.28.0.tgz 5237ms (cache miss)
3150 http fetch GET 200 https://cdn.npmmirror.com/packages/update-browserslist-db/1.2.3/update-browserslist-db-1.2.3.tgz 5239ms (cache miss)
3151 http fetch GET 200 https://cdn.npmmirror.com/packages/electron-to-chromium/1.5.286/electron-to-chromium-1.5.286.tgz 5267ms (cache miss)
3152 http fetch GET 200 https://cdn.npmmirror.com/packages/acorn/8.15.0/acorn-8.15.0.tgz 5290ms (cache miss)
3153 http fetch GET 200 https://cdn.npmmirror.com/packages/lru-cache/5.1.1/lru-cache-5.1.1.tgz 5296ms (cache miss)
3154 http fetch GET 200 https://cdn.npmmirror.com/packages/%40babel/helper-string-parser/7.27.1/helper-string-parser-7.27.1.tgz 5376ms (cache miss)
3155 http fetch GET 200 https://cdn.npmmirror.com/packages/%40babel/helper-validator-option/7.27.1/helper-validator-option-7.27.1.tgz 5380ms (cache miss)
3156 http fetch GET 200 https://cdn.npmmirror.com/packages/esrecurse/4.3.0/esrecurse-4.3.0.tgz 5388ms (cache miss)
3157 http fetch GET 200 https://cdn.npmmirror.com/packages/browserslist/4.28.1/browserslist-4.28.1.tgz 5397ms (cache miss)
3158 http fetch GET 200 https://cdn.npmmirror.com/packages/caniuse-lite/1.0.30001769/caniuse-lite-1.0.30001769.tgz 5417ms (cache miss)
3159 http fetch GET 200 https://cdn.npmmirror.com/packages/baseline-browser-mapping/2.9.19/baseline-browser-mapping-2.9.19.tgz 5509ms (cache miss)
3160 http fetch GET 200 https://cdn.npmmirror.com/packages/jsesc/3.1.0/jsesc-3.1.0.tgz 5522ms (cache miss)
3161 http fetch GET 200 https://cdn.npmmirror.com/packages/%40babel/compat-data/7.29.0/compat-data-7.29.0.tgz 5528ms (cache miss)
3162 http fetch GET 200 https://cdn.npmmirror.com/packages/gensync/1.0.0-beta.2/gensync-1.0.0-beta.2.tgz 5715ms (cache miss)
3163 http fetch GET 200 https://cdn.npmmirror.com/packages/%40babel/helper-validator-identifier/7.28.5/helper-validator-identifier-7.28.5.tgz 5730ms (cache miss)
3164 http fetch GET 200 https://cdn.npmmirror.com/packages/js-tokens/4.0.0/js-tokens-4.0.0.tgz 5747ms (cache miss)
3165 http fetch GET 200 https://cdn.npmmirror.com/packages/picocolors/1.1.1/picocolors-1.1.1.tgz 5747ms (cache miss)
3166 http fetch GET 200 https://cdn.npmmirror.com/packages/convert-source-map/2.0.0/convert-source-map-2.0.0.tgz 5835ms (cache miss)
3167 http fetch GET 200 https://cdn.npmmirror.com/packages/%40babel/helper-compilation-targets/7.28.6/helper-compilation-targets-7.28.6.tgz 5944ms (cache miss)
3168 http fetch GET 200 https://cdn.npmmirror.com/packages/%40babel/template/7.28.6/template-7.28.6.tgz 5965ms (cache miss)
3169 http fetch GET 200 https://cdn.npmmirror.com/packages/%40babel/helper-module-transforms/7.28.6/helper-module-transforms-7.28.6.tgz 5980ms (cache miss)
3170 http fetch GET 200 https://cdn.npmmirror.com/packages/%40babel/traverse/7.29.0/traverse-7.29.0.tgz 6054ms (cache miss)
3171 http fetch GET 200 https://cdn.npmmirror.com/packages/%40babel/helpers/7.28.6/helpers-7.28.6.tgz 6143ms (cache miss)
3172 http fetch GET 200 https://cdn.npmmirror.com/packages/zod-validation-error/4.0.2/zod-validation-error-4.0.2.tgz 6254ms (cache miss)
3173 http fetch GET 200 https://cdn.npmmirror.com/packages/%40babel/helper-module-imports/7.28.6/helper-module-imports-7.28.6.tgz 6299ms (cache miss)
3174 http fetch GET 200 https://cdn.npmmirror.com/packages/%40babel/code-frame/7.29.0/code-frame-7.29.0.tgz 6329ms (cache miss)
3175 http fetch GET 200 https://cdn.npmmirror.com/packages/iterator.prototype/1.1.5/iterator.prototype-1.1.5.tgz 6340ms (cache miss)
3176 http fetch GET 200 https://cdn.npmmirror.com/packages/string.prototype.matchall/4.0.12/string.prototype.matchall-4.0.12.tgz 6375ms (cache miss)
3177 http fetch GET 200 https://cdn.npmmirror.com/packages/object.entries/1.1.9/object.entries-1.1.9.tgz 6392ms (cache miss)
3178 http fetch GET 200 https://cdn.npmmirror.com/packages/%40babel/types/7.29.0/types-7.29.0.tgz 6396ms (cache miss)
3179 http fetch GET 200 https://cdn.npmmirror.com/packages/%40babel/generator/7.29.1/generator-7.29.1.tgz 6409ms (cache miss)
3180 http fetch GET 200 https://cdn.npmmirror.com/packages/estraverse/5.3.0/estraverse-5.3.0.tgz 6412ms (cache miss)
3181 http fetch GET 200 https://cdn.npmmirror.com/packages/hermes-parser/0.25.1/hermes-parser-0.25.1.tgz 6420ms (cache miss)
3182 http fetch GET 200 https://cdn.npmmirror.com/packages/es-iterator-helpers/1.2.2/es-iterator-helpers-1.2.2.tgz 6456ms (cache miss)
3183 http fetch GET 200 https://cdn.npmmirror.com/packages/string.prototype.repeat/1.0.0/string.prototype.repeat-1.0.0.tgz 6524ms (cache miss)
3184 http fetch GET 200 https://cdn.npmmirror.com/packages/prop-types/15.8.1/prop-types-15.8.1.tgz 6594ms (cache miss)
3185 http fetch GET 200 https://cdn.npmmirror.com/packages/json5/2.2.3/json5-2.2.3.tgz 6647ms (cache miss)
3186 http fetch GET 200 https://cdn.npmmirror.com/packages/array.prototype.tosorted/1.1.4/array.prototype.tosorted-1.1.4.tgz 6772ms (cache miss)
3187 http fetch GET 200 https://cdn.npmmirror.com/packages/array.prototype.findlast/1.2.5/array.prototype.findlast-1.2.5.tgz 6774ms (cache miss)
3188 http fetch GET 200 https://cdn.npmmirror.com/packages/language-tags/1.0.9/language-tags-1.0.9.tgz 6827ms (cache miss)
3189 http fetch GET 200 https://cdn.npmmirror.com/packages/damerau-levenshtein/1.0.8/damerau-levenshtein-1.0.8.tgz 6881ms (cache miss)
3190 http fetch GET 200 https://cdn.npmmirror.com/packages/string.prototype.includes/2.0.1/string.prototype.includes-2.0.1.tgz 6888ms (cache miss)
3191 http fetch GET 200 https://cdn.npmmirror.com/packages/emoji-regex/9.2.2/emoji-regex-9.2.2.tgz 6890ms (cache miss)
3192 http fetch GET 200 https://cdn.npmmirror.com/packages/is-symbol/1.1.1/is-symbol-1.1.1.tgz 6918ms (cache miss)
3193 http fetch GET 200 https://cdn.npmmirror.com/packages/jsx-ast-utils/3.3.5/jsx-ast-utils-3.3.5.tgz 6929ms (cache miss)
3194 http fetch GET 200 https://cdn.npmmirror.com/packages/axobject-query/4.1.0/axobject-query-4.1.0.tgz 6933ms (cache miss)
3195 http fetch GET 200 https://cdn.npmmirror.com/packages/zod/4.3.6/zod-4.3.6.tgz 7018ms (cache miss)
3196 http fetch GET 200 https://cdn.npmmirror.com/packages/ast-types-flow/0.0.8/ast-types-flow-0.0.8.tgz 7087ms (cache miss)
3197 http fetch GET 200 https://cdn.npmmirror.com/packages/%40babel/core/7.29.0/core-7.29.0.tgz 7135ms (cache miss)
3198 http fetch GET 200 https://cdn.npmmirror.com/packages/axe-core/4.11.1/axe-core-4.11.1.tgz 7163ms (cache miss)
3199 http fetch GET 200 https://cdn.npmmirror.com/packages/possible-typed-array-names/1.1.0/possible-typed-array-names-1.1.0.tgz 7246ms (cache miss)
3200 http fetch GET 200 https://cdn.npmmirror.com/packages/which-typed-array/1.1.20/which-typed-array-1.1.20.tgz 7247ms (cache miss)
3201 http fetch GET 200 https://cdn.npmmirror.com/packages/typed-array-length/1.0.7/typed-array-length-1.0.7.tgz 7293ms (cache miss)
3202 http fetch GET 200 https://cdn.npmmirror.com/packages/unbox-primitive/1.1.0/unbox-primitive-1.1.0.tgz 7335ms (cache miss)
3203 http fetch GET 200 https://cdn.npmmirror.com/packages/typed-array-byte-length/1.0.3/typed-array-byte-length-1.0.3.tgz 7355ms (cache miss)
3204 http fetch GET 200 https://cdn.npmmirror.com/packages/typed-array-byte-offset/1.0.4/typed-array-byte-offset-1.0.4.tgz 7355ms (cache miss)
3205 http fetch GET 200 https://cdn.npmmirror.com/packages/string.prototype.trimstart/1.0.8/string.prototype.trimstart-1.0.8.tgz 7370ms (cache miss)
3206 http fetch GET 200 https://cdn.npmmirror.com/packages/stop-iteration-iterator/1.1.0/stop-iteration-iterator-1.1.0.tgz 7419ms (cache miss)
3207 http fetch GET 200 https://cdn.npmmirror.com/packages/is-date-object/1.1.0/is-date-object-1.1.0.tgz 7490ms (cache miss)
3208 http fetch GET 200 https://cdn.npmmirror.com/packages/string.prototype.trim/1.2.10/string.prototype.trim-1.2.10.tgz 7490ms (cache miss)
3209 http fetch GET 200 https://cdn.npmmirror.com/packages/set-proto/1.0.0/set-proto-1.0.0.tgz 7496ms (cache miss)
3210 http fetch GET 200 https://cdn.npmmirror.com/packages/%40babel/parser/7.29.0/parser-7.29.0.tgz 7520ms (cache miss)
3211 http fetch GET 200 https://cdn.npmmirror.com/packages/has-tostringtag/1.0.2/has-tostringtag-1.0.2.tgz 7637ms (cache miss)
3212 http fetch GET 200 https://cdn.npmmirror.com/packages/safe-regex-test/1.1.0/safe-regex-test-1.1.0.tgz 7646ms (cache miss)
3213 http fetch GET 200 https://cdn.npmmirror.com/packages/safe-push-apply/1.0.0/safe-push-apply-1.0.0.tgz 7699ms (cache miss)
3214 http fetch GET 200 https://cdn.npmmirror.com/packages/safe-array-concat/1.1.3/safe-array-concat-1.1.3.tgz 7754ms (cache miss)
3215 http fetch GET 200 https://cdn.npmmirror.com/packages/own-keys/1.0.1/own-keys-1.0.1.tgz 7804ms (cache miss)
3216 http fetch GET 200 https://cdn.npmmirror.com/packages/object-inspect/1.13.4/object-inspect-1.13.4.tgz 7859ms (cache miss)
3217 http fetch GET 200 https://cdn.npmmirror.com/packages/regexp.prototype.flags/1.5.4/regexp.prototype.flags-1.5.4.tgz 7871ms (cache miss)
3218 http fetch GET 200 https://cdn.npmmirror.com/packages/object.assign/4.1.7/object.assign-4.1.7.tgz 7876ms (cache miss)
3219 http fetch GET 200 https://cdn.npmmirror.com/packages/is-weakref/1.1.1/is-weakref-1.1.1.tgz 7897ms (cache miss)
3220 http fetch GET 200 https://cdn.npmmirror.com/packages/is-typed-array/1.1.15/is-typed-array-1.1.15.tgz 7914ms (cache miss)
3221 http fetch GET 200 https://cdn.npmmirror.com/packages/is-set/2.0.3/is-set-2.0.3.tgz 7966ms (cache miss)
3222 http fetch GET 200 https://cdn.npmmirror.com/packages/typed-array-buffer/1.0.3/typed-array-buffer-1.0.3.tgz 7981ms (cache miss)
3223 http fetch GET 200 https://cdn.npmmirror.com/packages/is-negative-zero/2.0.3/is-negative-zero-2.0.3.tgz 8112ms (cache miss)
3224 http fetch GET 200 https://cdn.npmmirror.com/packages/is-data-view/1.0.2/is-data-view-1.0.2.tgz 8177ms (cache miss)
3225 http fetch GET 200 https://cdn.npmmirror.com/packages/is-callable/1.2.7/is-callable-1.2.7.tgz 8195ms (cache miss)
3226 http fetch GET 200 https://cdn.npmmirror.com/packages/is-array-buffer/3.0.5/is-array-buffer-3.0.5.tgz 8243ms (cache miss)
3227 http fetch GET 200 https://cdn.npmmirror.com/packages/internal-slot/1.1.0/internal-slot-1.1.0.tgz 8322ms (cache miss)
3228 http fetch GET 200 https://cdn.npmmirror.com/packages/globalthis/1.0.4/globalthis-1.0.4.tgz 8325ms (cache miss)
3229 http fetch GET 200 https://cdn.npmmirror.com/packages/has-symbols/1.1.0/has-symbols-1.1.0.tgz 8368ms (cache miss)
3230 http fetch GET 200 https://cdn.npmmirror.com/packages/get-symbol-description/1.1.0/get-symbol-description-1.1.0.tgz 8369ms (cache miss)
3231 http fetch GET 200 https://cdn.npmmirror.com/packages/has-proto/1.2.0/has-proto-1.2.0.tgz 8408ms (cache miss)
3232 http fetch GET 200 https://cdn.npmmirror.com/packages/get-proto/1.0.1/get-proto-1.0.1.tgz 8416ms (cache miss)
3233 http fetch GET 200 https://cdn.npmmirror.com/packages/is-regex/1.2.1/is-regex-1.2.1.tgz 8447ms (cache miss)
3234 http fetch GET 200 https://cdn.npmmirror.com/packages/es-to-primitive/1.3.0/es-to-primitive-1.3.0.tgz 8476ms (cache miss)
3235 http fetch GET 200 https://cdn.npmmirror.com/packages/function.prototype.name/1.1.8/function.prototype.name-1.1.8.tgz 8480ms (cache miss)
3236 http fetch GET 200 https://cdn.npmmirror.com/packages/is-shared-array-buffer/1.0.4/is-shared-array-buffer-1.0.4.tgz 8531ms (cache miss)
3237 http fetch GET 200 https://cdn.npmmirror.com/packages/es-set-tostringtag/2.1.0/es-set-tostringtag-2.1.0.tgz 8614ms (cache miss)
3238 http fetch GET 200 https://cdn.npmmirror.com/packages/data-view-byte-offset/1.0.1/data-view-byte-offset-1.0.1.tgz 8693ms (cache miss)
3239 http fetch GET 200 https://cdn.npmmirror.com/packages/available-typed-arrays/1.0.7/available-typed-arrays-1.0.7.tgz 8712ms (cache miss)
3240 http fetch GET 200 https://cdn.npmmirror.com/packages/data-view-byte-length/1.0.2/data-view-byte-length-1.0.2.tgz 8716ms (cache miss)
3241 http fetch GET 200 https://cdn.npmmirror.com/packages/arraybuffer.prototype.slice/1.0.4/arraybuffer.prototype.slice-1.0.4.tgz 8764ms (cache miss)
3242 http fetch GET 200 https://cdn.npmmirror.com/packages/data-view-buffer/1.0.2/data-view-buffer-1.0.2.tgz 8817ms (cache miss)
3243 http fetch GET 200 https://cdn.npmmirror.com/packages/gopd/1.2.0/gopd-1.2.0.tgz 8881ms (cache miss)
3244 http fetch GET 200 https://cdn.npmmirror.com/packages/has-property-descriptors/1.0.2/has-property-descriptors-1.0.2.tgz 8881ms (cache miss)
3245 http fetch GET 200 https://cdn.npmmirror.com/packages/object-keys/1.1.1/object-keys-1.1.1.tgz 8882ms (cache miss)
3246 http fetch GET 200 https://cdn.npmmirror.com/packages/es-define-property/1.0.1/es-define-property-1.0.1.tgz 9044ms (cache miss)
3247 http fetch GET 200 https://cdn.npmmirror.com/packages/define-data-property/1.1.4/define-data-property-1.1.4.tgz 9078ms (cache miss)
3248 http fetch GET 200 https://cdn.npmmirror.com/packages/call-bind-apply-helpers/1.0.2/call-bind-apply-helpers-1.0.2.tgz 9080ms (cache miss)
3249 http fetch GET 200 https://cdn.npmmirror.com/packages/es-shim-unscopables/1.1.0/es-shim-unscopables-1.1.0.tgz 9157ms (cache miss)
3250 http fetch GET 200 https://cdn.npmmirror.com/packages/es-errors/1.3.0/es-errors-1.3.0.tgz 9261ms (cache miss)
3251 http fetch GET 200 https://cdn.npmmirror.com/packages/math-intrinsics/1.1.0/math-intrinsics-1.1.0.tgz 9266ms (cache miss)
3252 http fetch GET 200 https://cdn.npmmirror.com/packages/set-function-length/1.2.2/set-function-length-1.2.2.tgz 9268ms (cache miss)
3253 http fetch GET 200 https://cdn.npmmirror.com/packages/is-string/1.1.1/is-string-1.1.1.tgz 9279ms (cache miss)
3254 http fetch GET 200 https://cdn.npmmirror.com/packages/get-intrinsic/1.3.0/get-intrinsic-1.3.0.tgz 9325ms (cache miss)
3255 http fetch GET 200 https://cdn.npmmirror.com/packages/es-object-atoms/1.1.1/es-object-atoms-1.1.1.tgz 9348ms (cache miss)
3256 http fetch GET 200 https://cdn.npmmirror.com/packages/resolve-pkg-maps/1.0.0/resolve-pkg-maps-1.0.0.tgz 9417ms (cache miss)
3257 http fetch GET 200 https://cdn.npmmirror.com/packages/define-properties/1.2.1/define-properties-1.2.1.tgz 9532ms (cache miss)
3258 http fetch GET 200 https://cdn.npmmirror.com/packages/call-bind/1.0.8/call-bind-1.0.8.tgz 9542ms (cache miss)
3259 http fetch GET 200 https://cdn.npmmirror.com/packages/call-bound/1.0.4/call-bound-1.0.4.tgz 9554ms (cache miss)
3260 http fetch GET 200 https://cdn.npmmirror.com/packages/array-buffer-byte-length/1.0.2/array-buffer-byte-length-1.0.2.tgz 9593ms (cache miss)
3261 http fetch GET 200 https://cdn.npmmirror.com/packages/string.prototype.trimend/1.0.9/string.prototype.trimend-1.0.9.tgz 9750ms (cache miss)
3262 http fetch GET 200 https://cdn.npmmirror.com/packages/object.groupby/1.0.3/object.groupby-1.0.3.tgz 9758ms (cache miss)
3263 http fetch GET 200 https://cdn.npmmirror.com/packages/function-bind/1.1.2/function-bind-1.1.2.tgz 9766ms (cache miss)
3264 http fetch GET 200 https://cdn.npmmirror.com/packages/semver/6.3.1/semver-6.3.1.tgz 9764ms (cache miss)
3265 http fetch GET 200 https://cdn.npmmirror.com/packages/tsconfig-paths/3.15.0/tsconfig-paths-3.15.0.tgz 9768ms (cache miss)
3266 http fetch GET 200 https://cdn.npmmirror.com/packages/object.values/1.2.1/object.values-1.2.1.tgz 9778ms (cache miss)
3267 http fetch GET 200 https://cdn.npmmirror.com/packages/hasown/2.0.2/hasown-2.0.2.tgz 9818ms (cache miss)
3268 http fetch GET 200 https://cdn.npmmirror.com/packages/doctrine/2.1.0/doctrine-2.1.0.tgz 9865ms (cache miss)
3269 http fetch GET 200 https://cdn.npmmirror.com/packages/eslint-module-utils/2.12.1/eslint-module-utils-2.12.1.tgz 9866ms (cache miss)
3270 http fetch GET 200 https://cdn.npmmirror.com/packages/es-abstract/1.24.1/es-abstract-1.24.1.tgz 10005ms (cache miss)
3271 http fetch GET 200 https://cdn.npmmirror.com/packages/array.prototype.flatmap/1.3.3/array.prototype.flatmap-1.3.3.tgz 10009ms (cache miss)
3272 http fetch GET 200 https://cdn.npmmirror.com/packages/array.prototype.flat/1.3.3/array.prototype.flat-1.3.3.tgz 10012ms (cache miss)
3273 http fetch GET 200 https://cdn.npmmirror.com/packages/array.prototype.findlastindex/1.2.6/array.prototype.findlastindex-1.2.6.tgz 10034ms (cache miss)
3274 http fetch GET 200 https://cdn.npmmirror.com/packages/array-includes/3.1.9/array-includes-3.1.9.tgz 10175ms (cache miss)
3275 http fetch GET 200 https://cdn.npmmirror.com/packages/tinyglobby/0.2.15/tinyglobby-0.2.15.tgz 10216ms (cache miss)
3276 http fetch GET 200 https://cdn.npmmirror.com/packages/stable-hash/0.0.5/stable-hash-0.0.5.tgz 10255ms (cache miss)
3277 http fetch GET 200 https://cdn.npmmirror.com/packages/is-core-module/2.16.1/is-core-module-2.16.1.tgz 10308ms (cache miss)
3278 http fetch GET 200 https://cdn.npmmirror.com/packages/is-bun-module/2.0.0/is-bun-module-2.0.0.tgz 10317ms (cache miss)
3279 http fetch GET 200 https://cdn.npmmirror.com/packages/%40nolyfill/is-core-module/1.0.39/is-core-module-1.0.39.tgz 10334ms (cache miss)
3280 http fetch GET 200 https://cdn.npmmirror.com/packages/unrs-resolver/1.11.1/unrs-resolver-1.11.1.tgz 10445ms (cache miss)
3281 http fetch GET 200 https://cdn.npmmirror.com/packages/fast-glob/3.3.1/fast-glob-3.3.1.tgz 10462ms (cache miss)
3282 http fetch GET 200 https://cdn.npmmirror.com/packages/resolve/1.22.11/resolve-1.22.11.tgz 10515ms (cache miss)
3283 http fetch GET 200 https://cdn.npmmirror.com/packages/object.fromentries/2.0.8/object.fromentries-2.0.8.tgz 10525ms (cache miss)
3284 http fetch GET 200 https://cdn.npmmirror.com/packages/aria-query/5.3.2/aria-query-5.3.2.tgz 10537ms (cache miss)
3285 http fetch GET 200 https://cdn.npmmirror.com/packages/%40rtsao/scc/1.1.0/scc-1.1.0.tgz 10581ms (cache miss)
3286 http fetch GET 200 https://cdn.npmmirror.com/packages/typescript-eslint/8.55.0/typescript-eslint-8.55.0.tgz 10579ms (cache miss)
3287 http fetch GET 200 https://cdn.npmmirror.com/packages/eslint-import-resolver-typescript/3.10.1/eslint-import-resolver-typescript-3.10.1.tgz 10768ms (cache miss)
3288 http fetch GET 200 https://cdn.npmmirror.com/packages/get-tsconfig/4.13.6/get-tsconfig-4.13.6.tgz 10795ms (cache miss)
3289 http fetch GET 200 https://cdn.npmmirror.com/packages/eslint-import-resolver-node/0.3.9/eslint-import-resolver-node-0.3.9.tgz 10815ms (cache miss)
3290 http fetch GET 200 https://cdn.npmmirror.com/packages/which/2.0.2/which-2.0.2.tgz 10852ms (cache miss)
3291 http fetch GET 200 https://cdn.npmmirror.com/packages/ms/2.1.3/ms-2.1.3.tgz 10878ms (cache miss)
3292 http fetch GET 200 https://cdn.npmmirror.com/packages/eslint-plugin-jsx-a11y/6.10.2/eslint-plugin-jsx-a11y-6.10.2.tgz 10883ms (cache miss)
3293 http fetch GET 200 https://cdn.npmmirror.com/packages/path-key/3.1.1/path-key-3.1.1.tgz 10898ms (cache miss)
3294 http fetch GET 200 https://cdn.npmmirror.com/packages/shebang-command/2.0.0/shebang-command-2.0.0.tgz 10898ms (cache miss)
3295 http fetch GET 200 https://cdn.npmmirror.com/packages/%40next/eslint-plugin-next/16.1.6/eslint-plugin-next-16.1.6.tgz 10911ms (cache miss)
3296 http fetch GET 200 https://cdn.npmmirror.com/packages/eslint-plugin-import/2.32.0/eslint-plugin-import-2.32.0.tgz 10978ms (cache miss)
3297 http fetch GET 200 https://cdn.npmmirror.com/packages/eslint-plugin-react/7.37.5/eslint-plugin-react-7.37.5.tgz 11044ms (cache miss)
3298 http fetch GET 200 https://cdn.npmmirror.com/packages/color-name/1.1.4/color-name-1.1.4.tgz 11047ms (cache miss)
3299 http fetch GET 200 https://cdn.npmmirror.com/packages/color-convert/2.0.1/color-convert-2.0.1.tgz 11086ms (cache miss)
3300 http fetch GET 200 https://cdn.npmmirror.com/packages/ansi-styles/4.3.0/ansi-styles-4.3.0.tgz 11102ms (cache miss)
3301 http fetch GET 200 https://cdn.npmmirror.com/packages/supports-color/7.2.0/supports-color-7.2.0.tgz 11118ms (cache miss)
3302 http fetch GET 200 https://cdn.npmmirror.com/packages/fast-json-stable-stringify/2.1.0/fast-json-stable-stringify-2.1.0.tgz 11175ms (cache miss)
3303 http fetch GET 200 https://cdn.npmmirror.com/packages/json-schema-traverse/0.4.1/json-schema-traverse-0.4.1.tgz 11202ms (cache miss)
3304 http fetch GET 200 https://cdn.npmmirror.com/packages/uri-js/4.4.1/uri-js-4.4.1.tgz 11270ms (cache miss)
3305 http fetch GET 200 https://cdn.npmmirror.com/packages/levn/0.4.1/levn-0.4.1.tgz 11304ms (cache miss)
3306 http fetch GET 200 https://cdn.npmmirror.com/packages/optionator/0.9.4/optionator-0.9.4.tgz 11339ms (cache miss)
3307 http fetch GET 200 https://cdn.npmmirror.com/packages/%40humanfs/core/0.19.1/core-0.19.1.tgz 11346ms (cache miss)
3308 http fetch GET 200 https://cdn.npmmirror.com/packages/globals/14.0.0/globals-14.0.0.tgz 11381ms (cache miss)
3309 http fetch GET 200 https://cdn.npmmirror.com/packages/%40eslint/object-schema/2.1.7/object-schema-2.1.7.tgz 11388ms (cache miss)
3310 http fetch GET 200 https://cdn.npmmirror.com/packages/%40types/json-schema/7.0.15/json-schema-7.0.15.tgz 11389ms (cache miss)
3311 http fetch GET 200 https://cdn.npmmirror.com/packages/natural-compare/1.4.0/natural-compare-1.4.0.tgz 11530ms (cache miss)
3312 http fetch GET 200 https://cdn.npmmirror.com/packages/json-stable-stringify-without-jsonify/1.0.1/json-stable-stringify-without-jsonify-1.0.1.tgz 11539ms (cache miss)
3313 http fetch GET 200 https://cdn.npmmirror.com/packages/strip-json-comments/3.1.1/strip-json-comments-3.1.1.tgz 11619ms (cache miss)
3314 http fetch GET 200 https://cdn.npmmirror.com/packages/is-glob/4.0.3/is-glob-4.0.3.tgz 11621ms (cache miss)
3315 http fetch GET 200 https://cdn.npmmirror.com/packages/eslint-plugin-react-hooks/7.0.1/eslint-plugin-react-hooks-7.0.1.tgz 11625ms (cache miss)
3316 http fetch GET 200 https://cdn.npmmirror.com/packages/lodash.merge/4.6.2/lodash.merge-4.6.2.tgz 11652ms (cache miss)
3317 http fetch GET 200 https://cdn.npmmirror.com/packages/glob-parent/6.0.2/glob-parent-6.0.2.tgz 11698ms (cache miss)
3318 http fetch GET 200 https://cdn.npmmirror.com/packages/minimatch/3.1.2/minimatch-3.1.2.tgz 11755ms (cache miss)
3319 http fetch GET 200 https://cdn.npmmirror.com/packages/js-yaml/4.1.1/js-yaml-4.1.1.tgz 11785ms (cache miss)
3320 http fetch GET 200 https://cdn.npmmirror.com/packages/ignore/5.3.2/ignore-5.3.2.tgz 11793ms (cache miss)
3321 http fetch GET 200 https://cdn.npmmirror.com/packages/fast-deep-equal/3.1.3/fast-deep-equal-3.1.3.tgz 11883ms (cache miss)
3322 http fetch GET 200 https://cdn.npmmirror.com/packages/esutils/2.0.3/esutils-2.0.3.tgz 11892ms (cache miss)
3323 http fetch GET 200 https://cdn.npmmirror.com/packages/espree/10.4.0/espree-10.4.0.tgz 11933ms (cache miss)
3324 http fetch GET 200 https://cdn.npmmirror.com/packages/escape-string-regexp/4.0.0/escape-string-regexp-4.0.0.tgz 12077ms (cache miss)
3325 http fetch GET 200 https://cdn.npmmirror.com/packages/imurmurhash/0.1.4/imurmurhash-0.1.4.tgz 12079ms (cache miss)
3326 http fetch GET 200 https://cdn.npmmirror.com/packages/eslint-visitor-keys/4.2.1/eslint-visitor-keys-4.2.1.tgz 12081ms (cache miss)
3327 http fetch GET 200 https://cdn.npmmirror.com/packages/esquery/1.7.0/esquery-1.7.0.tgz 12133ms (cache miss)
3328 http fetch GET 200 https://cdn.npmmirror.com/packages/debug/4.4.3/debug-4.4.3.tgz 12152ms (cache miss)
3329 http fetch GET 200 https://cdn.npmmirror.com/packages/eslint-scope/8.4.0/eslint-scope-8.4.0.tgz 12157ms (cache miss)
3330 http fetch GET 200 https://cdn.npmmirror.com/packages/cross-spawn/7.0.6/cross-spawn-7.0.6.tgz 12196ms (cache miss)
3331 http fetch GET 200 https://cdn.npmmirror.com/packages/find-up/5.0.0/find-up-5.0.0.tgz 12228ms (cache miss)
3332 http fetch GET 200 https://cdn.npmmirror.com/packages/%40humanwhocodes/retry/0.4.3/retry-0.4.3.tgz 12289ms (cache miss)
3333 http fetch GET 200 https://cdn.npmmirror.com/packages/%40types/estree/1.0.8/estree-1.0.8.tgz 12352ms (cache miss)
3334 http fetch GET 200 https://cdn.npmmirror.com/packages/%40humanwhocodes/module-importer/1.0.1/module-importer-1.0.1.tgz 12467ms (cache miss)
3335 http fetch GET 200 https://cdn.npmmirror.com/packages/%40humanfs/node/0.16.7/node-0.16.7.tgz 12485ms (cache miss)
3336 http fetch GET 200 https://cdn.npmmirror.com/packages/%40eslint/js/9.39.2/js-9.39.2.tgz 12527ms (cache miss)
3337 http fetch GET 200 https://cdn.npmmirror.com/packages/%40eslint/plugin-kit/0.4.1/plugin-kit-0.4.1.tgz 12531ms (cache miss)
3338 http fetch GET 200 https://cdn.npmmirror.com/packages/file-entry-cache/8.0.0/file-entry-cache-8.0.0.tgz 12550ms (cache miss)
3339 http fetch GET 200 https://cdn.npmmirror.com/packages/%40eslint/config-helpers/0.4.2/config-helpers-0.4.2.tgz 12552ms (cache miss)
3340 http fetch GET 200 https://cdn.npmmirror.com/packages/%40eslint/eslintrc/3.3.3/eslintrc-3.3.3.tgz 12572ms (cache miss)
3341 http fetch GET 200 https://cdn.npmmirror.com/packages/%40eslint/core/0.17.0/core-0.17.0.tgz 12578ms (cache miss)
3342 http fetch GET 200 https://cdn.npmmirror.com/packages/%40eslint/config-array/0.21.1/config-array-0.21.1.tgz 12716ms (cache miss)
3343 http fetch GET 200 https://cdn.npmmirror.com/packages/%40eslint-community/regexpp/4.12.2/regexpp-4.12.2.tgz 12730ms (cache miss)
3344 http fetch GET 200 https://cdn.npmmirror.com/packages/tapable/2.3.0/tapable-2.3.0.tgz 12752ms (cache miss)
3345 http fetch GET 200 https://cdn.npmmirror.com/packages/graceful-fs/4.2.11/graceful-fs-4.2.11.tgz 12778ms (cache miss)
3346 http fetch GET 200 https://cdn.npmmirror.com/packages/ajv/6.12.6/ajv-6.12.6.tgz 12888ms (cache miss)
3347 http fetch GET 200 https://cdn.npmmirror.com/packages/chalk/4.1.2/chalk-4.1.2.tgz 12923ms (cache miss)
3348 http fetch GET 200 https://cdn.npmmirror.com/packages/csstype/3.2.3/csstype-3.2.3.tgz 12937ms (cache miss)
3349 http fetch GET 200 https://cdn.npmmirror.com/packages/%40jridgewell/gen-mapping/0.3.13/gen-mapping-0.3.13.tgz 13069ms (cache miss)
3350 http fetch GET 200 https://cdn.npmmirror.com/packages/%40eslint-community/eslint-utils/4.9.1/eslint-utils-4.9.1.tgz 13075ms (cache miss)
3351 http fetch GET 200 https://cdn.npmmirror.com/packages/%40jridgewell/trace-mapping/0.3.31/trace-mapping-0.3.31.tgz 13090ms (cache miss)
3352 http fetch GET 200 https://cdn.npmmirror.com/packages/undici-types/6.21.0/undici-types-6.21.0.tgz 13137ms (cache miss)
3353 http fetch GET 200 https://cdn.npmmirror.com/packages/source-map-js/1.2.1/source-map-js-1.2.1.tgz 13143ms (cache miss)
3354 http fetch GET 200 https://cdn.npmmirror.com/packages/%40jridgewell/resolve-uri/3.1.2/resolve-uri-3.1.2.tgz 13195ms (cache miss)
3355 http fetch GET 200 https://cdn.npmmirror.com/packages/enhanced-resolve/5.19.0/enhanced-resolve-5.19.0.tgz 13278ms (cache miss)
3356 http fetch GET 200 https://cdn.npmmirror.com/packages/postcss/8.5.6/postcss-8.5.6.tgz 13337ms (cache miss)
3357 http fetch GET 200 https://cdn.npmmirror.com/packages/%40jridgewell/remapping/2.3.5/remapping-2.3.5.tgz 13343ms (cache miss)
3358 http fetch GET 200 https://cdn.npmmirror.com/packages/lightningcss/1.30.2/lightningcss-1.30.2.tgz 13354ms (cache miss)
3359 http fetch GET 200 https://cdn.npmmirror.com/packages/%40tailwindcss/oxide/4.1.18/oxide-4.1.18.tgz 13372ms (cache miss)
3360 http fetch GET 200 https://cdn.npmmirror.com/packages/%40jridgewell/sourcemap-codec/1.5.5/sourcemap-codec-1.5.5.tgz 13451ms (cache miss)
3361 http fetch GET 200 https://cdn.npmmirror.com/packages/magic-string/0.30.21/magic-string-0.30.21.tgz 13531ms (cache miss)
3362 http fetch GET 200 https://cdn.npmmirror.com/packages/react/19.2.3/react-19.2.3.tgz 13584ms (cache miss)
3363 http fetch GET 200 https://cdn.npmmirror.com/packages/%40tailwindcss/node/4.1.18/node-4.1.18.tgz 13587ms (cache miss)
3364 http fetch GET 200 https://cdn.npmmirror.com/packages/eslint-config-next/16.1.6/eslint-config-next-16.1.6.tgz 13715ms (cache miss)
3365 http fetch GET 200 https://cdn.npmmirror.com/packages/%40next/swc-darwin-arm64/16.1.6/swc-darwin-arm64-16.1.6.tgz 13801ms (cache miss)
3366 http fetch GET 200 https://cdn.npmmirror.com/packages/jiti/2.6.1/jiti-2.6.1.tgz 13776ms (cache miss)
3367 http fetch GET 200 https://cdn.npmmirror.com/packages/tailwindcss/4.1.18/tailwindcss-4.1.18.tgz 13794ms (cache miss)
3368 http fetch GET 200 https://cdn.npmmirror.com/packages/%40types/react-dom/19.2.3/react-dom-19.2.3.tgz 13811ms (cache miss)
3369 http fetch GET 200 https://cdn.npmmirror.com/packages/brace-expansion/2.0.2/brace-expansion-2.0.2.tgz 13865ms (cache miss)
3370 http fetch GET 200 https://cdn.npmmirror.com/packages/%40tailwindcss/postcss/4.1.18/postcss-4.1.18.tgz 13870ms (cache miss)
3371 http fetch GET 200 https://cdn.npmmirror.com/packages/%40types/react/19.2.14/react-19.2.14.tgz 13945ms (cache miss)
3372 http fetch GET 200 https://cdn.npmmirror.com/packages/minimatch/9.0.5/minimatch-9.0.5.tgz 14017ms (cache miss)
3373 http fetch GET 200 https://cdn.npmmirror.com/packages/debug/3.2.7/debug-3.2.7.tgz 14078ms (cache miss)
3374 http cache https://cdn.npmmirror.com/packages/debug/3.2.7/debug-3.2.7.tgz 14101ms (cache hit)
3375 http fetch GET 200 https://cdn.npmmirror.com/packages/semver/7.7.4/semver-7.7.4.tgz 14113ms (cache miss)
3376 http fetch GET 200 https://cdn.npmmirror.com/packages/json5/1.0.2/json5-1.0.2.tgz 14125ms (cache miss)
3377 http cache https://cdn.npmmirror.com/packages/semver/7.7.4/semver-7.7.4.tgz 14203ms (cache hit)
3378 http fetch GET 200 https://cdn.npmmirror.com/packages/glob-parent/5.1.2/glob-parent-5.1.2.tgz 14223ms (cache miss)
3379 http fetch GET 200 https://cdn.npmmirror.com/packages/%40tailwindcss/oxide-darwin-arm64/4.1.18/oxide-darwin-arm64-4.1.18.tgz 14269ms (cache miss)
3380 http fetch GET 200 https://cdn.npmmirror.com/packages/%40alloc/quick-lru/5.2.0/quick-lru-5.2.0.tgz 14297ms (cache miss)
3381 http cache https://cdn.npmmirror.com/packages/debug/3.2.7/debug-3.2.7.tgz 14303ms (cache hit)
3382 http fetch GET 200 https://cdn.npmmirror.com/packages/fdir/6.5.0/fdir-6.5.0.tgz 14313ms (cache miss)
3383 http fetch GET 200 https://cdn.npmmirror.com/packages/semver/7.7.4/semver-7.7.4.tgz 14327ms (cache miss)
3384 http fetch GET 200 https://cdn.npmmirror.com/packages/picomatch/4.0.3/picomatch-4.0.3.tgz 14352ms (cache miss)
3385 http fetch GET 200 https://cdn.npmmirror.com/packages/globals/16.4.0/globals-16.4.0.tgz 14556ms (cache miss)
3386 http fetch GET 200 https://cdn.npmmirror.com/packages/eslint/9.39.2/eslint-9.39.2.tgz 14606ms (cache miss)
3387 http fetch GET 200 https://cdn.npmmirror.com/packages/postcss/8.4.31/postcss-8.4.31.tgz 14625ms (cache miss)
3388 http fetch GET 200 https://cdn.npmmirror.com/packages/import-fresh/3.3.1/import-fresh-3.3.1.tgz 14645ms (cache miss)
3389 http fetch GET 200 https://cdn.npmmirror.com/packages/ignore/7.0.5/ignore-7.0.5.tgz 14789ms (cache miss)
3390 http fetch GET 200 https://cdn.npmmirror.com/packages/eslint-visitor-keys/3.4.3/eslint-visitor-keys-3.4.3.tgz 14824ms (cache miss)
3391 http fetch GET 200 https://cdn.npmmirror.com/packages/resolve/2.0.0-next.5/resolve-2.0.0-next.5.tgz 14982ms (cache miss)
3392 http fetch GET 200 https://cdn.npmmirror.com/packages/lightningcss-darwin-arm64/1.30.2/lightningcss-darwin-arm64-1.30.2.tgz 15108ms (cache miss)
3393 http fetch GET 200 https://cdn.npmmirror.com/packages/%40types/node/20.19.33/node-20.19.33.tgz 15153ms (cache miss)
3394 http fetch GET 200 https://cdn.npmmirror.com/packages/react-dom/19.2.3/react-dom-19.2.3.tgz 15454ms (cache miss)
3395 http fetch GET 200 https://cdn.npmmirror.com/packages/%40img/sharp-libvips-darwin-arm64/1.2.4/sharp-libvips-darwin-arm64-1.2.4.tgz 24621ms (cache miss)
3396 http fetch GET 200 https://cdn.npmmirror.com/packages/typescript/5.9.3/typescript-5.9.3.tgz 28742ms (cache miss)
3397 http fetch GET 200 https://cdn.npmmirror.com/packages/next/16.1.6/next-16.1.6.tgz 37660ms (cache miss)
3398 info run sharp@0.34.5 install node_modules/sharp node install/check.js || npm run build
3399 info run sharp@0.34.5 install { code: 0, signal: null }
3400 info run unrs-resolver@1.11.1 postinstall node_modules/unrs-resolver napi-postinstall unrs-resolver 1.11.1 check
3401 info run unrs-resolver@1.11.1 postinstall { code: 0, signal: null }
3402 silly ADD node_modules/is-weakset
3403 silly ADD node_modules/is-weakmap
3404 silly ADD node_modules/is-map
3405 silly ADD node_modules/generator-function
3406 silly ADD node_modules/async-function
3407 silly ADD node_modules/which-collection
3408 silly ADD node_modules/is-generator-function
3409 silly ADD node_modules/is-finalizationregistry
3410 silly ADD node_modules/is-async-function
3411 silly ADD node_modules/is-number-object
3412 silly ADD node_modules/is-boolean-object
3413 silly ADD node_modules/is-bigint
3414 silly ADD node_modules/isexe
3415 silly ADD node_modules/punycode
3416 silly ADD node_modules/escalade
3417 silly ADD node_modules/@emnapi/wasi-threads
3418 silly ADD node_modules/@tybys/wasm-util
3419 silly ADD node_modules/@emnapi/core
3420 silly ADD node_modules/@napi-rs/wasm-runtime
3421 silly ADD node_modules/napi-postinstall
3422 silly ADD node_modules/@unrs/resolver-binding-darwin-arm64
3423 silly ADD node_modules/which-boxed-primitive
3424 silly ADD node_modules/has-bigints
3425 silly ADD node_modules/@typescript-eslint/tsconfig-utils
3426 silly ADD node_modules/@typescript-eslint/project-service
3427 silly ADD node_modules/@typescript-eslint/types
3428 silly ADD node_modules/ts-api-utils
3429 silly ADD node_modules/@typescript-eslint/visitor-keys
3430 silly ADD node_modules/@typescript-eslint/type-utils
3431 silly ADD node_modules/@typescript-eslint/scope-manager
3432 silly ADD node_modules/@typescript-eslint/utils
3433 silly ADD node_modules/@typescript-eslint/typescript-estree
3434 silly ADD node_modules/@typescript-eslint/typescript-estree/node_modules/brace-expansion
3435 silly ADD node_modules/@typescript-eslint/typescript-estree/node_modules/semver
3436 silly ADD node_modules/@typescript-eslint/typescript-estree/node_modules/minimatch
3437 silly ADD node_modules/@typescript-eslint/parser
3438 silly ADD node_modules/@typescript-eslint/eslint-plugin
3439 silly ADD node_modules/@typescript-eslint/eslint-plugin/node_modules/ignore
3440 silly ADD node_modules/which-builtin-type
3441 silly ADD node_modules/reflect.getprototypeof
3442 silly ADD node_modules/for-each
3443 silly ADD node_modules/strip-bom
3444 silly ADD node_modules/minimist
3445 silly ADD node_modules/@types/json5
3446 silly ADD node_modules/is-number
3447 silly ADD node_modules/has-flag
3448 silly ADD node_modules/client-only
3449 silly ADD node_modules/side-channel-weakmap
3450 silly ADD node_modules/side-channel-map
3451 silly ADD node_modules/side-channel-list
3452 silly ADD node_modules/shebang-regex
3453 silly ADD node_modules/@emnapi/runtime
3454 silly ADD node_modules/@img/sharp-libvips-darwin-arm64
3455 silly ADD node_modules/@img/sharp-darwin-arm64
3456 silly ADD node_modules/@img/colour
3457 silly ADD node_modules/isarray
3458 silly ADD node_modules/queue-microtask
3459 silly ADD node_modules/supports-preserve-symlinks-flag
3460 silly ADD node_modules/path-parse
3461 silly ADD node_modules/scheduler
3462 silly ADD node_modules/react-is
3463 silly ADD node_modules/object-assign
3464 silly ADD node_modules/loose-envify
3465 silly ADD node_modules/nanoid
3466 silly ADD node_modules/callsites
3467 silly ADD node_modules/yocto-queue
3468 silly ADD node_modules/p-limit
3469 silly ADD node_modules/word-wrap
3470 silly ADD node_modules/fast-levenshtein
3471 silly ADD node_modules/deep-is
3472 silly ADD node_modules/tslib
3473 silly ADD node_modules/styled-jsx
3474 silly ADD node_modules/sharp
3475 silly ADD node_modules/sharp/node_modules/semver
3476 silly ADD node_modules/@swc/helpers
3477 silly ADD node_modules/@next/swc-darwin-arm64
3478 silly ADD node_modules/@next/env
3479 silly ADD node_modules/concat-map
3480 silly ADD node_modules/balanced-match
3481 silly ADD node_modules/brace-expansion
3482 silly ADD node_modules/to-regex-range
3483 silly ADD node_modules/fill-range
3484 silly ADD node_modules/picomatch
3485 silly ADD node_modules/braces
3486 silly ADD node_modules/yallist
3487 silly ADD node_modules/p-locate
3488 silly ADD node_modules/lightningcss-darwin-arm64
3489 silly ADD node_modules/detect-libc
3490 silly ADD node_modules/type-check
3491 silly ADD node_modules/prelude-ls
3492 silly ADD node_modules/language-subtag-registry
3493 silly ADD node_modules/json-buffer
3494 silly ADD node_modules/argparse
3495 silly ADD node_modules/set-function-name
3496 silly ADD node_modules/is-extglob
3497 silly ADD node_modules/side-channel
3498 silly ADD node_modules/resolve-from
3499 silly ADD node_modules/parent-module
3500 silly ADD node_modules/hermes-estree
3501 silly ADD node_modules/resolve-pkg-maps
3502 silly ADD node_modules/dunder-proto
3503 silly ADD node_modules/functions-have-names
3504 silly ADD node_modules/keyv
3505 silly ADD node_modules/flatted
3506 silly ADD node_modules/path-exists
3507 silly ADD node_modules/locate-path
3508 silly ADD node_modules/flat-cache
3509 silly ADD node_modules/reusify
3510 silly ADD node_modules/run-parallel
3511 silly ADD node_modules/fastq
3512 silly ADD node_modules/@nodelib/fs.scandir
3513 silly ADD node_modules/micromatch
3514 silly ADD node_modules/merge2
3515 silly ADD node_modules/@nodelib/fs.walk
3516 silly ADD node_modules/@nodelib/fs.stat
3517 silly ADD node_modules/acorn-jsx
3518 silly ADD node_modules/acorn
3519 silly ADD node_modules/esrecurse
3520 silly ADD node_modules/update-browserslist-db
3521 silly ADD node_modules/node-releases
3522 silly ADD node_modules/electron-to-chromium
3523 silly ADD node_modules/caniuse-lite
3524 silly ADD node_modules/baseline-browser-mapping
3525 silly ADD node_modules/@babel/helper-string-parser
3526 silly ADD node_modules/@babel/helper-globals
3527 silly ADD node_modules/@babel/helper-module-imports
3528 silly ADD node_modules/lru-cache
3529 silly ADD node_modules/browserslist
3530 silly ADD node_modules/@babel/helper-validator-option
3531 silly ADD node_modules/@babel/compat-data
3532 silly ADD node_modules/jsesc
3533 silly ADD node_modules/picocolors
3534 silly ADD node_modules/js-tokens
3535 silly ADD node_modules/@babel/helper-validator-identifier
3536 silly ADD node_modules/json5
3537 silly ADD node_modules/gensync
3538 silly ADD node_modules/convert-source-map
3539 silly ADD node_modules/@babel/types
3540 silly ADD node_modules/@babel/traverse
3541 silly ADD node_modules/@babel/template
3542 silly ADD node_modules/@babel/helpers
3543 silly ADD node_modules/@babel/helper-module-transforms
3544 silly ADD node_modules/@babel/helper-compilation-targets
3545 silly ADD node_modules/@babel/generator
3546 silly ADD node_modules/@babel/code-frame
3547 silly ADD node_modules/zod-validation-error
3548 silly ADD node_modules/zod
3549 silly ADD node_modules/hermes-parser
3550 silly ADD node_modules/@babel/parser
3551 silly ADD node_modules/@babel/core
3552 silly ADD node_modules/iterator.prototype
3553 silly ADD node_modules/string.prototype.repeat
3554 silly ADD node_modules/string.prototype.matchall
3555 silly ADD node_modules/prop-types
3556 silly ADD node_modules/object.entries
3557 silly ADD node_modules/estraverse
3558 silly ADD node_modules/es-iterator-helpers
3559 silly ADD node_modules/array.prototype.tosorted
3560 silly ADD node_modules/array.prototype.findlast
3561 silly ADD node_modules/string.prototype.includes
3562 silly ADD node_modules/language-tags
3563 silly ADD node_modules/jsx-ast-utils
3564 silly ADD node_modules/emoji-regex
3565 silly ADD node_modules/damerau-levenshtein
3566 silly ADD node_modules/axobject-query
3567 silly ADD node_modules/axe-core
3568 silly ADD node_modules/ast-types-flow
3569 silly ADD node_modules/aria-query
3570 silly ADD node_modules/is-symbol
3571 silly ADD node_modules/is-date-object
3572 silly ADD node_modules/has-tostringtag
3573 silly ADD node_modules/possible-typed-array-names
3574 silly ADD node_modules/which-typed-array
3575 silly ADD node_modules/unbox-primitive
3576 silly ADD node_modules/typed-array-length
3577 silly ADD node_modules/typed-array-byte-offset
3578 silly ADD node_modules/typed-array-byte-length
3579 silly ADD node_modules/typed-array-buffer
3580 silly ADD node_modules/string.prototype.trimstart
3581 silly ADD node_modules/string.prototype.trim
3582 silly ADD node_modules/stop-iteration-iterator
3583 silly ADD node_modules/set-proto
3584 silly ADD node_modules/safe-regex-test
3585 silly ADD node_modules/safe-push-apply
3586 silly ADD node_modules/safe-array-concat
3587 silly ADD node_modules/regexp.prototype.flags
3588 silly ADD node_modules/own-keys
3589 silly ADD node_modules/object.assign
3590 silly ADD node_modules/object-inspect
3591 silly ADD node_modules/is-weakref
3592 silly ADD node_modules/is-typed-array
3593 silly ADD node_modules/is-shared-array-buffer
3594 silly ADD node_modules/is-set
3595 silly ADD node_modules/is-regex
3596 silly ADD node_modules/is-negative-zero
3597 silly ADD node_modules/is-data-view
3598 silly ADD node_modules/is-callable
3599 silly ADD node_modules/is-array-buffer
3600 silly ADD node_modules/internal-slot
3601 silly ADD node_modules/has-symbols
3602 silly ADD node_modules/has-proto
3603 silly ADD node_modules/globalthis
3604 silly ADD node_modules/get-symbol-description
3605 silly ADD node_modules/get-proto
3606 silly ADD node_modules/function.prototype.name
3607 silly ADD node_modules/es-to-primitive
3608 silly ADD node_modules/es-set-tostringtag
3609 silly ADD node_modules/data-view-byte-offset
3610 silly ADD node_modules/data-view-byte-length
3611 silly ADD node_modules/data-view-buffer
3612 silly ADD node_modules/available-typed-arrays
3613 silly ADD node_modules/arraybuffer.prototype.slice
3614 silly ADD node_modules/array-buffer-byte-length
3615 silly ADD node_modules/gopd
3616 silly ADD node_modules/object-keys
3617 silly ADD node_modules/has-property-descriptors
3618 silly ADD node_modules/define-data-property
3619 silly ADD node_modules/function-bind
3620 silly ADD node_modules/set-function-length
3621 silly ADD node_modules/es-define-property
3622 silly ADD node_modules/call-bind-apply-helpers
3623 silly ADD node_modules/es-shim-unscopables
3624 silly ADD node_modules/es-errors
3625 silly ADD node_modules/math-intrinsics
3626 silly ADD node_modules/is-string
3627 silly ADD node_modules/get-intrinsic
3628 silly ADD node_modules/es-object-atoms
3629 silly ADD node_modules/es-abstract
3630 silly ADD node_modules/define-properties
3631 silly ADD node_modules/call-bound
3632 silly ADD node_modules/call-bind
3633 silly ADD node_modules/tsconfig-paths
3634 silly ADD node_modules/tsconfig-paths/node_modules/json5
3635 silly ADD node_modules/string.prototype.trimend
3636 silly ADD node_modules/semver
3637 silly ADD node_modules/object.values
3638 silly ADD node_modules/object.groupby
3639 silly ADD node_modules/object.fromentries
3640 silly ADD node_modules/hasown
3641 silly ADD node_modules/eslint-module-utils
3642 silly ADD node_modules/eslint-module-utils/node_modules/debug
3643 silly ADD node_modules/doctrine
3644 silly ADD node_modules/array.prototype.flatmap
3645 silly ADD node_modules/array.prototype.flat
3646 silly ADD node_modules/array.prototype.findlastindex
3647 silly ADD node_modules/array-includes
3648 silly ADD node_modules/@rtsao/scc
3649 silly ADD node_modules/unrs-resolver
3650 silly ADD node_modules/tinyglobby
3651 silly ADD node_modules/tinyglobby/node_modules/picomatch
3652 silly ADD node_modules/tinyglobby/node_modules/fdir
3653 silly ADD node_modules/stable-hash
3654 silly ADD node_modules/is-bun-module
3655 silly ADD node_modules/is-bun-module/node_modules/semver
3656 silly ADD node_modules/get-tsconfig
3657 silly ADD node_modules/@nolyfill/is-core-module
3658 silly ADD node_modules/resolve
3659 silly ADD node_modules/is-core-module
3660 silly ADD node_modules/fast-glob
3661 silly ADD node_modules/fast-glob/node_modules/glob-parent
3662 silly ADD node_modules/typescript-eslint
3663 silly ADD node_modules/eslint-plugin-react-hooks
3664 silly ADD node_modules/eslint-plugin-react
3665 silly ADD node_modules/eslint-plugin-react/node_modules/resolve
3666 silly ADD node_modules/eslint-plugin-jsx-a11y
3667 silly ADD node_modules/eslint-plugin-import
3668 silly ADD node_modules/eslint-plugin-import/node_modules/debug
3669 silly ADD node_modules/eslint-import-resolver-typescript
3670 silly ADD node_modules/eslint-import-resolver-node
3671 silly ADD node_modules/eslint-import-resolver-node/node_modules/debug
3672 silly ADD node_modules/@next/eslint-plugin-next
3673 silly ADD node_modules/ms
3674 silly ADD node_modules/which
3675 silly ADD node_modules/shebang-command
3676 silly ADD node_modules/path-key
3677 silly ADD node_modules/color-name
3678 silly ADD node_modules/color-convert
3679 silly ADD node_modules/supports-color
3680 silly ADD node_modules/ansi-styles
3681 silly ADD node_modules/uri-js
3682 silly ADD node_modules/json-schema-traverse
3683 silly ADD node_modules/fast-json-stable-stringify
3684 silly ADD node_modules/@humanfs/core
3685 silly ADD node_modules/levn
3686 silly ADD node_modules/strip-json-comments
3687 silly ADD node_modules/js-yaml
3688 silly ADD node_modules/import-fresh
3689 silly ADD node_modules/globals
3690 silly ADD node_modules/@types/json-schema
3691 silly ADD node_modules/@eslint/object-schema
3692 silly ADD node_modules/optionator
3693 silly ADD node_modules/natural-compare
3694 silly ADD node_modules/minimatch
3695 silly ADD node_modules/lodash.merge
3696 silly ADD node_modules/json-stable-stringify-without-jsonify
3697 silly ADD node_modules/is-glob
3698 silly ADD node_modules/imurmurhash
3699 silly ADD node_modules/ignore
3700 silly ADD node_modules/glob-parent
3701 silly ADD node_modules/find-up
3702 silly ADD node_modules/file-entry-cache
3703 silly ADD node_modules/fast-deep-equal
3704 silly ADD node_modules/esutils
3705 silly ADD node_modules/esquery
3706 silly ADD node_modules/espree
3707 silly ADD node_modules/eslint-visitor-keys
3708 silly ADD node_modules/eslint-scope
3709 silly ADD node_modules/escape-string-regexp
3710 silly ADD node_modules/debug
3711 silly ADD node_modules/cross-spawn
3712 silly ADD node_modules/chalk
3713 silly ADD node_modules/ajv
3714 silly ADD node_modules/@types/estree
3715 silly ADD node_modules/@humanwhocodes/retry
3716 silly ADD node_modules/@humanwhocodes/module-importer
3717 silly ADD node_modules/@humanfs/node
3718 silly ADD node_modules/@eslint/plugin-kit
3719 silly ADD node_modules/@eslint/js
3720 silly ADD node_modules/@eslint/eslintrc
3721 silly ADD node_modules/@eslint/core
3722 silly ADD node_modules/@eslint/config-helpers
3723 silly ADD node_modules/@eslint/config-array
3724 silly ADD node_modules/@eslint-community/regexpp
3725 silly ADD node_modules/@eslint-community/eslint-utils
3726 silly ADD node_modules/@eslint-community/eslint-utils/node_modules/eslint-visitor-keys
3727 silly ADD node_modules/tapable
3728 silly ADD node_modules/graceful-fs
3729 silly ADD node_modules/csstype
3730 silly ADD node_modules/undici-types
3731 silly ADD node_modules/@tailwindcss/oxide-darwin-arm64
3732 silly ADD node_modules/@jridgewell/resolve-uri
3733 silly ADD node_modules/@jridgewell/sourcemap-codec
3734 silly ADD node_modules/@jridgewell/trace-mapping
3735 silly ADD node_modules/@jridgewell/gen-mapping
3736 silly ADD node_modules/source-map-js
3737 silly ADD node_modules/magic-string
3738 silly ADD node_modules/lightningcss
3739 silly ADD node_modules/jiti
3740 silly ADD node_modules/enhanced-resolve
3741 silly ADD node_modules/@jridgewell/remapping
3742 silly ADD node_modules/postcss
3743 silly ADD node_modules/@tailwindcss/oxide
3744 silly ADD node_modules/@tailwindcss/node
3745 silly ADD node_modules/@alloc/quick-lru
3746 silly ADD node_modules/typescript
3747 silly ADD node_modules/tailwindcss
3748 silly ADD node_modules/react-dom
3749 silly ADD node_modules/react
3750 silly ADD node_modules/next
3751 silly ADD node_modules/next/node_modules/postcss
3752 silly ADD node_modules/eslint-config-next
3753 silly ADD node_modules/eslint-config-next/node_modules/globals
3754 silly ADD node_modules/eslint
3755 silly ADD node_modules/@types/react-dom
3756 silly ADD node_modules/@types/react
3757 silly ADD node_modules/@types/node
3758 silly ADD node_modules/@tailwindcss/postcss
3759 verbose cwd /Users/jason/.openclaw/workspace/lumos/web
3760 verbose os Darwin 23.6.0
3761 verbose node v25.5.0
3762 verbose npm  v11.8.0
3763 verbose exit 0
3764 info ok
